This is LuaHBTeX, Version 1.25.7 (MiKTeX 26.5) (format=lualatex 2026.7.14)  23 JUL 2026 21:04
 restricted system commands enabled.
**Semana12.tex
(./Semana12.tex
LaTeX2e <2026-06-01>
L3 programming layer <2026-06-18>
Lua module: luaotfload 2024-12-03 v3.29 Lua based OpenType font support
Lua module: lualibs 2023-07-13 v2.76 ConTeXt Lua standard libraries.
Lua module: lualibs-extended 2023-07-13 v2.76 ConTeXt Lua libraries -- extended 
collection.
luaotfload | conf : Root cache directory is "C:/Users/Matiu/AppData/Local/MiKTeX
/luatex-cache/generic/names".
luaotfload | init : Loading fontloader "fontloader-2023-12-28.lua" from kpse-res
olved path "C:/Users/Matiu/AppData/Local/Programs/MiKTeX/tex/luatex/luaotfload/f
ontloader-2023-12-28.lua".
Lua-only attribute luaotfload@noligature = 1
luaotfload | init : Context OpenType loader version 3.134
Inserting `luaotfload.node_processor' in `pre_linebreak_filter'.
Inserting `luaotfload.node_processor' in `hpack_filter'.
Inserting `luaotfload.glyph_stream' in `glyph_stream_provider'.
Inserting `luaotfload.define_font' in `define_font'.
Lua-only attribute luaotfload_color_attribute = 2
luaotfload | conf : Root cache directory is "C:/Users/Matiu/AppData/Local/MiKTeX
/luatex-cache/generic/names".
Inserting `luaotfload.harf.strip_prefix' in `find_opentype_file'.
Inserting `luaotfload.harf.strip_prefix' in `find_truetype_file'.
Removing  `luaotfload.glyph_stream' from `glyph_stream_provider'.
Inserting `luaotfload.harf.glyphstream' in `glyph_stream_provider'.
Inserting `luaotfload.harf.finalize_vlist' in `post_linebreak_filter'.
Inserting `luaotfload.harf.finalize_hlist' in `hpack_filter'.
Inserting `luaotfload.cleanup_files' in `wrapup_run'.
Inserting `luaotfload.harf.finalize_unicode' in `finish_pdffile'.
Inserting `luaotfload.glyphinfo' in `glyph_info'.
Lua-only attribute luaotfload.letterspace_done = 3
Inserting `luaotfload.aux.set_sscale_dimens' in `luaotfload.patch_font'.
Inserting `luaotfload.aux.set_font_index' in `luaotfload.patch_font'.
Inserting `luaotfload.aux.patch_cambria_domh' in `luaotfload.patch_font'.
Inserting `luaotfload.aux.fixup_fontdata' in `luaotfload.patch_font_unsafe'.
Inserting `luaotfload.aux.set_capheight' in `luaotfload.patch_font'.
Inserting `luaotfload.aux.set_xheight' in `luaotfload.patch_font'.
Inserting `luaotfload.rewrite_fontname' in `luaotfload.patch_font'.
Inserting `tracingstacklevels' in `input_level_string'.
! Undefined control sequence.
l.5 \chapter
            {Semana 12: Teorema Ergódico de Birkhoff y Caracterización}
The control sequence at the end of the top line
of your error message was never \def'ed. If you have
misspelled it (e.g., `\hobx'), type `I' and the correct
spelling (e.g., `I\hbox'). Otherwise just continue,
and I'll forget about whatever was undefined.


! LaTeX Error: Missing \begin{document}.

See the LaTeX manual or LaTeX Companion for explanation.
Type  H <return>  for immediate help.
 ...                                              
                                                  
l.5 \chapter{S
              emana 12: Teorema Ergódico de Birkhoff y Caracterización}
You're in trouble here.  Try typing  <return>  to proceed.
If that doesn't work, type  X <return>  to quit.

Missing character: There is no S (U+0053) in font nullfont!
Missing character: There is no e (U+0065) in font nullfont!
Missing character: There is no m (U+006D) in font nullfont!
Missing character: There is no a (U+0061) in font nullfont!
Missing character: There is no n (U+006E) in font nullfont!
Missing character: There is no a (U+0061) in font nullfont!
Missing character: There is no S (U+0053) in font nullfont!
Missing character: There is no e (U+0065) in font nullfont!
Missing character: There is no m (U+006D) in font nullfont!
Missing character: There is no a (U+0061) in font nullfont!
Missing character: There is no n (U+006E) in font nullfont!
Missing character: There is no a (U+0061) in font nullfont!
Missing character: There is no 1 (U+0031) in font nullfont!
Missing character: There is no 2 (U+0032) in font nullfont!
Missing character: There is no : (U+003A) in font nullfont!
Missing character: There is no T (U+0054) in font nullfont!
Missing character: There is no e (U+0065) in font nullfont!
Missing character: There is no o (U+006F) in font nullfont!
Missing character: There is no r (U+0072) in font nullfont!
Missing character: There is no e (U+0065) in font nullfont!
Missing character: There is no m (U+006D) in font nullfont!
Missing character: There is no a (U+0061) in font nullfont!
Missing character: There is no E (U+0045) in font nullfont!
Missing character: There is no r (U+0072) in font nullfont!
Missing character: There is no g (U+0067) in font nullfont!
Missing character: There is no ó (U+00F3) in font nullfont!
Missing character: There is no d (U+0064) in font nullfont!
Missing character: There is no i (U+0069) in font nullfont!
Missing character: There is no c (U+0063) in font nullfont!
Missing character: There is no o (U+006F) in font nullfont!
Missing character: There is no d (U+0064) in font nullfont!
Missing character: There is no e (U+0065) in font nullfont!
Missing character: There is no B (U+0042) in font nullfont!
Missing character: There is no i (U+0069) in font nullfont!
Missing character: There is no r (U+0072) in font nullfont!
Missing character: There is no k (U+006B) in font nullfont!
Missing character: There is no h (U+0068) in font nullfont!
Missing character: There is no o (U+006F) in font nullfont!
Missing character: There is no f (U+0066) in font nullfont!
Missing character: There is no f (U+0066) in font nullfont!
Missing character: There is no y (U+0079) in font nullfont!
Missing character: There is no C (U+0043) in font nullfont!
Missing character: There is no a (U+0061) in font nullfont!
Missing character: There is no r (U+0072) in font nullfont!
Missing character: There is no a (U+0061) in font nullfont!
Missing character: There is no c (U+0063) in font nullfont!
Missing character: There is no t (U+0074) in font nullfont!
Missing character: There is no e (U+0065) in font nullfont!
Missing character: There is no r (U+0072) in font nullfont!
Missing character: There is no i (U+0069) in font nullfont!
Missing character: There is no z (U+007A) in font nullfont!
Missing character: There is no a (U+0061) in font nullfont!
Missing character: There is no c (U+0063) in font nullfont!
Missing character: There is no i (U+0069) in font nullfont!
Missing character: There is no ó (U+00F3) in font nullfont!
Missing character: There is no n (U+006E) in font nullfont!
Missing character: There is no S (U+0053) in font nullfont!
Missing character: There is no e (U+0065) in font nullfont!
Missing character: There is no m (U+006D) in font nullfont!
Missing character: There is no a (U+0061) in font nullfont!
Missing character: There is no n (U+006E) in font nullfont!
Missing character: There is no a (U+0061) in font nullfont!

Overfull \hbox (20.0pt too wide) in paragraph at lines 5--6
[]Semana
 []

Missing character: There is no 1 (U+0031) in font nullfont!
Missing character: There is no 2 (U+0032) in font nullfont!
Missing character: There is no : (U+003A) in font nullfont!
Missing character: There is no T (U+0054) in font nullfont!
Missing character: There is no e (U+0065) in font nullfont!
Missing character: There is no o (U+006F) in font nullfont!
Missing character: There is no r (U+0072) in font nullfont!
Missing character: There is no e (U+0065) in font nullfont!
Missing character: There is no m (U+006D) in font nullfont!
Missing character: There is no a (U+0061) in font nullfont!
Missing character: There is no E (U+0045) in font nullfont!
Missing character: There is no r (U+0072) in font nullfont!
Missing character: There is no g (U+0067) in font nullfont!
Missing character: There is no ó (U+00F3) in font nullfont!
Missing character: There is no d (U+0064) in font nullfont!
Missing character: There is no i (U+0069) in font nullfont!
Missing character: There is no c (U+0063) in font nullfont!
Missing character: There is no o (U+006F) in font nullfont!
Missing character: There is no d (U+0064) in font nullfont!
Missing character: There is no e (U+0065) in font nullfont!
Missing character: There is no B (U+0042) in font nullfont!
Missing character: There is no i (U+0069) in font nullfont!
Missing character: There is no r (U+0072) in font nullfont!
Missing character: There is no k (U+006B) in font nullfont!
Missing character: There is no h (U+0068) in font nullfont!
Missing character: There is no o (U+006F) in font nullfont!
Missing character: There is no f (U+0066) in font nullfont!
Missing character: There is no f (U+0066) in font nullfont!
Missing character: There is no y (U+0079) in font nullfont!
Missing character: There is no C (U+0043) in font nullfont!
Missing character: There is no a (U+0061) in font nullfont!
Missing character: There is no r (U+0072) in font nullfont!
Missing character: There is no a (U+0061) in font nullfont!
Missing character: There is no c (U+0063) in font nullfont!
Missing character: There is no t (U+0074) in font nullfont!
Missing character: There is no e (U+0065) in font nullfont!
Missing character: There is no r (U+0072) in font nullfont!
Missing character: There is no i (U+0069) in font nullfont!
Missing character: There is no z (U+007A) in font nullfont!
Missing character: There is no a (U+0061) in font nullfont!
Missing character: There is no c (U+0063) in font nullfont!
Missing character: There is no i (U+0069) in font nullfont!
Missing character: There is no ó (U+00F3) in font nullfont!
Missing character: There is no n (U+006E) in font nullfont!
! Undefined control sequence.
l.7 \section
            {Tiempo Medio de Visita y Motivación}
The control sequence at the end of the top line
of your error message was never \def'ed. If you have
misspelled it (e.g., `\hobx'), type `I' and the correct
spelling (e.g., `I\hbox'). Otherwise just continue,
and I'll forget about whatever was undefined.


! LaTeX Error: Missing \begin{document}.

See the LaTeX manual or LaTeX Companion for explanation.
Type  H <return>  for immediate help.
 ...                                              
                                                  
l.7 \section{T
              iempo Medio de Visita y Motivación}
You're in trouble here.  Try typing  <return>  to proceed.
If that doesn't work, type  X <return>  to quit.

Missing character: There is no T (U+0054) in font nullfont!
Missing character: There is no i (U+0069) in font nullfont!
Missing character: There is no e (U+0065) in font nullfont!
Missing character: There is no m (U+006D) in font nullfont!
Missing character: There is no p (U+0070) in font nullfont!
Missing character: There is no o (U+006F) in font nullfont!
Missing character: There is no T (U+0054) in font nullfont!
Missing character: There is no i (U+0069) in font nullfont!
Missing character: There is no e (U+0065) in font nullfont!
Missing character: There is no m (U+006D) in font nullfont!
Missing character: There is no p (U+0070) in font nullfont!
Missing character: There is no o (U+006F) in font nullfont!
Missing character: There is no M (U+004D) in font nullfont!
Missing character: There is no e (U+0065) in font nullfont!
Missing character: There is no d (U+0064) in font nullfont!
Missing character: There is no i (U+0069) in font nullfont!
Missing character: There is no o (U+006F) in font nullfont!
Missing character: There is no d (U+0064) in font nullfont!
Missing character: There is no e (U+0065) in font nullfont!
Missing character: There is no V (U+0056) in font nullfont!
Missing character: There is no i (U+0069) in font nullfont!
Missing character: There is no s (U+0073) in font nullfont!
Missing character: There is no i (U+0069) in font nullfont!
Missing character: There is no t (U+0074) in font nullfont!
Missing character: There is no a (U+0061) in font nullfont!
Missing character: There is no y (U+0079) in font nullfont!
Missing character: There is no M (U+004D) in font nullfont!
Missing character: There is no o (U+006F) in font nullfont!
Missing character: There is no t (U+0074) in font nullfont!
Missing character: There is no i (U+0069) in font nullfont!
Missing character: There is no v (U+0076) in font nullfont!
Missing character: There is no a (U+0061) in font nullfont!
Missing character: There is no c (U+0063) in font nullfont!
Missing character: There is no i (U+0069) in font nullfont!
Missing character: There is no ó (U+00F3) in font nullfont!
Missing character: There is no n (U+006E) in font nullfont!
Missing character: There is no T (U+0054) in font nullfont!
Missing character: There is no i (U+0069) in font nullfont!
Missing character: There is no e (U+0065) in font nullfont!
Missing character: There is no m (U+006D) in font nullfont!
Missing character: There is no p (U+0070) in font nullfont!
Missing character: There is no o (U+006F) in font nullfont!

Overfull \hbox (20.0pt too wide) in paragraph at lines 7--8
[]Tiempo
 []

Missing character: There is no M (U+004D) in font nullfont!
Missing character: There is no e (U+0065) in font nullfont!
Missing character: There is no d (U+0064) in font nullfont!
Missing character: There is no i (U+0069) in font nullfont!
Missing character: There is no o (U+006F) in font nullfont!
Missing character: There is no d (U+0064) in font nullfont!
Missing character: There is no e (U+0065) in font nullfont!
Missing character: There is no V (U+0056) in font nullfont!
Missing character: There is no i (U+0069) in font nullfont!
Missing character: There is no s (U+0073) in font nullfont!
Missing character: There is no i (U+0069) in font nullfont!
Missing character: There is no t (U+0074) in font nullfont!
Missing character: There is no a (U+0061) in font nullfont!
Missing character: There is no y (U+0079) in font nullfont!
Missing character: There is no M (U+004D) in font nullfont!
Missing character: There is no o (U+006F) in font nullfont!
Missing character: There is no t (U+0074) in font nullfont!
Missing character: There is no i (U+0069) in font nullfont!
Missing character: There is no v (U+0076) in font nullfont!
Missing character: There is no a (U+0061) in font nullfont!
Missing character: There is no c (U+0063) in font nullfont!
Missing character: There is no i (U+0069) in font nullfont!
Missing character: There is no ó (U+00F3) in font nullfont!
Missing character: There is no n (U+006E) in font nullfont!

! LaTeX Error: Environment observacion undefined.

See the LaTeX manual or LaTeX Companion for explanation.
Type  H <return>  for immediate help.
 ...                                              
                                                  
l.9 \begin{observacion}
                       
Your command was ignored.
Type  I <command> <return>  to replace it with another command,
or  <return>  to continue without it.


! LaTeX Error: Missing \begin{document}.

See the LaTeX manual or LaTeX Companion for explanation.
Type  H <return>  for immediate help.
 ...                                              
                                                  
l.10 	S
       ea $(M, \mathcal{B}_M, \mu)$ un espacio de medida finita y $f: M \to ...
You're in trouble here.  Try typing  <return>  to proceed.
If that doesn't work, type  X <return>  to quit.

LaTeX Font Info:    External font `cmex10' loaded for size
(Font)              <7> on input line 10.
LaTeX Font Info:    External font `cmex10' loaded for size
(Font)              <5> on input line 10.
! Undefined control sequence.
l.10 ...$ para infinitos valores de $n \in \mathbb
                                                  {N}$.
The control sequence at the end of the top line
of your error message was never \def'ed. If you have
misspelled it (e.g., `\hobx'), type `I' and the correct
spelling (e.g., `I\hbox'). Otherwise just continue,
and I'll forget about whatever was undefined.

Missing character: There is no S (U+0053) in font nullfont!
Missing character: There is no e (U+0065) in font nullfont!
Missing character: There is no a (U+0061) in font nullfont!
Missing character: There is no S (U+0053) in font nullfont!
Missing character: There is no e (U+0065) in font nullfont!
Missing character: There is no a (U+0061) in font nullfont!
Missing character: There is no u (U+0075) in font nullfont!
Missing character: There is no n (U+006E) in font nullfont!
Missing character: There is no e (U+0065) in font nullfont!
Missing character: There is no s (U+0073) in font nullfont!
Missing character: There is no p (U+0070) in font nullfont!
Missing character: There is no a (U+0061) in font nullfont!
Missing character: There is no c (U+0063) in font nullfont!
Missing character: There is no i (U+0069) in font nullfont!
Missing character: There is no o (U+006F) in font nullfont!
Missing character: There is no d (U+0064) in font nullfont!
Missing character: There is no e (U+0065) in font nullfont!
Missing character: There is no m (U+006D) in font nullfont!
Missing character: There is no e (U+0065) in font nullfont!
Missing character: There is no d (U+0064) in font nullfont!
Missing character: There is no i (U+0069) in font nullfont!
Missing character: There is no d (U+0064) in font nullfont!
Missing character: There is no a (U+0061) in font nullfont!
Missing character: There is no f (U+0066) in font nullfont!
Missing character: There is no i (U+0069) in font nullfont!
Missing character: There is no n (U+006E) in font nullfont!
Missing character: There is no i (U+0069) in font nullfont!
Missing character: There is no t (U+0074) in font nullfont!
Missing character: There is no a (U+0061) in font nullfont!
Missing character: There is no y (U+0079) in font nullfont!
Missing character: There is no u (U+0075) in font nullfont!
Missing character: There is no n (U+006E) in font nullfont!
Missing character: There is no a (U+0061) in font nullfont!
Missing character: There is no a (U+0061) in font nullfont!
Missing character: There is no p (U+0070) in font nullfont!
Missing character: There is no l (U+006C) in font nullfont!
Missing character: There is no i (U+0069) in font nullfont!
Missing character: There is no c (U+0063) in font nullfont!
Missing character: There is no a (U+0061) in font nullfont!
Missing character: There is no c (U+0063) in font nullfont!
Missing character: There is no i (U+0069) in font nullfont!
Missing character: There is no ó (U+00F3) in font nullfont!
Missing character: There is no n (U+006E) in font nullfont!
Missing character: There is no m (U+006D) in font nullfont!
Missing character: There is no e (U+0065) in font nullfont!
Missing character: There is no d (U+0064) in font nullfont!
Missing character: There is no i (U+0069) in font nullfont!
Missing character: There is no b (U+0062) in font nullfont!
Missing character: There is no l (U+006C) in font nullfont!
Missing character: There is no e (U+0065) in font nullfont!
Missing character: There is no q (U+0071) in font nullfont!
Missing character: There is no u (U+0075) in font nullfont!
Missing character: There is no e (U+0065) in font nullfont!
Missing character: There is no p (U+0070) in font nullfont!
Missing character: There is no r (U+0072) in font nullfont!
Missing character: There is no e (U+0065) in font nullfont!
Missing character: There is no s (U+0073) in font nullfont!
Missing character: There is no e (U+0065) in font nullfont!
Missing character: There is no r (U+0072) in font nullfont!
Missing character: There is no v (U+0076) in font nullfont!
Missing character: There is no a (U+0061) in font nullfont!
Missing character: There is no . (U+002E) in font nullfont!
Missing character: There is no S (U+0053) in font nullfont!
Missing character: There is no e (U+0065) in font nullfont!
Missing character: There is no a (U+0061) in font nullfont!
Missing character: There is no c (U+0063) in font nullfont!
Missing character: There is no o (U+006F) in font nullfont!
Missing character: There is no n (U+006E) in font nullfont!
Missing character: There is no . (U+002E) in font nullfont!
Missing character: There is no P (U+0050) in font nullfont!
Missing character: There is no o (U+006F) in font nullfont!
Missing character: There is no r (U+0072) in font nullfont!
Missing character: There is no e (U+0065) in font nullfont!
Missing character: There is no l (U+006C) in font nullfont!
Missing character: There is no T (U+0054) in font nullfont!
Missing character: There is no e (U+0065) in font nullfont!
Missing character: There is no o (U+006F) in font nullfont!
Missing character: There is no r (U+0072) in font nullfont!
Missing character: There is no e (U+0065) in font nullfont!
Missing character: There is no m (U+006D) in font nullfont!
Missing character: There is no a (U+0061) in font nullfont!
Missing character: There is no d (U+0064) in font nullfont!
Missing character: There is no e (U+0065) in font nullfont!
Missing character: There is no R (U+0052) in font nullfont!
Missing character: There is no e (U+0065) in font nullfont!
Missing character: There is no c (U+0063) in font nullfont!
Missing character: There is no u (U+0075) in font nullfont!
Missing character: There is no r (U+0072) in font nullfont!
Missing character: There is no r (U+0072) in font nullfont!
Missing character: There is no e (U+0065) in font nullfont!
Missing character: There is no n (U+006E) in font nullfont!
Missing character: There is no c (U+0063) in font nullfont!
Missing character: There is no i (U+0069) in font nullfont!
Missing character: There is no a (U+0061) in font nullfont!
Missing character: There is no d (U+0064) in font nullfont!
Missing character: There is no e (U+0065) in font nullfont!
Missing character: There is no P (U+0050) in font nullfont!
Missing character: There is no o (U+006F) in font nullfont!
Missing character: There is no i (U+0069) in font nullfont!
Missing character: There is no n (U+006E) in font nullfont!
Missing character: There is no c (U+0063) in font nullfont!
Missing character: There is no a (U+0061) in font nullfont!
Missing character: There is no r (U+0072) in font nullfont!
Missing character: There is no é (U+00E9) in font nullfont!
Missing character: There is no , (U+002C) in font nullfont!
Missing character: There is no p (U+0070) in font nullfont!
Missing character: There is no a (U+0061) in font nullfont!
Missing character: There is no r (U+0072) in font nullfont!
Missing character: There is no a (U+0061) in font nullfont!
Missing character: There is no - (U+002D) in font nullfont!
Missing character: There is no - (U+002D) in font nullfont!
Missing character: There is no - (U+002D) in font nullfont!
Missing character: There is no c (U+0063) in font nullfont!
Missing character: There is no . (U+002E) in font nullfont!
Missing character: There is no t (U+0074) in font nullfont!
Missing character: There is no . (U+002E) in font nullfont!
Missing character: There is no p (U+0070) in font nullfont!
Missing character: There is no . (U+002E) in font nullfont!
Missing character: There is no , (U+002C) in font nullfont!
Missing character: There is no s (U+0073) in font nullfont!
Missing character: There is no e (U+0065) in font nullfont!
Missing character: There is no t (U+0074) in font nullfont!
Missing character: There is no i (U+0069) in font nullfont!
Missing character: There is no e (U+0065) in font nullfont!
Missing character: There is no n (U+006E) in font nullfont!
Missing character: There is no e (U+0065) in font nullfont!
Missing character: There is no q (U+0071) in font nullfont!
Missing character: There is no u (U+0075) in font nullfont!
Missing character: There is no e (U+0065) in font nullfont!
Missing character: There is no p (U+0070) in font nullfont!
Missing character: There is no a (U+0061) in font nullfont!
Missing character: There is no r (U+0072) in font nullfont!
Missing character: There is no a (U+0061) in font nullfont!
Missing character: There is no i (U+0069) in font nullfont!
Missing character: There is no n (U+006E) in font nullfont!
Missing character: There is no f (U+0066) in font nullfont!
Missing character: There is no i (U+0069) in font nullfont!
Missing character: There is no n (U+006E) in font nullfont!
Missing character: There is no i (U+0069) in font nullfont!
Missing character: There is no t (U+0074) in font nullfont!
Missing character: There is no o (U+006F) in font nullfont!
Missing character: There is no s (U+0073) in font nullfont!
Missing character: There is no v (U+0076) in font nullfont!
Missing character: There is no a (U+0061) in font nullfont!
Missing character: There is no l (U+006C) in font nullfont!
Missing character: There is no o (U+006F) in font nullfont!
Missing character: There is no r (U+0072) in font nullfont!
Missing character: There is no e (U+0065) in font nullfont!
Missing character: There is no s (U+0073) in font nullfont!
Missing character: There is no d (U+0064) in font nullfont!
Missing character: There is no e (U+0065) in font nullfont!
Missing character: There is no . (U+002E) in font nullfont!
Missing character: There is no S (U+0053) in font nullfont!
Missing character: There is no e (U+0065) in font nullfont!
Missing character: There is no a (U+0061) in font nullfont!

Overfull \hbox (20.0pt too wide) in paragraph at lines 10--11
[]Sea
 []


Overfull \hbox (48.3727pt too wide) in paragraph at lines 10--11
\OT1/cmr/m/n/10 (\OML/cmm/m/it/10 M; \OMS/cmsy/m/n/10 B[]\OML/cmm/m/it/10 ; \O
T1/cmr/m/n/10 )$
 []

Missing character: There is no u (U+0075) in font nullfont!
Missing character: There is no n (U+006E) in font nullfont!
Missing character: There is no e (U+0065) in font nullfont!
Missing character: There is no s (U+0073) in font nullfont!
Missing character: There is no p (U+0070) in font nullfont!
Missing character: There is no a (U+0061) in font nullfont!
Missing character: There is no c (U+0063) in font nullfont!
Missing character: There is no i (U+0069) in font nullfont!
Missing character: There is no o (U+006F) in font nullfont!
Missing character: There is no d (U+0064) in font nullfont!
Missing character: There is no e (U+0065) in font nullfont!
Missing character: There is no m (U+006D) in font nullfont!
Missing character: There is no e (U+0065) in font nullfont!
Missing character: There is no d (U+0064) in font nullfont!
Missing character: There is no i (U+0069) in font nullfont!
Missing character: There is no d (U+0064) in font nullfont!
Missing character: There is no a (U+0061) in font nullfont!
Missing character: There is no f (U+0066) in font nullfont!
Missing character: There is no i (U+0069) in font nullfont!
Missing character: There is no n (U+006E) in font nullfont!
Missing character: There is no i (U+0069) in font nullfont!
Missing character: There is no t (U+0074) in font nullfont!
Missing character: There is no a (U+0061) in font nullfont!
Missing character: There is no y (U+0079) in font nullfont!

Overfull \hbox (11.52776pt too wide) in paragraph at lines 10--11
\OML/cmm/m/it/10 f \OT1/cmr/m/n/10 :
 []


Overfull \hbox (23.56938pt too wide) in paragraph at lines 10--11
\OML/cmm/m/it/10 M \OMS/cmsy/m/n/10 !
 []


Overfull \hbox (10.79166pt too wide) in paragraph at lines 10--11
\OML/cmm/m/it/10 M$
 []

Missing character: There is no u (U+0075) in font nullfont!
Missing character: There is no n (U+006E) in font nullfont!
Missing character: There is no a (U+0061) in font nullfont!
Missing character: There is no a (U+0061) in font nullfont!
Missing character: There is no p (U+0070) in font nullfont!
Missing character: There is no l (U+006C) in font nullfont!
Missing character: There is no i (U+0069) in font nullfont!
Missing character: There is no c (U+0063) in font nullfont!
Missing character: There is no a (U+0061) in font nullfont!
Missing character: There is no c (U+0063) in font nullfont!
Missing character: There is no i (U+0069) in font nullfont!
Missing character: There is no ó (U+00F3) in font nullfont!
Missing character: There is no n (U+006E) in font nullfont!
Missing character: There is no m (U+006D) in font nullfont!
Missing character: There is no e (U+0065) in font nullfont!
Missing character: There is no d (U+0064) in font nullfont!
Missing character: There is no i (U+0069) in font nullfont!
Missing character: There is no b (U+0062) in font nullfont!
Missing character: There is no l (U+006C) in font nullfont!
Missing character: There is no e (U+0065) in font nullfont!
Missing character: There is no q (U+0071) in font nullfont!
Missing character: There is no u (U+0075) in font nullfont!
Missing character: There is no e (U+0065) in font nullfont!
Missing character: There is no p (U+0070) in font nullfont!
Missing character: There is no r (U+0072) in font nullfont!
Missing character: There is no e (U+0065) in font nullfont!
Missing character: There is no s (U+0073) in font nullfont!
Missing character: There is no e (U+0065) in font nullfont!
Missing character: There is no r (U+0072) in font nullfont!
Missing character: There is no v (U+0076) in font nullfont!
Missing character: There is no a (U+0061) in font nullfont!
Missing character: There is no . (U+002E) in font nullfont!

Overfull \hbox (6.02548pt too wide) in paragraph at lines 10--11
\OML/cmm/m/it/10 $\nullfont .
 []

Missing character: There is no S (U+0053) in font nullfont!
Missing character: There is no e (U+0065) in font nullfont!
Missing character: There is no a (U+0061) in font nullfont!

Overfull \hbox (17.40271pt too wide) in paragraph at lines 10--11
\OML/cmm/m/it/10 E \OMS/cmsy/m/n/10 2
 []


Overfull \hbox (15.44449pt too wide) in paragraph at lines 10--11
\OMS/cmsy/m/n/10 B[]$
 []

Missing character: There is no c (U+0063) in font nullfont!
Missing character: There is no o (U+006F) in font nullfont!
Missing character: There is no n (U+006E) in font nullfont!

Overfull \hbox (32.31711pt too wide) in paragraph at lines 10--11
\OML/cmm/m/it/10 \OT1/cmr/m/n/10 (\OML/cmm/m/it/10 E\OT1/cmr/m/n/10 ) \OML/cmm
/m/it/10 >
 []

Missing character: There is no . (U+002E) in font nullfont!

Overfull \hbox (5.00002pt too wide) in paragraph at lines 10--11
\OT1/cmr/m/n/10 0$\nullfont .
 []

Missing character: There is no P (U+0050) in font nullfont!
Missing character: There is no o (U+006F) in font nullfont!
Missing character: There is no r (U+0072) in font nullfont!
Missing character: There is no e (U+0065) in font nullfont!
Missing character: There is no l (U+006C) in font nullfont!
Missing character: There is no T (U+0054) in font nullfont!
Missing character: There is no e (U+0065) in font nullfont!
Missing character: There is no o (U+006F) in font nullfont!
Missing character: There is no r (U+0072) in font nullfont!
Missing character: There is no e (U+0065) in font nullfont!
Missing character: There is no m (U+006D) in font nullfont!
Missing character: There is no a (U+0061) in font nullfont!
Missing character: There is no d (U+0064) in font nullfont!
Missing character: There is no e (U+0065) in font nullfont!
Missing character: There is no R (U+0052) in font nullfont!
Missing character: There is no e (U+0065) in font nullfont!
Missing character: There is no c (U+0063) in font nullfont!
Missing character: There is no u (U+0075) in font nullfont!
Missing character: There is no r (U+0072) in font nullfont!
Missing character: There is no r (U+0072) in font nullfont!
Missing character: There is no e (U+0065) in font nullfont!
Missing character: There is no n (U+006E) in font nullfont!
Missing character: There is no c (U+0063) in font nullfont!
Missing character: There is no i (U+0069) in font nullfont!
Missing character: There is no a (U+0061) in font nullfont!
Missing character: There is no d (U+0064) in font nullfont!
Missing character: There is no e (U+0065) in font nullfont!
Missing character: There is no P (U+0050) in font nullfont!
Missing character: There is no o (U+006F) in font nullfont!
Missing character: There is no i (U+0069) in font nullfont!
Missing character: There is no n (U+006E) in font nullfont!
Missing character: There is no c (U+0063) in font nullfont!
Missing character: There is no a (U+0061) in font nullfont!
Missing character: There is no r (U+0072) in font nullfont!
Missing character: There is no é (U+00E9) in font nullfont!
Missing character: There is no , (U+002C) in font nullfont!
Missing character: There is no p (U+0070) in font nullfont!
Missing character: There is no a (U+0061) in font nullfont!
Missing character: There is no r (U+0072) in font nullfont!
Missing character: There is no a (U+0061) in font nullfont!
Missing character: There is no - (U+002D) in font nullfont!

Overfull \hbox (6.02548pt too wide) in paragraph at lines 10--11
\OML/cmm/m/it/10 $\nullfont -
 []

Missing character: There is no c (U+0063) in font nullfont!
Missing character: There is no . (U+002E) in font nullfont!
Missing character: There is no t (U+0074) in font nullfont!
Missing character: There is no . (U+002E) in font nullfont!
Missing character: There is no p (U+0070) in font nullfont!
Missing character: There is no . (U+002E) in font nullfont!

Overfull \hbox (15.15967pt too wide) in paragraph at lines 10--11
\OML/cmm/m/it/10 x \OMS/cmsy/m/n/10 2
 []

Missing character: There is no , (U+002C) in font nullfont!

Overfull \hbox (7.95831pt too wide) in paragraph at lines 10--11
\OML/cmm/m/it/10 E$\nullfont ,
 []

Missing character: There is no s (U+0073) in font nullfont!
Missing character: There is no e (U+0065) in font nullfont!
Missing character: There is no t (U+0074) in font nullfont!
Missing character: There is no i (U+0069) in font nullfont!
Missing character: There is no e (U+0065) in font nullfont!
Missing character: There is no n (U+006E) in font nullfont!
Missing character: There is no e (U+0065) in font nullfont!
Missing character: There is no q (U+0071) in font nullfont!
Missing character: There is no u (U+0075) in font nullfont!
Missing character: There is no e (U+0065) in font nullfont!

Overfull \hbox (34.35306pt too wide) in paragraph at lines 10--11
\OML/cmm/m/it/10 f[]\OT1/cmr/m/n/10 (\OML/cmm/m/it/10 x\OT1/cmr/m/n/10 ) \OMS/c
msy/m/n/10 2
 []


Overfull \hbox (7.95831pt too wide) in paragraph at lines 10--11
\OML/cmm/m/it/10 E$
 []

Missing character: There is no p (U+0070) in font nullfont!
Missing character: There is no a (U+0061) in font nullfont!
Missing character: There is no r (U+0072) in font nullfont!
Missing character: There is no a (U+0061) in font nullfont!
Missing character: There is no i (U+0069) in font nullfont!
Missing character: There is no n (U+006E) in font nullfont!
Missing character: There is no f (U+0066) in font nullfont!
Missing character: There is no i (U+0069) in font nullfont!
Missing character: There is no n (U+006E) in font nullfont!
Missing character: There is no i (U+0069) in font nullfont!
Missing character: There is no t (U+0074) in font nullfont!
Missing character: There is no o (U+006F) in font nullfont!
Missing character: There is no s (U+0073) in font nullfont!
Missing character: There is no v (U+0076) in font nullfont!
Missing character: There is no a (U+0061) in font nullfont!
Missing character: There is no l (U+006C) in font nullfont!
Missing character: There is no o (U+006F) in font nullfont!
Missing character: There is no r (U+0072) in font nullfont!
Missing character: There is no e (U+0065) in font nullfont!
Missing character: There is no s (U+0073) in font nullfont!
Missing character: There is no d (U+0064) in font nullfont!
Missing character: There is no e (U+0065) in font nullfont!

Overfull \hbox (15.44675pt too wide) in paragraph at lines 10--11
\OML/cmm/m/it/10 n \OMS/cmsy/m/n/10 2
 []

Missing character: There is no . (U+002E) in font nullfont!

Overfull \hbox (9.12497pt too wide) in paragraph at lines 10--11
\OML/cmm/m/it/10 N$\nullfont . 
 []


! LaTeX Error: Missing \begin{document}.

See the LaTeX manual or LaTeX Companion for explanation.
Type  H <return>  for immediate help.
 ...                                              
                                                  
l.12 	L
       lamamos \textbf{tiempo medio de visita} de $x$ a $E$ al valor del lí...
You're in trouble here.  Try typing  <return>  to proceed.
If that doesn't work, type  X <return>  to quit.

luaotfload | db : Font names database loaded from C:/Users/Matiu/AppData/Local/M
iKTeX/luatex-cache/generic/names/luaotfload-names.luc.gz
Missing character: There is no L (U+004C) in font nullfont!
Missing character: There is no l (U+006C) in font nullfont!
Missing character: There is no a (U+0061) in font nullfont!
Missing character: There is no m (U+006D) in font nullfont!
Missing character: There is no a (U+0061) in font nullfont!
Missing character: There is no m (U+006D) in font nullfont!
Missing character: There is no o (U+006F) in font nullfont!
Missing character: There is no s (U+0073) in font nullfont!
Missing character: There is no L (U+004C) in font nullfont!
Missing character: There is no l (U+006C) in font nullfont!
Missing character: There is no a (U+0061) in font nullfont!
Missing character: There is no m (U+006D) in font nullfont!
Missing character: There is no a (U+0061) in font nullfont!
Missing character: There is no m (U+006D) in font nullfont!
Missing character: There is no o (U+006F) in font nullfont!
Missing character: There is no s (U+0073) in font nullfont!
Missing character: There is no d (U+0064) in font nullfont!
Missing character: There is no e (U+0065) in font nullfont!
Missing character: There is no a (U+0061) in font nullfont!
Missing character: There is no a (U+0061) in font nullfont!
Missing character: There is no l (U+006C) in font nullfont!
Missing character: There is no v (U+0076) in font nullfont!
Missing character: There is no a (U+0061) in font nullfont!
Missing character: There is no l (U+006C) in font nullfont!
Missing character: There is no o (U+006F) in font nullfont!
Missing character: There is no r (U+0072) in font nullfont!
Missing character: There is no d (U+0064) in font nullfont!
Missing character: There is no e (U+0065) in font nullfont!
Missing character: There is no l (U+006C) in font nullfont!
Missing character: There is no l (U+006C) in font nullfont!
Missing character: There is no í (U+00ED) in font nullfont!
Missing character: There is no m (U+006D) in font nullfont!
Missing character: There is no i (U+0069) in font nullfont!
Missing character: There is no t (U+0074) in font nullfont!
Missing character: There is no e (U+0065) in font nullfont!
Missing character: There is no : (U+003A) in font nullfont!
Missing character: There is no L (U+004C) in font nullfont!
Missing character: There is no l (U+006C) in font nullfont!
Missing character: There is no a (U+0061) in font nullfont!
Missing character: There is no m (U+006D) in font nullfont!
Missing character: There is no a (U+0061) in font nullfont!
Missing character: There is no m (U+006D) in font nullfont!
Missing character: There is no o (U+006F) in font nullfont!
Missing character: There is no s (U+0073) in font nullfont!

Overfull \hbox (20.0pt too wide) in paragraph at lines 12--13
[]Llamamos
 []


Overfull \hbox (34.97002pt too wide) in paragraph at lines 12--13
\TU/lmr/bx/n/10 tiempo
 []


Overfull \hbox (30.18001pt too wide) in paragraph at lines 12--13
\TU/lmr/bx/n/10 medio
 []


Overfull \hbox (11.66pt too wide) in paragraph at lines 12--13
\TU/lmr/bx/n/10 de
 []


Overfull \hbox (27.05pt too wide) in paragraph at lines 12--13
\TU/lmr/bx/n/10 visita
 []

Missing character: There is no d (U+0064) in font nullfont!
Missing character: There is no e (U+0065) in font nullfont!

Overfull \hbox (5.71527pt too wide) in paragraph at lines 12--13
\OML/cmm/m/it/10 x$
 []

Missing character: There is no a (U+0061) in font nullfont!

Overfull \hbox (7.95831pt too wide) in paragraph at lines 12--13
\OML/cmm/m/it/10 E$
 []

Missing character: There is no a (U+0061) in font nullfont!
Missing character: There is no l (U+006C) in font nullfont!
Missing character: There is no v (U+0076) in font nullfont!
Missing character: There is no a (U+0061) in font nullfont!
Missing character: There is no l (U+006C) in font nullfont!
Missing character: There is no o (U+006F) in font nullfont!
Missing character: There is no r (U+0072) in font nullfont!
Missing character: There is no d (U+0064) in font nullfont!
Missing character: There is no e (U+0065) in font nullfont!
Missing character: There is no l (U+006C) in font nullfont!
Missing character: There is no l (U+006C) in font nullfont!
Missing character: There is no í (U+00ED) in font nullfont!
Missing character: There is no m (U+006D) in font nullfont!
Missing character: There is no i (U+0069) in font nullfont!
Missing character: There is no t (U+0074) in font nullfont!
Missing character: There is no e (U+0065) in font nullfont!
Missing character: There is no : (U+003A) in font nullfont!

Overfull \hbox (201.35231pt too wide) detected at line 13
\OML/cmm/m/it/10 \OT1/cmr/m/n/10 (\OML/cmm/m/it/10 x; E\OT1/cmr/m/n/10 ) = [] 
[]#\OMS/cmsy/m/n/10 f\OT1/cmr/m/n/10 0 \OMS/cmsy/m/n/10  \OML/cmm/m/it/10 j \O
MS/cmsy/m/n/10  \OML/cmm/m/it/10 n \OMS/cmsy/m/n/10 ^^@ \OT1/cmr/m/n/10 1 : \O
ML/cmm/m/it/10 f[]\OT1/cmr/m/n/10 (\OML/cmm/m/it/10 x\OT1/cmr/m/n/10 ) \OMS/cms
y/m/n/10 2 \OML/cmm/m/it/10 E\OMS/cmsy/m/n/10 g
 []


! LaTeX Error: \begin{document} ended by \end{observacion}.

See the LaTeX manual or LaTeX Companion for explanation.
Type  H <return>  for immediate help.
 ...                                              
                                                  
l.15 \end{observacion}
                      
Your command was ignored.
Type  I <command> <return>  to replace it with another command,
or  <return>  to continue without it.

Missing character: There is no e (U+0065) in font nullfont!
Missing character: There is no l (U+006C) in font nullfont!
Missing character: There is no c (U+0063) in font nullfont!
Missing character: There is no u (U+0075) in font nullfont!
Missing character: There is no a (U+0061) in font nullfont!
Missing character: There is no l (U+006C) in font nullfont!
Missing character: There is no c (U+0063) in font nullfont!
Missing character: There is no u (U+0075) in font nullfont!
Missing character: There is no a (U+0061) in font nullfont!
Missing character: There is no n (U+006E) in font nullfont!
Missing character: There is no t (U+0074) in font nullfont!
Missing character: There is no i (U+0069) in font nullfont!
Missing character: There is no f (U+0066) in font nullfont!
Missing character: There is no i (U+0069) in font nullfont!
Missing character: There is no c (U+0063) in font nullfont!
Missing character: There is no a (U+0061) in font nullfont!
Missing character: There is no c (U+0063) in font nullfont!
Missing character: There is no u (U+0075) in font nullfont!
Missing character: There is no á (U+00E1) in font nullfont!
Missing character: There is no n (U+006E) in font nullfont!
Missing character: There is no t (U+0074) in font nullfont!
Missing character: There is no a (U+0061) in font nullfont!
Missing character: There is no s (U+0073) in font nullfont!
Missing character: There is no v (U+0076) in font nullfont!
Missing character: There is no e (U+0065) in font nullfont!
Missing character: There is no c (U+0063) in font nullfont!
Missing character: There is no e (U+0065) in font nullfont!
Missing character: There is no s (U+0073) in font nullfont!
Missing character: There is no r (U+0072) in font nullfont!
Missing character: There is no e (U+0065) in font nullfont!
Missing character: There is no t (U+0074) in font nullfont!
Missing character: There is no o (U+006F) in font nullfont!
Missing character: There is no r (U+0072) in font nullfont!
Missing character: There is no n (U+006E) in font nullfont!
Missing character: There is no a (U+0061) in font nullfont!
Missing character: There is no e (U+0065) in font nullfont!
Missing character: There is no l (U+006C) in font nullfont!
Missing character: There is no c (U+0063) in font nullfont!
Missing character: There is no u (U+0075) in font nullfont!
Missing character: There is no a (U+0061) in font nullfont!
Missing character: There is no l (U+006C) in font nullfont!
Missing character: There is no c (U+0063) in font nullfont!
Missing character: There is no u (U+0075) in font nullfont!
Missing character: There is no a (U+0061) in font nullfont!
Missing character: There is no n (U+006E) in font nullfont!
Missing character: There is no t (U+0074) in font nullfont!
Missing character: There is no i (U+0069) in font nullfont!
Missing character: There is no f (U+0066) in font nullfont!
Missing character: There is no i (U+0069) in font nullfont!
Missing character: There is no c (U+0063) in font nullfont!
Missing character: There is no a (U+0061) in font nullfont!
Missing character: There is no c (U+0063) in font nullfont!
Missing character: There is no u (U+0075) in font nullfont!
Missing character: There is no á (U+00E1) in font nullfont!
Missing character: There is no n (U+006E) in font nullfont!
Missing character: There is no t (U+0074) in font nullfont!
Missing character: There is no a (U+0061) in font nullfont!
Missing character: There is no s (U+0073) in font nullfont!
Missing character: There is no v (U+0076) in font nullfont!
Missing character: There is no e (U+0065) in font nullfont!
Missing character: There is no c (U+0063) in font nullfont!
Missing character: There is no e (U+0065) in font nullfont!
Missing character: There is no s (U+0073) in font nullfont!
Missing character: There is no r (U+0072) in font nullfont!
Missing character: There is no e (U+0065) in font nullfont!
Missing character: There is no t (U+0074) in font nullfont!
Missing character: There is no o (U+006F) in font nullfont!
Missing character: There is no r (U+0072) in font nullfont!
Missing character: There is no n (U+006E) in font nullfont!
Missing character: There is no a (U+0061) in font nullfont!
Missing character: There is no a (U+0061) in font nullfont!
Missing character: There is no e (U+0065) in font nullfont!
Missing character: There is no n (U+006E) in font nullfont!
Missing character: There is no e (U+0065) in font nullfont!
Missing character: There is no l (U+006C) in font nullfont!
Missing character: There is no i (U+0069) in font nullfont!
Missing character: There is no n (U+006E) in font nullfont!
Missing character: There is no t (U+0074) in font nullfont!
Missing character: There is no e (U+0065) in font nullfont!
Missing character: There is no r (U+0072) in font nullfont!
Missing character: There is no v (U+0076) in font nullfont!
Missing character: There is no a (U+0061) in font nullfont!
Missing character: There is no l (U+006C) in font nullfont!
Missing character: There is no o (U+006F) in font nullfont!
Missing character: There is no d (U+0064) in font nullfont!
Missing character: There is no e (U+0065) in font nullfont!
Missing character: There is no i (U+0069) in font nullfont!
Missing character: There is no t (U+0074) in font nullfont!
Missing character: There is no e (U+0065) in font nullfont!
Missing character: There is no r (U+0072) in font nullfont!
Missing character: There is no a (U+0061) in font nullfont!
Missing character: There is no c (U+0063) in font nullfont!
Missing character: There is no i (U+0069) in font nullfont!
Missing character: There is no o (U+006F) in font nullfont!
Missing character: There is no n (U+006E) in font nullfont!
Missing character: There is no e (U+0065) in font nullfont!
Missing character: There is no s (U+0073) in font nullfont!
Missing character: There is no d (U+0064) in font nullfont!
Missing character: There is no e (U+0065) in font nullfont!
Missing character: There is no a (U+0061) in font nullfont!
Missing character: There is no . (U+002E) in font nullfont!
Missing character: There is no e (U+0065) in font nullfont!
Missing character: There is no l (U+006C) in font nullfont!
Missing character: There is no c (U+0063) in font nullfont!
Missing character: There is no u (U+0075) in font nullfont!
Missing character: There is no a (U+0061) in font nullfont!
Missing character: There is no l (U+006C) in font nullfont!
Missing character: There is no c (U+0063) in font nullfont!
Missing character: There is no u (U+0075) in font nullfont!
Missing character: There is no a (U+0061) in font nullfont!
Missing character: There is no n (U+006E) in font nullfont!
Missing character: There is no t (U+0074) in font nullfont!
Missing character: There is no i (U+0069) in font nullfont!
Missing character: There is no f (U+0066) in font nullfont!
Missing character: There is no i (U+0069) in font nullfont!
Missing character: There is no c (U+0063) in font nullfont!
Missing character: There is no a (U+0061) in font nullfont!
Missing character: There is no c (U+0063) in font nullfont!
Missing character: There is no u (U+0075) in font nullfont!
Missing character: There is no á (U+00E1) in font nullfont!
Missing character: There is no n (U+006E) in font nullfont!
Missing character: There is no t (U+0074) in font nullfont!
Missing character: There is no a (U+0061) in font nullfont!
Missing character: There is no s (U+0073) in font nullfont!
Missing character: There is no v (U+0076) in font nullfont!
Missing character: There is no e (U+0065) in font nullfont!
Missing character: There is no c (U+0063) in font nullfont!
Missing character: There is no e (U+0065) in font nullfont!
Missing character: There is no s (U+0073) in font nullfont!
Missing character: There is no r (U+0072) in font nullfont!
Missing character: There is no e (U+0065) in font nullfont!
Missing character: There is no t (U+0074) in font nullfont!
Missing character: There is no o (U+006F) in font nullfont!
Missing character: There is no r (U+0072) in font nullfont!
Missing character: There is no n (U+006E) in font nullfont!
Missing character: There is no a (U+0061) in font nullfont!

Overfull \hbox (5.71527pt too wide) in paragraph at lines 13--16
\OML/cmm/m/it/10 x$
 []

Missing character: There is no a (U+0061) in font nullfont!

Overfull \hbox (7.95831pt too wide) in paragraph at lines 13--16
\OML/cmm/m/it/10 E$
 []

Missing character: There is no e (U+0065) in font nullfont!
Missing character: There is no n (U+006E) in font nullfont!
Missing character: There is no e (U+0065) in font nullfont!
Missing character: There is no l (U+006C) in font nullfont!
Missing character: There is no i (U+0069) in font nullfont!
Missing character: There is no n (U+006E) in font nullfont!
Missing character: There is no t (U+0074) in font nullfont!
Missing character: There is no e (U+0065) in font nullfont!
Missing character: There is no r (U+0072) in font nullfont!
Missing character: There is no v (U+0076) in font nullfont!
Missing character: There is no a (U+0061) in font nullfont!
Missing character: There is no l (U+006C) in font nullfont!
Missing character: There is no o (U+006F) in font nullfont!
Missing character: There is no d (U+0064) in font nullfont!
Missing character: There is no e (U+0065) in font nullfont!
Missing character: There is no i (U+0069) in font nullfont!
Missing character: There is no t (U+0074) in font nullfont!
Missing character: There is no e (U+0065) in font nullfont!
Missing character: There is no r (U+0072) in font nullfont!
Missing character: There is no a (U+0061) in font nullfont!
Missing character: There is no c (U+0063) in font nullfont!
Missing character: There is no i (U+0069) in font nullfont!
Missing character: There is no o (U+006F) in font nullfont!
Missing character: There is no n (U+006E) in font nullfont!
Missing character: There is no e (U+0065) in font nullfont!
Missing character: There is no s (U+0073) in font nullfont!
Missing character: There is no d (U+0064) in font nullfont!
Missing character: There is no e (U+0065) in font nullfont!

Overfull \hbox (5.00002pt too wide) in paragraph at lines 13--16
\OT1/cmr/m/n/10 0$
 []

Missing character: There is no a (U+0061) in font nullfont!

Overfull \hbox (13.78015pt too wide) in paragraph at lines 13--16
\OML/cmm/m/it/10 n \OMS/cmsy/m/n/10 ^^@
 []

Missing character: There is no . (U+002E) in font nullfont!

Overfull \hbox (5.00002pt too wide) in paragraph at lines 13--16
\OT1/cmr/m/n/10 1$\nullfont .
 []


! LaTeX Error: Missing \begin{document}.

See the LaTeX manual or LaTeX Companion for explanation.
Type  H <return>  for immediate help.
 ...                                              
                                                  
l.17 ¿
       El límite anterior existe siempre? La respuesta es \textbf{no siempr...
You're in trouble here.  Try typing  <return>  to proceed.
If that doesn't work, type  X <return>  to quit.

Missing character: There is no ¿ (U+00BF) in font nullfont!
Missing character: There is no E (U+0045) in font nullfont!
Missing character: There is no l (U+006C) in font nullfont!
Missing character: There is no ¿ (U+00BF) in font nullfont!
Missing character: There is no E (U+0045) in font nullfont!
Missing character: There is no l (U+006C) in font nullfont!
Missing character: There is no l (U+006C) in font nullfont!
Missing character: There is no í (U+00ED) in font nullfont!
Missing character: There is no m (U+006D) in font nullfont!
Missing character: There is no i (U+0069) in font nullfont!
Missing character: There is no t (U+0074) in font nullfont!
Missing character: There is no e (U+0065) in font nullfont!
Missing character: There is no a (U+0061) in font nullfont!
Missing character: There is no n (U+006E) in font nullfont!
Missing character: There is no t (U+0074) in font nullfont!
Missing character: There is no e (U+0065) in font nullfont!
Missing character: There is no r (U+0072) in font nullfont!
Missing character: There is no i (U+0069) in font nullfont!
Missing character: There is no o (U+006F) in font nullfont!
Missing character: There is no r (U+0072) in font nullfont!
Missing character: There is no e (U+0065) in font nullfont!
Missing character: There is no x (U+0078) in font nullfont!
Missing character: There is no i (U+0069) in font nullfont!
Missing character: There is no s (U+0073) in font nullfont!
Missing character: There is no t (U+0074) in font nullfont!
Missing character: There is no e (U+0065) in font nullfont!
Missing character: There is no s (U+0073) in font nullfont!
Missing character: There is no i (U+0069) in font nullfont!
Missing character: There is no e (U+0065) in font nullfont!
Missing character: There is no m (U+006D) in font nullfont!
Missing character: There is no p (U+0070) in font nullfont!
Missing character: There is no r (U+0072) in font nullfont!
Missing character: There is no e (U+0065) in font nullfont!
Missing character: There is no ? (U+003F) in font nullfont!
Missing character: There is no L (U+004C) in font nullfont!
Missing character: There is no a (U+0061) in font nullfont!
Missing character: There is no r (U+0072) in font nullfont!
Missing character: There is no e (U+0065) in font nullfont!
Missing character: There is no s (U+0073) in font nullfont!
Missing character: There is no p (U+0070) in font nullfont!
Missing character: There is no u (U+0075) in font nullfont!
Missing character: There is no e (U+0065) in font nullfont!
Missing character: There is no s (U+0073) in font nullfont!
Missing character: There is no t (U+0074) in font nullfont!
Missing character: There is no a (U+0061) in font nullfont!
Missing character: There is no e (U+0065) in font nullfont!
Missing character: There is no s (U+0073) in font nullfont!
Missing character: There is no . (U+002E) in font nullfont!
Missing character: There is no E (U+0045) in font nullfont!
Missing character: There is no l (U+006C) in font nullfont!
Missing character: There is no s (U+0073) in font nullfont!
Missing character: There is no i (U+0069) in font nullfont!
Missing character: There is no g (U+0067) in font nullfont!
Missing character: There is no u (U+0075) in font nullfont!
Missing character: There is no i (U+0069) in font nullfont!
Missing character: There is no e (U+0065) in font nullfont!
Missing character: There is no n (U+006E) in font nullfont!
Missing character: There is no t (U+0074) in font nullfont!
Missing character: There is no e (U+0065) in font nullfont!
Missing character: There is no e (U+0065) in font nullfont!
Missing character: There is no j (U+006A) in font nullfont!
Missing character: There is no e (U+0065) in font nullfont!
Missing character: There is no m (U+006D) in font nullfont!
Missing character: There is no p (U+0070) in font nullfont!
Missing character: There is no l (U+006C) in font nullfont!
Missing character: There is no o (U+006F) in font nullfont!
Missing character: There is no m (U+006D) in font nullfont!
Missing character: There is no u (U+0075) in font nullfont!
Missing character: There is no e (U+0065) in font nullfont!
Missing character: There is no s (U+0073) in font nullfont!
Missing character: There is no t (U+0074) in font nullfont!
Missing character: There is no r (U+0072) in font nullfont!
Missing character: There is no a (U+0061) in font nullfont!
Missing character: There is no q (U+0071) in font nullfont!
Missing character: There is no u (U+0075) in font nullfont!
Missing character: There is no e (U+0065) in font nullfont!
Missing character: There is no , (U+002C) in font nullfont!
Missing character: There is no e (U+0065) in font nullfont!
Missing character: There is no n (U+006E) in font nullfont!
Missing character: There is no g (U+0067) in font nullfont!
Missing character: There is no e (U+0065) in font nullfont!
Missing character: There is no n (U+006E) in font nullfont!
Missing character: There is no e (U+0065) in font nullfont!
Missing character: There is no r (U+0072) in font nullfont!
Missing character: There is no a (U+0061) in font nullfont!
Missing character: There is no l (U+006C) in font nullfont!
Missing character: There is no , (U+002C) in font nullfont!
Missing character: There is no p (U+0070) in font nullfont!
Missing character: There is no o (U+006F) in font nullfont!
Missing character: There is no d (U+0064) in font nullfont!
Missing character: There is no r (U+0072) in font nullfont!
Missing character: There is no í (U+00ED) in font nullfont!
Missing character: There is no a (U+0061) in font nullfont!
Missing character: There is no n (U+006E) in font nullfont!
Missing character: There is no o (U+006F) in font nullfont!
Missing character: There is no e (U+0065) in font nullfont!
Missing character: There is no x (U+0078) in font nullfont!
Missing character: There is no i (U+0069) in font nullfont!
Missing character: There is no s (U+0073) in font nullfont!
Missing character: There is no t (U+0074) in font nullfont!
Missing character: There is no i (U+0069) in font nullfont!
Missing character: There is no r (U+0072) in font nullfont!
Missing character: There is no s (U+0073) in font nullfont!
Missing character: There is no i (U+0069) in font nullfont!
Missing character: There is no l (U+006C) in font nullfont!
Missing character: There is no a (U+0061) in font nullfont!
Missing character: There is no t (U+0074) in font nullfont!
Missing character: There is no r (U+0072) in font nullfont!
Missing character: There is no a (U+0061) in font nullfont!
Missing character: There is no n (U+006E) in font nullfont!
Missing character: There is no s (U+0073) in font nullfont!
Missing character: There is no f (U+0066) in font nullfont!
Missing character: There is no o (U+006F) in font nullfont!
Missing character: There is no r (U+0072) in font nullfont!
Missing character: There is no m (U+006D) in font nullfont!
Missing character: There is no a (U+0061) in font nullfont!
Missing character: There is no c (U+0063) in font nullfont!
Missing character: There is no i (U+0069) in font nullfont!
Missing character: There is no ó (U+00F3) in font nullfont!
Missing character: There is no n (U+006E) in font nullfont!
Missing character: There is no n (U+006E) in font nullfont!
Missing character: There is no o (U+006F) in font nullfont!
Missing character: There is no p (U+0070) in font nullfont!
Missing character: There is no r (U+0072) in font nullfont!
Missing character: There is no e (U+0065) in font nullfont!
Missing character: There is no s (U+0073) in font nullfont!
Missing character: There is no e (U+0065) in font nullfont!
Missing character: There is no r (U+0072) in font nullfont!
Missing character: There is no v (U+0076) in font nullfont!
Missing character: There is no a (U+0061) in font nullfont!
Missing character: There is no m (U+006D) in font nullfont!
Missing character: There is no e (U+0065) in font nullfont!
Missing character: There is no d (U+0064) in font nullfont!
Missing character: There is no i (U+0069) in font nullfont!
Missing character: There is no d (U+0064) in font nullfont!
Missing character: There is no a (U+0061) in font nullfont!
Missing character: There is no . (U+002E) in font nullfont!
Missing character: There is no ¿ (U+00BF) in font nullfont!
Missing character: There is no E (U+0045) in font nullfont!
Missing character: There is no l (U+006C) in font nullfont!

Overfull \hbox (20.0pt too wide) in paragraph at lines 17--18
[]¿El
 []

Missing character: There is no l (U+006C) in font nullfont!
Missing character: There is no í (U+00ED) in font nullfont!
Missing character: There is no m (U+006D) in font nullfont!
Missing character: There is no i (U+0069) in font nullfont!
Missing character: There is no t (U+0074) in font nullfont!
Missing character: There is no e (U+0065) in font nullfont!
Missing character: There is no a (U+0061) in font nullfont!
Missing character: There is no n (U+006E) in font nullfont!
Missing character: There is no t (U+0074) in font nullfont!
Missing character: There is no e (U+0065) in font nullfont!
Missing character: There is no r (U+0072) in font nullfont!
Missing character: There is no i (U+0069) in font nullfont!
Missing character: There is no o (U+006F) in font nullfont!
Missing character: There is no r (U+0072) in font nullfont!
Missing character: There is no e (U+0065) in font nullfont!
Missing character: There is no x (U+0078) in font nullfont!
Missing character: There is no i (U+0069) in font nullfont!
Missing character: There is no s (U+0073) in font nullfont!
Missing character: There is no t (U+0074) in font nullfont!
Missing character: There is no e (U+0065) in font nullfont!
Missing character: There is no s (U+0073) in font nullfont!
Missing character: There is no i (U+0069) in font nullfont!
Missing character: There is no e (U+0065) in font nullfont!
Missing character: There is no m (U+006D) in font nullfont!
Missing character: There is no p (U+0070) in font nullfont!
Missing character: There is no r (U+0072) in font nullfont!
Missing character: There is no e (U+0065) in font nullfont!
Missing character: There is no ? (U+003F) in font nullfont!
Missing character: There is no L (U+004C) in font nullfont!
Missing character: There is no a (U+0061) in font nullfont!
Missing character: There is no r (U+0072) in font nullfont!
Missing character: There is no e (U+0065) in font nullfont!
Missing character: There is no s (U+0073) in font nullfont!
Missing character: There is no p (U+0070) in font nullfont!
Missing character: There is no u (U+0075) in font nullfont!
Missing character: There is no e (U+0065) in font nullfont!
Missing character: There is no s (U+0073) in font nullfont!
Missing character: There is no t (U+0074) in font nullfont!
Missing character: There is no a (U+0061) in font nullfont!
Missing character: There is no e (U+0065) in font nullfont!
Missing character: There is no s (U+0073) in font nullfont!

Overfull \hbox (12.14pt too wide) in paragraph at lines 17--18
\TU/lmr/bx/n/10 no
 []


Overfull \hbox (26.41pt too wide) in paragraph at lines 17--18
\TU/lmr/bx/n/10 siem-
 []

Missing character: There is no . (U+002E) in font nullfont!

Overfull \hbox (16.40001pt too wide) in paragraph at lines 17--18
\TU/lmr/bx/n/10 pre\nullfont .
 []

Missing character: There is no E (U+0045) in font nullfont!
Missing character: There is no l (U+006C) in font nullfont!
Missing character: There is no s (U+0073) in font nullfont!
Missing character: There is no i (U+0069) in font nullfont!
Missing character: There is no g (U+0067) in font nullfont!
Missing character: There is no u (U+0075) in font nullfont!
Missing character: There is no i (U+0069) in font nullfont!
Missing character: There is no e (U+0065) in font nullfont!
Missing character: There is no n (U+006E) in font nullfont!
Missing character: There is no t (U+0074) in font nullfont!
Missing character: There is no e (U+0065) in font nullfont!
Missing character: There is no e (U+0065) in font nullfont!
Missing character: There is no j (U+006A) in font nullfont!
Missing character: There is no e (U+0065) in font nullfont!
Missing character: There is no m (U+006D) in font nullfont!
Missing character: There is no p (U+0070) in font nullfont!
Missing character: There is no l (U+006C) in font nullfont!
Missing character: There is no o (U+006F) in font nullfont!
Missing character: There is no m (U+006D) in font nullfont!
Missing character: There is no u (U+0075) in font nullfont!
Missing character: There is no e (U+0065) in font nullfont!
Missing character: There is no s (U+0073) in font nullfont!
Missing character: There is no t (U+0074) in font nullfont!
Missing character: There is no r (U+0072) in font nullfont!
Missing character: There is no a (U+0061) in font nullfont!
Missing character: There is no q (U+0071) in font nullfont!
Missing character: There is no u (U+0075) in font nullfont!
Missing character: There is no e (U+0065) in font nullfont!
Missing character: There is no , (U+002C) in font nullfont!

Overfull \hbox (31.39928pt too wide) in paragraph at lines 17--18
\OML/cmm/m/it/10 \OT1/cmr/m/n/10 (\OML/cmm/m/it/10 x; E\OT1/cmr/m/n/10 )$\null
font ,
 []

Missing character: There is no e (U+0065) in font nullfont!
Missing character: There is no n (U+006E) in font nullfont!
Missing character: There is no g (U+0067) in font nullfont!
Missing character: There is no e (U+0065) in font nullfont!
Missing character: There is no n (U+006E) in font nullfont!
Missing character: There is no e (U+0065) in font nullfont!
Missing character: There is no r (U+0072) in font nullfont!
Missing character: There is no a (U+0061) in font nullfont!
Missing character: There is no l (U+006C) in font nullfont!
Missing character: There is no , (U+002C) in font nullfont!
Missing character: There is no p (U+0070) in font nullfont!
Missing character: There is no o (U+006F) in font nullfont!
Missing character: There is no d (U+0064) in font nullfont!
Missing character: There is no r (U+0072) in font nullfont!
Missing character: There is no í (U+00ED) in font nullfont!
Missing character: There is no a (U+0061) in font nullfont!
Missing character: There is no n (U+006E) in font nullfont!
Missing character: There is no o (U+006F) in font nullfont!
Missing character: There is no e (U+0065) in font nullfont!
Missing character: There is no x (U+0078) in font nullfont!
Missing character: There is no i (U+0069) in font nullfont!
Missing character: There is no s (U+0073) in font nullfont!
Missing character: There is no t (U+0074) in font nullfont!
Missing character: There is no i (U+0069) in font nullfont!
Missing character: There is no r (U+0072) in font nullfont!
Missing character: There is no s (U+0073) in font nullfont!
Missing character: There is no i (U+0069) in font nullfont!
Missing character: There is no l (U+006C) in font nullfont!
Missing character: There is no a (U+0061) in font nullfont!
Missing character: There is no t (U+0074) in font nullfont!
Missing character: There is no r (U+0072) in font nullfont!
Missing character: There is no a (U+0061) in font nullfont!
Missing character: There is no n (U+006E) in font nullfont!
Missing character: There is no s (U+0073) in font nullfont!
Missing character: There is no f (U+0066) in font nullfont!
Missing character: There is no o (U+006F) in font nullfont!
Missing character: There is no r (U+0072) in font nullfont!
Missing character: There is no m (U+006D) in font nullfont!
Missing character: There is no a (U+0061) in font nullfont!
Missing character: There is no c (U+0063) in font nullfont!
Missing character: There is no i (U+0069) in font nullfont!
Missing character: There is no ó (U+00F3) in font nullfont!
Missing character: There is no n (U+006E) in font nullfont!
Missing character: There is no n (U+006E) in font nullfont!
Missing character: There is no o (U+006F) in font nullfont!
Missing character: There is no p (U+0070) in font nullfont!
Missing character: There is no r (U+0072) in font nullfont!
Missing character: There is no e (U+0065) in font nullfont!
Missing character: There is no s (U+0073) in font nullfont!
Missing character: There is no e (U+0065) in font nullfont!
Missing character: There is no r (U+0072) in font nullfont!
Missing character: There is no v (U+0076) in font nullfont!
Missing character: There is no a (U+0061) in font nullfont!
Missing character: There is no m (U+006D) in font nullfont!
Missing character: There is no e (U+0065) in font nullfont!
Missing character: There is no d (U+0064) in font nullfont!
Missing character: There is no i (U+0069) in font nullfont!
Missing character: There is no d (U+0064) in font nullfont!
Missing character: There is no a (U+0061) in font nullfont!
Missing character: There is no . (U+002E) in font nullfont!

! LaTeX Error: Environment ejemplo undefined.

See the LaTeX manual or LaTeX Companion for explanation.
Type  H <return>  for immediate help.
 ...                                              
                                                  
l.19 \begin{ejemplo}
                    
Your command was ignored.
Type  I <command> <return>  to replace it with another command,
or  <return>  to continue without it.


! LaTeX Error: Missing \begin{document}.

See the LaTeX manual or LaTeX Companion for explanation.
Type  H <return>  for immediate help.
 ...                                              
                                                  
l.20 	C
       onsideramos la transformación decimal multiplicativa $f: (0, 1] \to ...
You're in trouble here.  Try typing  <return>  to proceed.
If that doesn't work, type  X <return>  to quit.

Missing character: There is no C (U+0043) in font nullfont!
Missing character: There is no o (U+006F) in font nullfont!
Missing character: There is no n (U+006E) in font nullfont!
Missing character: There is no s (U+0073) in font nullfont!
Missing character: There is no i (U+0069) in font nullfont!
Missing character: There is no d (U+0064) in font nullfont!
Missing character: There is no e (U+0065) in font nullfont!
Missing character: There is no r (U+0072) in font nullfont!
Missing character: There is no a (U+0061) in font nullfont!
Missing character: There is no m (U+006D) in font nullfont!
Missing character: There is no o (U+006F) in font nullfont!
Missing character: There is no s (U+0073) in font nullfont!
Missing character: There is no C (U+0043) in font nullfont!
Missing character: There is no o (U+006F) in font nullfont!
Missing character: There is no n (U+006E) in font nullfont!
Missing character: There is no s (U+0073) in font nullfont!
Missing character: There is no i (U+0069) in font nullfont!
Missing character: There is no d (U+0064) in font nullfont!
Missing character: There is no e (U+0065) in font nullfont!
Missing character: There is no r (U+0072) in font nullfont!
Missing character: There is no a (U+0061) in font nullfont!
Missing character: There is no m (U+006D) in font nullfont!
Missing character: There is no o (U+006F) in font nullfont!
Missing character: There is no s (U+0073) in font nullfont!
Missing character: There is no l (U+006C) in font nullfont!
Missing character: There is no a (U+0061) in font nullfont!
Missing character: There is no t (U+0074) in font nullfont!
Missing character: There is no r (U+0072) in font nullfont!
Missing character: There is no a (U+0061) in font nullfont!
Missing character: There is no n (U+006E) in font nullfont!
Missing character: There is no s (U+0073) in font nullfont!
Missing character: There is no f (U+0066) in font nullfont!
Missing character: There is no o (U+006F) in font nullfont!
Missing character: There is no r (U+0072) in font nullfont!
Missing character: There is no m (U+006D) in font nullfont!
Missing character: There is no a (U+0061) in font nullfont!
Missing character: There is no c (U+0063) in font nullfont!
Missing character: There is no i (U+0069) in font nullfont!
Missing character: There is no ó (U+00F3) in font nullfont!
Missing character: There is no n (U+006E) in font nullfont!
Missing character: There is no d (U+0064) in font nullfont!
Missing character: There is no e (U+0065) in font nullfont!
Missing character: There is no c (U+0063) in font nullfont!
Missing character: There is no i (U+0069) in font nullfont!
Missing character: There is no m (U+006D) in font nullfont!
Missing character: There is no a (U+0061) in font nullfont!
Missing character: There is no l (U+006C) in font nullfont!
Missing character: There is no m (U+006D) in font nullfont!
Missing character: There is no u (U+0075) in font nullfont!
Missing character: There is no l (U+006C) in font nullfont!
Missing character: There is no t (U+0074) in font nullfont!
Missing character: There is no i (U+0069) in font nullfont!
Missing character: There is no p (U+0070) in font nullfont!
Missing character: There is no l (U+006C) in font nullfont!
Missing character: There is no i (U+0069) in font nullfont!
Missing character: There is no c (U+0063) in font nullfont!
Missing character: There is no a (U+0061) in font nullfont!
Missing character: There is no t (U+0074) in font nullfont!
Missing character: There is no i (U+0069) in font nullfont!
Missing character: There is no v (U+0076) in font nullfont!
Missing character: There is no a (U+0061) in font nullfont!
Missing character: There is no d (U+0064) in font nullfont!
Missing character: There is no e (U+0065) in font nullfont!
Missing character: There is no f (U+0066) in font nullfont!
Missing character: There is no i (U+0069) in font nullfont!
Missing character: There is no n (U+006E) in font nullfont!
Missing character: There is no i (U+0069) in font nullfont!
Missing character: There is no d (U+0064) in font nullfont!
Missing character: There is no a (U+0061) in font nullfont!
Missing character: There is no p (U+0070) in font nullfont!
Missing character: There is no o (U+006F) in font nullfont!
Missing character: There is no r (U+0072) in font nullfont!
Missing character: There is no : (U+003A) in font nullfont!
Missing character: There is no C (U+0043) in font nullfont!
Missing character: There is no o (U+006F) in font nullfont!
Missing character: There is no n (U+006E) in font nullfont!
Missing character: There is no s (U+0073) in font nullfont!
Missing character: There is no i (U+0069) in font nullfont!
Missing character: There is no d (U+0064) in font nullfont!
Missing character: There is no e (U+0065) in font nullfont!
Missing character: There is no r (U+0072) in font nullfont!
Missing character: There is no a (U+0061) in font nullfont!
Missing character: There is no m (U+006D) in font nullfont!
Missing character: There is no o (U+006F) in font nullfont!
Missing character: There is no s (U+0073) in font nullfont!

Overfull \hbox (20.0pt too wide) in paragraph at lines 20--21
[]Consideramos
 []

Missing character: There is no l (U+006C) in font nullfont!
Missing character: There is no a (U+0061) in font nullfont!
Missing character: There is no t (U+0074) in font nullfont!
Missing character: There is no r (U+0072) in font nullfont!
Missing character: There is no a (U+0061) in font nullfont!
Missing character: There is no n (U+006E) in font nullfont!
Missing character: There is no s (U+0073) in font nullfont!
Missing character: There is no f (U+0066) in font nullfont!
Missing character: There is no o (U+006F) in font nullfont!
Missing character: There is no r (U+0072) in font nullfont!
Missing character: There is no m (U+006D) in font nullfont!
Missing character: There is no a (U+0061) in font nullfont!
Missing character: There is no c (U+0063) in font nullfont!
Missing character: There is no i (U+0069) in font nullfont!
Missing character: There is no ó (U+00F3) in font nullfont!
Missing character: There is no n (U+006E) in font nullfont!
Missing character: There is no d (U+0064) in font nullfont!
Missing character: There is no e (U+0065) in font nullfont!
Missing character: There is no c (U+0063) in font nullfont!
Missing character: There is no i (U+0069) in font nullfont!
Missing character: There is no m (U+006D) in font nullfont!
Missing character: There is no a (U+0061) in font nullfont!
Missing character: There is no l (U+006C) in font nullfont!
Missing character: There is no m (U+006D) in font nullfont!
Missing character: There is no u (U+0075) in font nullfont!
Missing character: There is no l (U+006C) in font nullfont!
Missing character: There is no t (U+0074) in font nullfont!
Missing character: There is no i (U+0069) in font nullfont!
Missing character: There is no p (U+0070) in font nullfont!
Missing character: There is no l (U+006C) in font nullfont!
Missing character: There is no i (U+0069) in font nullfont!
Missing character: There is no c (U+0063) in font nullfont!
Missing character: There is no a (U+0061) in font nullfont!
Missing character: There is no t (U+0074) in font nullfont!
Missing character: There is no i (U+0069) in font nullfont!
Missing character: There is no v (U+0076) in font nullfont!
Missing character: There is no a (U+0061) in font nullfont!

Overfull \hbox (11.52776pt too wide) in paragraph at lines 20--21
\OML/cmm/m/it/10 f \OT1/cmr/m/n/10 :
 []


Overfull \hbox (33.88885pt too wide) in paragraph at lines 20--21
\OT1/cmr/m/n/10 (0\OML/cmm/m/it/10 ; \OT1/cmr/m/n/10 1] \OMS/cmsy/m/n/10 !
 []


Overfull \hbox (20.00002pt too wide) in paragraph at lines 20--21
\OT1/cmr/m/n/10 [0\OML/cmm/m/it/10 ; \OT1/cmr/m/n/10 1]$
 []

Missing character: There is no d (U+0064) in font nullfont!
Missing character: There is no e (U+0065) in font nullfont!
Missing character: There is no f (U+0066) in font nullfont!
Missing character: There is no i (U+0069) in font nullfont!
Missing character: There is no n (U+006E) in font nullfont!
Missing character: There is no i (U+0069) in font nullfont!
Missing character: There is no d (U+0064) in font nullfont!
Missing character: There is no a (U+0061) in font nullfont!
Missing character: There is no p (U+0070) in font nullfont!
Missing character: There is no o (U+006F) in font nullfont!
Missing character: There is no r (U+0072) in font nullfont!
Missing character: There is no : (U+003A) in font nullfont!

Overfull \hbox (93.79141pt too wide) detected at line 21
\OML/cmm/m/it/10 f\OT1/cmr/m/n/10 (\OML/cmm/m/it/10 x\OT1/cmr/m/n/10 ) = 10\OML
/cmm/m/it/10 x\OT1/cmr/m/n/10 ([]  1)
 []

Missing character: There is no C (U+0043) in font nullfont!
Missing character: There is no o (U+006F) in font nullfont!
Missing character: There is no n (U+006E) in font nullfont!
Missing character: There is no s (U+0073) in font nullfont!
Missing character: There is no i (U+0069) in font nullfont!
Missing character: There is no d (U+0064) in font nullfont!
Missing character: There is no e (U+0065) in font nullfont!
Missing character: There is no r (U+0072) in font nullfont!
Missing character: There is no e (U+0065) in font nullfont!
Missing character: There is no e (U+0065) in font nullfont!
Missing character: There is no l (U+006C) in font nullfont!
Missing character: There is no i (U+0069) in font nullfont!
Missing character: There is no n (U+006E) in font nullfont!
Missing character: There is no t (U+0074) in font nullfont!
Missing character: There is no e (U+0065) in font nullfont!
Missing character: There is no r (U+0072) in font nullfont!
Missing character: There is no v (U+0076) in font nullfont!
Missing character: There is no a (U+0061) in font nullfont!
Missing character: There is no l (U+006C) in font nullfont!
Missing character: There is no o (U+006F) in font nullfont!
Missing character: There is no e (U+0065) in font nullfont!
Missing character: There is no l (U+006C) in font nullfont!
Missing character: There is no e (U+0065) in font nullfont!
Missing character: There is no m (U+006D) in font nullfont!
Missing character: There is no e (U+0065) in font nullfont!
Missing character: There is no n (U+006E) in font nullfont!
Missing character: There is no t (U+0074) in font nullfont!
Missing character: There is no a (U+0061) in font nullfont!
Missing character: There is no l (U+006C) in font nullfont!
Missing character: There is no C (U+0043) in font nullfont!
Missing character: There is no o (U+006F) in font nullfont!
Missing character: There is no n (U+006E) in font nullfont!
Missing character: There is no s (U+0073) in font nullfont!
Missing character: There is no i (U+0069) in font nullfont!
Missing character: There is no d (U+0064) in font nullfont!
Missing character: There is no e (U+0065) in font nullfont!
Missing character: There is no r (U+0072) in font nullfont!
Missing character: There is no e (U+0065) in font nullfont!
Missing character: There is no e (U+0065) in font nullfont!
Missing character: There is no l (U+006C) in font nullfont!
Missing character: There is no i (U+0069) in font nullfont!
Missing character: There is no n (U+006E) in font nullfont!
Missing character: There is no t (U+0074) in font nullfont!
Missing character: There is no e (U+0065) in font nullfont!
Missing character: There is no r (U+0072) in font nullfont!
Missing character: There is no v (U+0076) in font nullfont!
Missing character: There is no a (U+0061) in font nullfont!
Missing character: There is no l (U+006C) in font nullfont!
Missing character: There is no o (U+006F) in font nullfont!
Missing character: There is no e (U+0065) in font nullfont!
Missing character: There is no l (U+006C) in font nullfont!
Missing character: There is no e (U+0065) in font nullfont!
Missing character: There is no m (U+006D) in font nullfont!
Missing character: There is no e (U+0065) in font nullfont!
Missing character: There is no n (U+006E) in font nullfont!
Missing character: There is no t (U+0074) in font nullfont!
Missing character: There is no a (U+0061) in font nullfont!
Missing character: There is no l (U+006C) in font nullfont!
Missing character: There is no . (U+002E) in font nullfont!
Missing character: There is no O (U+004F) in font nullfont!
Missing character: There is no b (U+0062) in font nullfont!
Missing character: There is no s (U+0073) in font nullfont!
Missing character: There is no e (U+0065) in font nullfont!
Missing character: There is no r (U+0072) in font nullfont!
Missing character: There is no v (U+0076) in font nullfont!
Missing character: There is no e (U+0065) in font nullfont!
Missing character: There is no q (U+0071) in font nullfont!
Missing character: There is no u (U+0075) in font nullfont!
Missing character: There is no e (U+0065) in font nullfont!
Missing character: There is no u (U+0075) in font nullfont!
Missing character: There is no n (U+006E) in font nullfont!
Missing character: There is no p (U+0070) in font nullfont!
Missing character: There is no u (U+0075) in font nullfont!
Missing character: There is no n (U+006E) in font nullfont!
Missing character: There is no t (U+0074) in font nullfont!
Missing character: There is no o (U+006F) in font nullfont!
Missing character: There is no c (U+0063) in font nullfont!
Missing character: There is no a (U+0061) in font nullfont!
Missing character: There is no e (U+0065) in font nullfont!
Missing character: There is no e (U+0065) in font nullfont!
Missing character: There is no n (U+006E) in font nullfont!
Missing character: There is no e (U+0065) in font nullfont!
Missing character: There is no s (U+0073) in font nullfont!
Missing character: There is no t (U+0074) in font nullfont!
Missing character: There is no e (U+0065) in font nullfont!
Missing character: There is no i (U+0069) in font nullfont!
Missing character: There is no n (U+006E) in font nullfont!
Missing character: There is no t (U+0074) in font nullfont!
Missing character: There is no e (U+0065) in font nullfont!
Missing character: There is no r (U+0072) in font nullfont!
Missing character: There is no v (U+0076) in font nullfont!
Missing character: There is no a (U+0061) in font nullfont!
Missing character: There is no l (U+006C) in font nullfont!
Missing character: There is no o (U+006F) in font nullfont!
Missing character: There is no d (U+0064) in font nullfont!
Missing character: There is no e (U+0065) in font nullfont!
Missing character: There is no p (U+0070) in font nullfont!
Missing character: There is no e (U+0065) in font nullfont!
Missing character: There is no n (U+006E) in font nullfont!
Missing character: There is no d (U+0064) in font nullfont!
Missing character: There is no i (U+0069) in font nullfont!
Missing character: There is no e (U+0065) in font nullfont!
Missing character: There is no n (U+006E) in font nullfont!
Missing character: There is no d (U+0064) in font nullfont!
Missing character: There is no o (U+006F) in font nullfont!
Missing character: There is no d (U+0064) in font nullfont!
Missing character: There is no e (U+0065) in font nullfont!
Missing character: There is no s (U+0073) in font nullfont!
Missing character: There is no u (U+0075) in font nullfont!
Missing character: There is no p (U+0070) in font nullfont!
Missing character: There is no r (U+0072) in font nullfont!
Missing character: There is no i (U+0069) in font nullfont!
Missing character: There is no m (U+006D) in font nullfont!
Missing character: There is no e (U+0065) in font nullfont!
Missing character: There is no r (U+0072) in font nullfont!
Missing character: There is no d (U+0064) in font nullfont!
Missing character: There is no í (U+00ED) in font nullfont!
Missing character: There is no g (U+0067) in font nullfont!
Missing character: There is no i (U+0069) in font nullfont!
Missing character: There is no t (U+0074) in font nullfont!
Missing character: There is no o (U+006F) in font nullfont!
Missing character: There is no d (U+0064) in font nullfont!
Missing character: There is no e (U+0065) in font nullfont!
Missing character: There is no c (U+0063) in font nullfont!
Missing character: There is no i (U+0069) in font nullfont!
Missing character: There is no m (U+006D) in font nullfont!
Missing character: There is no a (U+0061) in font nullfont!
Missing character: There is no l (U+006C) in font nullfont!
Missing character: There is no : (U+003A) in font nullfont!
Missing character: There is no C (U+0043) in font nullfont!
Missing character: There is no o (U+006F) in font nullfont!
Missing character: There is no n (U+006E) in font nullfont!
Missing character: There is no s (U+0073) in font nullfont!
Missing character: There is no i (U+0069) in font nullfont!
Missing character: There is no d (U+0064) in font nullfont!
Missing character: There is no e (U+0065) in font nullfont!
Missing character: There is no r (U+0072) in font nullfont!
Missing character: There is no e (U+0065) in font nullfont!
Missing character: There is no e (U+0065) in font nullfont!
Missing character: There is no l (U+006C) in font nullfont!
Missing character: There is no i (U+0069) in font nullfont!
Missing character: There is no n (U+006E) in font nullfont!
Missing character: There is no t (U+0074) in font nullfont!
Missing character: There is no e (U+0065) in font nullfont!
Missing character: There is no r (U+0072) in font nullfont!
Missing character: There is no v (U+0076) in font nullfont!
Missing character: There is no a (U+0061) in font nullfont!
Missing character: There is no l (U+006C) in font nullfont!
Missing character: There is no o (U+006F) in font nullfont!
Missing character: There is no e (U+0065) in font nullfont!
Missing character: There is no l (U+006C) in font nullfont!
Missing character: There is no e (U+0065) in font nullfont!
Missing character: There is no m (U+006D) in font nullfont!
Missing character: There is no e (U+0065) in font nullfont!
Missing character: There is no n (U+006E) in font nullfont!
Missing character: There is no t (U+0074) in font nullfont!
Missing character: There is no a (U+0061) in font nullfont!
Missing character: There is no l (U+006C) in font nullfont!

Overfull \hbox (18.51382pt too wide) in paragraph at lines 21--23
\OML/cmm/m/it/10 E \OT1/cmr/m/n/10 =
 []

Missing character: There is no . (U+002E) in font nullfont!

Overfull \hbox (31.11116pt too wide) in paragraph at lines 21--23
\OT1/cmr/m/n/10 (0\OML/cmm/m/it/10 ; \OT1/cmr/m/n/10 1\OML/cmm/m/it/10 =\OT1/cm
r/m/n/10 2]$\nullfont .
 []

Missing character: There is no O (U+004F) in font nullfont!
Missing character: There is no b (U+0062) in font nullfont!
Missing character: There is no s (U+0073) in font nullfont!
Missing character: There is no e (U+0065) in font nullfont!
Missing character: There is no r (U+0072) in font nullfont!
Missing character: There is no v (U+0076) in font nullfont!
Missing character: There is no e (U+0065) in font nullfont!
Missing character: There is no q (U+0071) in font nullfont!
Missing character: There is no u (U+0075) in font nullfont!
Missing character: There is no e (U+0065) in font nullfont!
Missing character: There is no u (U+0075) in font nullfont!
Missing character: There is no n (U+006E) in font nullfont!
Missing character: There is no p (U+0070) in font nullfont!
Missing character: There is no u (U+0075) in font nullfont!
Missing character: There is no n (U+006E) in font nullfont!
Missing character: There is no t (U+0074) in font nullfont!
Missing character: There is no o (U+006F) in font nullfont!
Missing character: There is no c (U+0063) in font nullfont!
Missing character: There is no a (U+0061) in font nullfont!
Missing character: There is no e (U+0065) in font nullfont!
Missing character: There is no e (U+0065) in font nullfont!
Missing character: There is no n (U+006E) in font nullfont!
Missing character: There is no e (U+0065) in font nullfont!
Missing character: There is no s (U+0073) in font nullfont!
Missing character: There is no t (U+0074) in font nullfont!
Missing character: There is no e (U+0065) in font nullfont!
Missing character: There is no i (U+0069) in font nullfont!
Missing character: There is no n (U+006E) in font nullfont!
Missing character: There is no t (U+0074) in font nullfont!
Missing character: There is no e (U+0065) in font nullfont!
Missing character: There is no r (U+0072) in font nullfont!
Missing character: There is no v (U+0076) in font nullfont!
Missing character: There is no a (U+0061) in font nullfont!
Missing character: There is no l (U+006C) in font nullfont!
Missing character: There is no o (U+006F) in font nullfont!
Missing character: There is no d (U+0064) in font nullfont!
Missing character: There is no e (U+0065) in font nullfont!
Missing character: There is no p (U+0070) in font nullfont!
Missing character: There is no e (U+0065) in font nullfont!
Missing character: There is no n (U+006E) in font nullfont!
Missing character: There is no d (U+0064) in font nullfont!
Missing character: There is no i (U+0069) in font nullfont!
Missing character: There is no e (U+0065) in font nullfont!
Missing character: There is no n (U+006E) in font nullfont!
Missing character: There is no d (U+0064) in font nullfont!
Missing character: There is no o (U+006F) in font nullfont!
Missing character: There is no d (U+0064) in font nullfont!
Missing character: There is no e (U+0065) in font nullfont!
Missing character: There is no s (U+0073) in font nullfont!
Missing character: There is no u (U+0075) in font nullfont!
Missing character: There is no p (U+0070) in font nullfont!
Missing character: There is no r (U+0072) in font nullfont!
Missing character: There is no i (U+0069) in font nullfont!
Missing character: There is no m (U+006D) in font nullfont!
Missing character: There is no e (U+0065) in font nullfont!
Missing character: There is no r (U+0072) in font nullfont!
Missing character: There is no d (U+0064) in font nullfont!
Missing character: There is no í (U+00ED) in font nullfont!
Missing character: There is no g (U+0067) in font nullfont!
Missing character: There is no i (U+0069) in font nullfont!
Missing character: There is no t (U+0074) in font nullfont!
Missing character: There is no o (U+006F) in font nullfont!
Missing character: There is no d (U+0064) in font nullfont!
Missing character: There is no e (U+0065) in font nullfont!
Missing character: There is no c (U+0063) in font nullfont!
Missing character: There is no i (U+0069) in font nullfont!
Missing character: There is no m (U+006D) in font nullfont!
Missing character: There is no a (U+0061) in font nullfont!
Missing character: There is no l (U+006C) in font nullfont!
Missing character: There is no : (U+003A) in font nullfont!

Overfull \hbox (193.87213pt too wide) detected at line 23
\OML/cmm/m/it/10 x \OT1/cmr/m/n/10 = 0\OML/cmm/m/it/10 :a[]a[]a[] [] \OMS/cmsy/
m/n/10 2 \OML/cmm/m/it/10 E  \OMS/cmsy/m/n/10 ([])  \OML/cmm/m/it/10 a[] \OMS/c
msy/m/n/10 2 f\OT1/cmr/m/n/10 0\OML/cmm/m/it/10 ; \OT1/cmr/m/n/10 1\OML/cmm/m/i
t/10 ; \OT1/cmr/m/n/10 2\OML/cmm/m/it/10 ; \OT1/cmr/m/n/10 3\OML/cmm/m/it/10 ; 
\OT1/cmr/m/n/10 4\OMS/cmsy/m/n/10 g
 []

Missing character: There is no C (U+0043) in font nullfont!
Missing character: There is no o (U+006F) in font nullfont!
Missing character: There is no n (U+006E) in font nullfont!
Missing character: There is no s (U+0073) in font nullfont!
Missing character: There is no t (U+0074) in font nullfont!
Missing character: There is no r (U+0072) in font nullfont!
Missing character: There is no u (U+0075) in font nullfont!
Missing character: There is no y (U+0079) in font nullfont!
Missing character: There is no a (U+0061) in font nullfont!
Missing character: There is no m (U+006D) in font nullfont!
Missing character: There is no o (U+006F) in font nullfont!
Missing character: There is no s (U+0073) in font nullfont!
Missing character: There is no u (U+0075) in font nullfont!
Missing character: There is no n (U+006E) in font nullfont!
Missing character: There is no n (U+006E) in font nullfont!
Missing character: There is no ú (U+00FA) in font nullfont!
Missing character: There is no m (U+006D) in font nullfont!
Missing character: There is no e (U+0065) in font nullfont!
Missing character: There is no r (U+0072) in font nullfont!
Missing character: There is no o (U+006F) in font nullfont!
Missing character: There is no r (U+0072) in font nullfont!
Missing character: There is no e (U+0065) in font nullfont!
Missing character: There is no a (U+0061) in font nullfont!
Missing character: There is no l (U+006C) in font nullfont!
Missing character: There is no e (U+0065) in font nullfont!
Missing character: There is no s (U+0073) in font nullfont!
Missing character: There is no p (U+0070) in font nullfont!
Missing character: There is no e (U+0065) in font nullfont!
Missing character: There is no c (U+0063) in font nullfont!
Missing character: There is no í (U+00ED) in font nullfont!
Missing character: There is no f (U+0066) in font nullfont!
Missing character: There is no i (U+0069) in font nullfont!
Missing character: There is no c (U+0063) in font nullfont!
Missing character: There is no o (U+006F) in font nullfont!
Missing character: There is no C (U+0043) in font nullfont!
Missing character: There is no o (U+006F) in font nullfont!
Missing character: There is no n (U+006E) in font nullfont!
Missing character: There is no s (U+0073) in font nullfont!
Missing character: There is no t (U+0074) in font nullfont!
Missing character: There is no r (U+0072) in font nullfont!
Missing character: There is no u (U+0075) in font nullfont!
Missing character: There is no y (U+0079) in font nullfont!
Missing character: There is no a (U+0061) in font nullfont!
Missing character: There is no m (U+006D) in font nullfont!
Missing character: There is no o (U+006F) in font nullfont!
Missing character: There is no s (U+0073) in font nullfont!
Missing character: There is no u (U+0075) in font nullfont!
Missing character: There is no n (U+006E) in font nullfont!
Missing character: There is no n (U+006E) in font nullfont!
Missing character: There is no ú (U+00FA) in font nullfont!
Missing character: There is no m (U+006D) in font nullfont!
Missing character: There is no e (U+0065) in font nullfont!
Missing character: There is no r (U+0072) in font nullfont!
Missing character: There is no o (U+006F) in font nullfont!
Missing character: There is no r (U+0072) in font nullfont!
Missing character: There is no e (U+0065) in font nullfont!
Missing character: There is no a (U+0061) in font nullfont!
Missing character: There is no l (U+006C) in font nullfont!
Missing character: There is no e (U+0065) in font nullfont!
Missing character: There is no s (U+0073) in font nullfont!
Missing character: There is no p (U+0070) in font nullfont!
Missing character: There is no e (U+0065) in font nullfont!
Missing character: There is no c (U+0063) in font nullfont!
Missing character: There is no í (U+00ED) in font nullfont!
Missing character: There is no f (U+0066) in font nullfont!
Missing character: There is no i (U+0069) in font nullfont!
Missing character: There is no c (U+0063) in font nullfont!
Missing character: There is no o (U+006F) in font nullfont!
Missing character: There is no d (U+0064) in font nullfont!
Missing character: There is no e (U+0065) in font nullfont!
Missing character: There is no l (U+006C) in font nullfont!
Missing character: There is no a (U+0061) in font nullfont!
Missing character: There is no f (U+0066) in font nullfont!
Missing character: There is no o (U+006F) in font nullfont!
Missing character: There is no r (U+0072) in font nullfont!
Missing character: There is no m (U+006D) in font nullfont!
Missing character: There is no a (U+0061) in font nullfont!
Missing character: There is no d (U+0064) in font nullfont!
Missing character: There is no o (U+006F) in font nullfont!
Missing character: There is no n (U+006E) in font nullfont!
Missing character: There is no d (U+0064) in font nullfont!
Missing character: There is no e (U+0065) in font nullfont!
Missing character: There is no l (U+006C) in font nullfont!
Missing character: There is no o (U+006F) in font nullfont!
Missing character: There is no s (U+0073) in font nullfont!
Missing character: There is no b (U+0062) in font nullfont!
Missing character: There is no l (U+006C) in font nullfont!
Missing character: There is no o (U+006F) in font nullfont!
Missing character: There is no q (U+0071) in font nullfont!
Missing character: There is no u (U+0075) in font nullfont!
Missing character: There is no e (U+0065) in font nullfont!
Missing character: There is no s (U+0073) in font nullfont!
Missing character: There is no d (U+0064) in font nullfont!
Missing character: There is no e (U+0065) in font nullfont!
Missing character: There is no d (U+0064) in font nullfont!
Missing character: There is no í (U+00ED) in font nullfont!
Missing character: There is no g (U+0067) in font nullfont!
Missing character: There is no i (U+0069) in font nullfont!
Missing character: There is no t (U+0074) in font nullfont!
Missing character: There is no o (U+006F) in font nullfont!
Missing character: There is no s (U+0073) in font nullfont!
Missing character: There is no s (U+0073) in font nullfont!
Missing character: There is no e (U+0065) in font nullfont!
Missing character: There is no a (U+0061) in font nullfont!
Missing character: There is no l (U+006C) in font nullfont!
Missing character: There is no t (U+0074) in font nullfont!
Missing character: There is no e (U+0065) in font nullfont!
Missing character: There is no r (U+0072) in font nullfont!
Missing character: There is no n (U+006E) in font nullfont!
Missing character: There is no a (U+0061) in font nullfont!
Missing character: There is no n (U+006E) in font nullfont!
Missing character: There is no e (U+0065) in font nullfont!
Missing character: There is no n (U+006E) in font nullfont!
Missing character: There is no t (U+0074) in font nullfont!
Missing character: There is no a (U+0061) in font nullfont!
Missing character: There is no m (U+006D) in font nullfont!
Missing character: There is no a (U+0061) in font nullfont!
Missing character: There is no ñ (U+00F1) in font nullfont!
Missing character: There is no o (U+006F) in font nullfont!
Missing character: There is no s (U+0073) in font nullfont!
Missing character: There is no d (U+0064) in font nullfont!
Missing character: There is no e (U+0065) in font nullfont!
Missing character: There is no p (U+0070) in font nullfont!
Missing character: There is no o (U+006F) in font nullfont!
Missing character: There is no t (U+0074) in font nullfont!
Missing character: There is no e (U+0065) in font nullfont!
Missing character: There is no n (U+006E) in font nullfont!
Missing character: There is no c (U+0063) in font nullfont!
Missing character: There is no i (U+0069) in font nullfont!
Missing character: There is no a (U+0061) in font nullfont!
Missing character: There is no s (U+0073) in font nullfont!
Missing character: There is no d (U+0064) in font nullfont!
Missing character: There is no e (U+0065) in font nullfont!
Missing character: There is no 2 (U+0032) in font nullfont!
Missing character: There is no : (U+003A) in font nullfont!
Missing character: There is no C (U+0043) in font nullfont!
Missing character: There is no o (U+006F) in font nullfont!
Missing character: There is no n (U+006E) in font nullfont!
Missing character: There is no s (U+0073) in font nullfont!
Missing character: There is no t (U+0074) in font nullfont!
Missing character: There is no r (U+0072) in font nullfont!
Missing character: There is no u (U+0075) in font nullfont!
Missing character: There is no y (U+0079) in font nullfont!
Missing character: There is no a (U+0061) in font nullfont!
Missing character: There is no m (U+006D) in font nullfont!
Missing character: There is no o (U+006F) in font nullfont!
Missing character: There is no s (U+0073) in font nullfont!
Missing character: There is no u (U+0075) in font nullfont!
Missing character: There is no n (U+006E) in font nullfont!
Missing character: There is no n (U+006E) in font nullfont!
Missing character: There is no ú (U+00FA) in font nullfont!
Missing character: There is no m (U+006D) in font nullfont!
Missing character: There is no e (U+0065) in font nullfont!
Missing character: There is no r (U+0072) in font nullfont!
Missing character: There is no o (U+006F) in font nullfont!
Missing character: There is no r (U+0072) in font nullfont!
Missing character: There is no e (U+0065) in font nullfont!
Missing character: There is no a (U+0061) in font nullfont!
Missing character: There is no l (U+006C) in font nullfont!
Missing character: There is no e (U+0065) in font nullfont!
Missing character: There is no s (U+0073) in font nullfont!
Missing character: There is no p (U+0070) in font nullfont!
Missing character: There is no e (U+0065) in font nullfont!
Missing character: There is no c (U+0063) in font nullfont!
Missing character: There is no í (U+00ED) in font nullfont!
Missing character: There is no f (U+0066) in font nullfont!
Missing character: There is no i (U+0069) in font nullfont!
Missing character: There is no c (U+0063) in font nullfont!
Missing character: There is no o (U+006F) in font nullfont!

Overfull \hbox (15.15967pt too wide) in paragraph at lines 23--25
\OML/cmm/m/it/10 x \OMS/cmsy/m/n/10 2
 []


Overfull \hbox (22.22224pt too wide) in paragraph at lines 23--25
\OT1/cmr/m/n/10 (0\OML/cmm/m/it/10 ; \OT1/cmr/m/n/10 1)$
 []

Missing character: There is no d (U+0064) in font nullfont!
Missing character: There is no e (U+0065) in font nullfont!
Missing character: There is no l (U+006C) in font nullfont!
Missing character: There is no a (U+0061) in font nullfont!
Missing character: There is no f (U+0066) in font nullfont!
Missing character: There is no o (U+006F) in font nullfont!
Missing character: There is no r (U+0072) in font nullfont!
Missing character: There is no m (U+006D) in font nullfont!
Missing character: There is no a (U+0061) in font nullfont!

Overfull \hbox (16.27078pt too wide) in paragraph at lines 23--25
\OML/cmm/m/it/10 x \OT1/cmr/m/n/10 =
 []


Overfull \hbox (50.4271pt too wide) in paragraph at lines 23--25
\OT1/cmr/m/n/10 0\OML/cmm/m/it/10 :a[]a[]a[] []$
 []

Missing character: There is no d (U+0064) in font nullfont!
Missing character: There is no o (U+006F) in font nullfont!
Missing character: There is no n (U+006E) in font nullfont!
Missing character: There is no d (U+0064) in font nullfont!
Missing character: There is no e (U+0065) in font nullfont!
Missing character: There is no l (U+006C) in font nullfont!
Missing character: There is no o (U+006F) in font nullfont!
Missing character: There is no s (U+0073) in font nullfont!
Missing character: There is no b (U+0062) in font nullfont!
Missing character: There is no l (U+006C) in font nullfont!
Missing character: There is no o (U+006F) in font nullfont!
Missing character: There is no q (U+0071) in font nullfont!
Missing character: There is no u (U+0075) in font nullfont!
Missing character: There is no e (U+0065) in font nullfont!
Missing character: There is no s (U+0073) in font nullfont!
Missing character: There is no d (U+0064) in font nullfont!
Missing character: There is no e (U+0065) in font nullfont!
Missing character: There is no d (U+0064) in font nullfont!
Missing character: There is no í (U+00ED) in font nullfont!
Missing character: There is no g (U+0067) in font nullfont!
Missing character: There is no i (U+0069) in font nullfont!
Missing character: There is no t (U+0074) in font nullfont!
Missing character: There is no o (U+006F) in font nullfont!
Missing character: There is no s (U+0073) in font nullfont!
Missing character: There is no s (U+0073) in font nullfont!
Missing character: There is no e (U+0065) in font nullfont!
Missing character: There is no a (U+0061) in font nullfont!
Missing character: There is no l (U+006C) in font nullfont!
Missing character: There is no t (U+0074) in font nullfont!
Missing character: There is no e (U+0065) in font nullfont!
Missing character: There is no r (U+0072) in font nullfont!
Missing character: There is no n (U+006E) in font nullfont!
Missing character: There is no a (U+0061) in font nullfont!
Missing character: There is no n (U+006E) in font nullfont!
Missing character: There is no e (U+0065) in font nullfont!
Missing character: There is no n (U+006E) in font nullfont!
Missing character: There is no t (U+0074) in font nullfont!
Missing character: There is no a (U+0061) in font nullfont!
Missing character: There is no m (U+006D) in font nullfont!
Missing character: There is no a (U+0061) in font nullfont!
Missing character: There is no ñ (U+00F1) in font nullfont!
Missing character: There is no o (U+006F) in font nullfont!
Missing character: There is no s (U+0073) in font nullfont!
Missing character: There is no d (U+0064) in font nullfont!
Missing character: There is no e (U+0065) in font nullfont!
Missing character: There is no p (U+0070) in font nullfont!
Missing character: There is no o (U+006F) in font nullfont!
Missing character: There is no t (U+0074) in font nullfont!
Missing character: There is no e (U+0065) in font nullfont!
Missing character: There is no n (U+006E) in font nullfont!
Missing character: There is no c (U+0063) in font nullfont!
Missing character: There is no i (U+0069) in font nullfont!
Missing character: There is no a (U+0061) in font nullfont!
Missing character: There is no s (U+0073) in font nullfont!
Missing character: There is no d (U+0064) in font nullfont!
Missing character: There is no e (U+0065) in font nullfont!
Missing character: There is no 2 (U+0032) in font nullfont!
Missing character: There is no : (U+003A) in font nullfont!
! Misplaced alignment tab character &.
l.25 	$$ a_i = \begin{cases} 1, &
                                  \text{si } 2^k \le i < 2^{k+1} \text{ con ...
I can't figure out why you would want to use a tab mark
here. If you just want an ampersand, the remedy is
simple: Just type `I\&' now. But if some right brace
up above has ended a previous alignment prematurely,
you're probably due for more error messages, and you
might try typing `S' now just to see what is salvageable.

! Undefined control sequence.
l.25 	$$ a_i = \begin{cases} 1, & \text
                                       {si } 2^k \le i < 2^{k+1} \text{ con ...
The control sequence at the end of the top line
of your error message was never \def'ed. If you have
misspelled it (e.g., `\hobx'), type `I' and the correct
spelling (e.g., `I\hbox'). Otherwise just continue,
and I'll forget about whatever was undefined.

! Undefined control sequence.
l.25 ... 1, & \text{si } 2^k \le i < 2^{k+1} \text
                                                  { con } k \text{ par} \\ 0...
The control sequence at the end of the top line
of your error message was never \def'ed. If you have
misspelled it (e.g., `\hobx'), type `I' and the correct
spelling (e.g., `I\hbox'). Otherwise just continue,
and I'll forget about whatever was undefined.

! Undefined control sequence.
l.25 ...} 2^k \le i < 2^{k+1} \text{ con } k \text
                                                  { par} \\ 0, & \text{si } ...
The control sequence at the end of the top line
of your error message was never \def'ed. If you have
misspelled it (e.g., `\hobx'), type `I' and the correct
spelling (e.g., `I\hbox'). Otherwise just continue,
and I'll forget about whatever was undefined.

! Misplaced alignment tab character &.
l.25 ...2^{k+1} \text{ con } k \text{ par} \\ 0, &
                                                   \text{si } 2^k \le i < 2^...
I can't figure out why you would want to use a tab mark
here. If you just want an ampersand, the remedy is
simple: Just type `I\&' now. But if some right brace
up above has ended a previous alignment prematurely,
you're probably due for more error messages, and you
might try typing `S' now just to see what is salvageable.

! Undefined control sequence.
l.25 ...} \text{ con } k \text{ par} \\ 0, & \text
                                                  {si } 2^k \le i < 2^{k+1} ...
The control sequence at the end of the top line
of your error message was never \def'ed. If you have
misspelled it (e.g., `\hobx'), type `I' and the correct
spelling (e.g., `I\hbox'). Otherwise just continue,
and I'll forget about whatever was undefined.

! Undefined control sequence.
l.25 ... 0, & \text{si } 2^k \le i < 2^{k+1} \text
                                                  { con } k \text{ impar} \e...
The control sequence at the end of the top line
of your error message was never \def'ed. If you have
misspelled it (e.g., `\hobx'), type `I' and the correct
spelling (e.g., `I\hbox'). Otherwise just continue,
and I'll forget about whatever was undefined.

! Undefined control sequence.
l.25 ...} 2^k \le i < 2^{k+1} \text{ con } k \text
                                                  { impar} \end{cases} $$
The control sequence at the end of the top line
of your error message was never \def'ed. If you have
misspelled it (e.g., `\hobx'), type `I' and the correct
spelling (e.g., `I\hbox'). Otherwise just continue,
and I'll forget about whatever was undefined.


Overfull \hbox (270.62398pt too wide) detected at line 25
\OML/cmm/m/it/10 a[] \OT1/cmr/m/n/10 = [] \OML/cmm/m/it/10 ; []\OT1/cmr/m/n/10 
2[] \OMS/cmsy/m/n/10  \OML/cmm/m/it/10 i < \OT1/cmr/m/n/10 2[][]\OML/cmm/m/it/
10 k[][] \OT1/cmr/m/n/10 0\OML/cmm/m/it/10 ; []\OT1/cmr/m/n/10 2[] \OMS/cmsy/m/
n/10  \OML/cmm/m/it/10 i < \OT1/cmr/m/n/10 2[][]\OML/cmm/m/it/10 k[]
 []

Missing character: There is no E (U+0045) in font nullfont!
Missing character: There is no x (U+0078) in font nullfont!
Missing character: There is no p (U+0070) in font nullfont!
Missing character: There is no l (U+006C) in font nullfont!
Missing character: There is no í (U+00ED) in font nullfont!
Missing character: There is no c (U+0063) in font nullfont!
Missing character: There is no i (U+0069) in font nullfont!
Missing character: There is no t (U+0074) in font nullfont!
Missing character: There is no a (U+0061) in font nullfont!
Missing character: There is no m (U+006D) in font nullfont!
Missing character: There is no e (U+0065) in font nullfont!
Missing character: There is no n (U+006E) in font nullfont!
Missing character: There is no t (U+0074) in font nullfont!
Missing character: There is no e (U+0065) in font nullfont!
Missing character: There is no , (U+002C) in font nullfont!
Missing character: There is no l (U+006C) in font nullfont!
Missing character: There is no o (U+006F) in font nullfont!
Missing character: There is no s (U+0073) in font nullfont!
Missing character: There is no d (U+0064) in font nullfont!
Missing character: There is no í (U+00ED) in font nullfont!
Missing character: There is no g (U+0067) in font nullfont!
Missing character: There is no i (U+0069) in font nullfont!
Missing character: There is no t (U+0074) in font nullfont!
Missing character: There is no o (U+006F) in font nullfont!
Missing character: There is no s (U+0073) in font nullfont!
Missing character: There is no d (U+0064) in font nullfont!
Missing character: There is no e (U+0065) in font nullfont!
Missing character: There is no e (U+0065) in font nullfont!
Missing character: There is no s (U+0073) in font nullfont!
Missing character: There is no t (U+0074) in font nullfont!
Missing character: There is no e (U+0065) in font nullfont!
Missing character: There is no n (U+006E) in font nullfont!
Missing character: There is no ú (U+00FA) in font nullfont!
Missing character: There is no m (U+006D) in font nullfont!
Missing character: There is no e (U+0065) in font nullfont!
Missing character: There is no r (U+0072) in font nullfont!
Missing character: There is no o (U+006F) in font nullfont!
Missing character: There is no e (U+0065) in font nullfont!
Missing character: There is no s (U+0073) in font nullfont!
Missing character: There is no t (U+0074) in font nullfont!
Missing character: There is no á (U+00E1) in font nullfont!
Missing character: There is no n (U+006E) in font nullfont!
Missing character: There is no d (U+0064) in font nullfont!
Missing character: There is no a (U+0061) in font nullfont!
Missing character: There is no d (U+0064) in font nullfont!
Missing character: There is no o (U+006F) in font nullfont!
Missing character: There is no s (U+0073) in font nullfont!
Missing character: There is no p (U+0070) in font nullfont!
Missing character: There is no o (U+006F) in font nullfont!
Missing character: There is no r (U+0072) in font nullfont!
Missing character: There is no l (U+006C) in font nullfont!
Missing character: There is no a (U+0061) in font nullfont!
Missing character: There is no s (U+0073) in font nullfont!
Missing character: There is no e (U+0065) in font nullfont!
Missing character: There is no c (U+0063) in font nullfont!
Missing character: There is no u (U+0075) in font nullfont!
Missing character: There is no e (U+0065) in font nullfont!
Missing character: There is no n (U+006E) in font nullfont!
Missing character: There is no c (U+0063) in font nullfont!
Missing character: There is no i (U+0069) in font nullfont!
Missing character: There is no a (U+0061) in font nullfont!
Missing character: There is no d (U+0064) in font nullfont!
Missing character: There is no e (U+0065) in font nullfont!
Missing character: There is no b (U+0062) in font nullfont!
Missing character: There is no l (U+006C) in font nullfont!
Missing character: There is no o (U+006F) in font nullfont!
Missing character: There is no q (U+0071) in font nullfont!
Missing character: There is no u (U+0075) in font nullfont!
Missing character: There is no e (U+0065) in font nullfont!
Missing character: There is no s (U+0073) in font nullfont!
Missing character: There is no : (U+003A) in font nullfont!
Missing character: There is no E (U+0045) in font nullfont!
Missing character: There is no x (U+0078) in font nullfont!
Missing character: There is no p (U+0070) in font nullfont!
Missing character: There is no l (U+006C) in font nullfont!
Missing character: There is no í (U+00ED) in font nullfont!
Missing character: There is no c (U+0063) in font nullfont!
Missing character: There is no i (U+0069) in font nullfont!
Missing character: There is no t (U+0074) in font nullfont!
Missing character: There is no a (U+0061) in font nullfont!
Missing character: There is no m (U+006D) in font nullfont!
Missing character: There is no e (U+0065) in font nullfont!
Missing character: There is no n (U+006E) in font nullfont!
Missing character: There is no t (U+0074) in font nullfont!
Missing character: There is no e (U+0065) in font nullfont!
Missing character: There is no , (U+002C) in font nullfont!
Missing character: There is no l (U+006C) in font nullfont!
Missing character: There is no o (U+006F) in font nullfont!
Missing character: There is no s (U+0073) in font nullfont!
Missing character: There is no d (U+0064) in font nullfont!
Missing character: There is no í (U+00ED) in font nullfont!
Missing character: There is no g (U+0067) in font nullfont!
Missing character: There is no i (U+0069) in font nullfont!
Missing character: There is no t (U+0074) in font nullfont!
Missing character: There is no o (U+006F) in font nullfont!
Missing character: There is no s (U+0073) in font nullfont!
Missing character: There is no d (U+0064) in font nullfont!
Missing character: There is no e (U+0065) in font nullfont!
Missing character: There is no e (U+0065) in font nullfont!
Missing character: There is no s (U+0073) in font nullfont!
Missing character: There is no t (U+0074) in font nullfont!
Missing character: There is no e (U+0065) in font nullfont!
Missing character: There is no n (U+006E) in font nullfont!
Missing character: There is no ú (U+00FA) in font nullfont!
Missing character: There is no m (U+006D) in font nullfont!
Missing character: There is no e (U+0065) in font nullfont!
Missing character: There is no r (U+0072) in font nullfont!
Missing character: There is no o (U+006F) in font nullfont!
Missing character: There is no e (U+0065) in font nullfont!
Missing character: There is no s (U+0073) in font nullfont!
Missing character: There is no t (U+0074) in font nullfont!
Missing character: There is no á (U+00E1) in font nullfont!
Missing character: There is no n (U+006E) in font nullfont!
Missing character: There is no d (U+0064) in font nullfont!
Missing character: There is no a (U+0061) in font nullfont!
Missing character: There is no d (U+0064) in font nullfont!
Missing character: There is no o (U+006F) in font nullfont!
Missing character: There is no s (U+0073) in font nullfont!
Missing character: There is no p (U+0070) in font nullfont!
Missing character: There is no o (U+006F) in font nullfont!
Missing character: There is no r (U+0072) in font nullfont!
Missing character: There is no l (U+006C) in font nullfont!
Missing character: There is no a (U+0061) in font nullfont!
Missing character: There is no s (U+0073) in font nullfont!
Missing character: There is no e (U+0065) in font nullfont!
Missing character: There is no c (U+0063) in font nullfont!
Missing character: There is no u (U+0075) in font nullfont!
Missing character: There is no e (U+0065) in font nullfont!
Missing character: There is no n (U+006E) in font nullfont!
Missing character: There is no c (U+0063) in font nullfont!
Missing character: There is no i (U+0069) in font nullfont!
Missing character: There is no a (U+0061) in font nullfont!
Missing character: There is no d (U+0064) in font nullfont!
Missing character: There is no e (U+0065) in font nullfont!
Missing character: There is no b (U+0062) in font nullfont!
Missing character: There is no l (U+006C) in font nullfont!
Missing character: There is no o (U+006F) in font nullfont!
Missing character: There is no q (U+0071) in font nullfont!
Missing character: There is no u (U+0075) in font nullfont!
Missing character: There is no e (U+0065) in font nullfont!
Missing character: There is no s (U+0073) in font nullfont!
Missing character: There is no : (U+003A) in font nullfont!

Overfull \hbox (224.49345pt too wide) detected at line 27
\OML/cmm/m/it/10 x \OT1/cmr/m/n/10 = 0\OML/cmm/m/it/10 : [] [] [] [] [] []
 []


! LaTeX Error: Missing \begin{document}.

See the LaTeX manual or LaTeX Companion for explanation.
Type  H <return>  for immediate help.
 ...                                              
                                                  
l.29 	E
       valuemos la proporción de visitas para dos subsucesiones de tiempos ...
You're in trouble here.  Try typing  <return>  to proceed.
If that doesn't work, type  X <return>  to quit.

Missing character: There is no E (U+0045) in font nullfont!
Missing character: There is no v (U+0076) in font nullfont!
Missing character: There is no a (U+0061) in font nullfont!
Missing character: There is no l (U+006C) in font nullfont!
Missing character: There is no u (U+0075) in font nullfont!
Missing character: There is no e (U+0065) in font nullfont!
Missing character: There is no m (U+006D) in font nullfont!
Missing character: There is no o (U+006F) in font nullfont!
Missing character: There is no s (U+0073) in font nullfont!
Missing character: There is no E (U+0045) in font nullfont!
Missing character: There is no v (U+0076) in font nullfont!
Missing character: There is no a (U+0061) in font nullfont!
Missing character: There is no l (U+006C) in font nullfont!
Missing character: There is no u (U+0075) in font nullfont!
Missing character: There is no e (U+0065) in font nullfont!
Missing character: There is no m (U+006D) in font nullfont!
Missing character: There is no o (U+006F) in font nullfont!
Missing character: There is no s (U+0073) in font nullfont!
Missing character: There is no l (U+006C) in font nullfont!
Missing character: There is no a (U+0061) in font nullfont!
Missing character: There is no p (U+0070) in font nullfont!
Missing character: There is no r (U+0072) in font nullfont!
Missing character: There is no o (U+006F) in font nullfont!
Missing character: There is no p (U+0070) in font nullfont!
Missing character: There is no o (U+006F) in font nullfont!
Missing character: There is no r (U+0072) in font nullfont!
Missing character: There is no c (U+0063) in font nullfont!
Missing character: There is no i (U+0069) in font nullfont!
Missing character: There is no ó (U+00F3) in font nullfont!
Missing character: There is no n (U+006E) in font nullfont!
Missing character: There is no d (U+0064) in font nullfont!
Missing character: There is no e (U+0065) in font nullfont!
Missing character: There is no v (U+0076) in font nullfont!
Missing character: There is no i (U+0069) in font nullfont!
Missing character: There is no s (U+0073) in font nullfont!
Missing character: There is no i (U+0069) in font nullfont!
Missing character: There is no t (U+0074) in font nullfont!
Missing character: There is no a (U+0061) in font nullfont!
Missing character: There is no s (U+0073) in font nullfont!
Missing character: There is no p (U+0070) in font nullfont!
Missing character: There is no a (U+0061) in font nullfont!
Missing character: There is no r (U+0072) in font nullfont!
Missing character: There is no a (U+0061) in font nullfont!
Missing character: There is no d (U+0064) in font nullfont!
Missing character: There is no o (U+006F) in font nullfont!
Missing character: There is no s (U+0073) in font nullfont!
Missing character: There is no s (U+0073) in font nullfont!
Missing character: There is no u (U+0075) in font nullfont!
Missing character: There is no b (U+0062) in font nullfont!
Missing character: There is no s (U+0073) in font nullfont!
Missing character: There is no u (U+0075) in font nullfont!
Missing character: There is no c (U+0063) in font nullfont!
Missing character: There is no e (U+0065) in font nullfont!
Missing character: There is no s (U+0073) in font nullfont!
Missing character: There is no i (U+0069) in font nullfont!
Missing character: There is no o (U+006F) in font nullfont!
Missing character: There is no n (U+006E) in font nullfont!
Missing character: There is no e (U+0065) in font nullfont!
Missing character: There is no s (U+0073) in font nullfont!
Missing character: There is no d (U+0064) in font nullfont!
Missing character: There is no e (U+0065) in font nullfont!
Missing character: There is no t (U+0074) in font nullfont!
Missing character: There is no i (U+0069) in font nullfont!
Missing character: There is no e (U+0065) in font nullfont!
Missing character: There is no m (U+006D) in font nullfont!
Missing character: There is no p (U+0070) in font nullfont!
Missing character: There is no o (U+006F) in font nullfont!
Missing character: There is no s (U+0073) in font nullfont!
Missing character: There is no d (U+0064) in font nullfont!
Missing character: There is no i (U+0069) in font nullfont!
Missing character: There is no s (U+0073) in font nullfont!
Missing character: There is no t (U+0074) in font nullfont!
Missing character: There is no i (U+0069) in font nullfont!
Missing character: There is no n (U+006E) in font nullfont!
Missing character: There is no t (U+0074) in font nullfont!
Missing character: There is no a (U+0061) in font nullfont!
Missing character: There is no s (U+0073) in font nullfont!
Missing character: There is no : (U+003A) in font nullfont!
Missing character: There is no E (U+0045) in font nullfont!
Missing character: There is no v (U+0076) in font nullfont!
Missing character: There is no a (U+0061) in font nullfont!
Missing character: There is no l (U+006C) in font nullfont!
Missing character: There is no u (U+0075) in font nullfont!
Missing character: There is no e (U+0065) in font nullfont!
Missing character: There is no m (U+006D) in font nullfont!
Missing character: There is no o (U+006F) in font nullfont!
Missing character: There is no s (U+0073) in font nullfont!

Overfull \hbox (20.0pt too wide) in paragraph at lines 29--30
[]Evaluemos
 []

Missing character: There is no l (U+006C) in font nullfont!
Missing character: There is no a (U+0061) in font nullfont!
Missing character: There is no p (U+0070) in font nullfont!
Missing character: There is no r (U+0072) in font nullfont!
Missing character: There is no o (U+006F) in font nullfont!
Missing character: There is no p (U+0070) in font nullfont!
Missing character: There is no o (U+006F) in font nullfont!
Missing character: There is no r (U+0072) in font nullfont!
Missing character: There is no c (U+0063) in font nullfont!
Missing character: There is no i (U+0069) in font nullfont!
Missing character: There is no ó (U+00F3) in font nullfont!
Missing character: There is no n (U+006E) in font nullfont!
Missing character: There is no d (U+0064) in font nullfont!
Missing character: There is no e (U+0065) in font nullfont!
Missing character: There is no v (U+0076) in font nullfont!
Missing character: There is no i (U+0069) in font nullfont!
Missing character: There is no s (U+0073) in font nullfont!
Missing character: There is no i (U+0069) in font nullfont!
Missing character: There is no t (U+0074) in font nullfont!
Missing character: There is no a (U+0061) in font nullfont!
Missing character: There is no s (U+0073) in font nullfont!
Missing character: There is no p (U+0070) in font nullfont!
Missing character: There is no a (U+0061) in font nullfont!
Missing character: There is no r (U+0072) in font nullfont!
Missing character: There is no a (U+0061) in font nullfont!
Missing character: There is no d (U+0064) in font nullfont!
Missing character: There is no o (U+006F) in font nullfont!
Missing character: There is no s (U+0073) in font nullfont!
Missing character: There is no s (U+0073) in font nullfont!
Missing character: There is no u (U+0075) in font nullfont!
Missing character: There is no b (U+0062) in font nullfont!
Missing character: There is no s (U+0073) in font nullfont!
Missing character: There is no u (U+0075) in font nullfont!
Missing character: There is no c (U+0063) in font nullfont!
Missing character: There is no e (U+0065) in font nullfont!
Missing character: There is no s (U+0073) in font nullfont!
Missing character: There is no i (U+0069) in font nullfont!
Missing character: There is no o (U+006F) in font nullfont!
Missing character: There is no n (U+006E) in font nullfont!
Missing character: There is no e (U+0065) in font nullfont!
Missing character: There is no s (U+0073) in font nullfont!
Missing character: There is no d (U+0064) in font nullfont!
Missing character: There is no e (U+0065) in font nullfont!
Missing character: There is no t (U+0074) in font nullfont!
Missing character: There is no i (U+0069) in font nullfont!
Missing character: There is no e (U+0065) in font nullfont!
Missing character: There is no m (U+006D) in font nullfont!
Missing character: There is no p (U+0070) in font nullfont!
Missing character: There is no o (U+006F) in font nullfont!
Missing character: There is no s (U+0073) in font nullfont!
Missing character: There is no d (U+0064) in font nullfont!
Missing character: There is no i (U+0069) in font nullfont!
Missing character: There is no s (U+0073) in font nullfont!
Missing character: There is no t (U+0074) in font nullfont!
Missing character: There is no i (U+0069) in font nullfont!
Missing character: There is no n (U+006E) in font nullfont!
Missing character: There is no t (U+0074) in font nullfont!
Missing character: There is no a (U+0061) in font nullfont!
Missing character: There is no s (U+0073) in font nullfont!
Missing character: There is no : (U+003A) in font nullfont!
! Undefined control sequence.
l.31 ...empos $n_m = 2^{2m}-1$ para $m \in \mathbb
                                                  {N}$. El número total de ...
The control sequence at the end of the top line
of your error message was never \def'ed. If you have
misspelled it (e.g., `\hobx'), type `I' and the correct
spelling (e.g., `I\hbox'). Otherwise just continue,
and I'll forget about whatever was undefined.

Missing character: There is no T (U+0054) in font nullfont!
Missing character: There is no o (U+006F) in font nullfont!
Missing character: There is no m (U+006D) in font nullfont!
Missing character: There is no e (U+0065) in font nullfont!
Missing character: There is no m (U+006D) in font nullfont!
Missing character: There is no o (U+006F) in font nullfont!
Missing character: There is no s (U+0073) in font nullfont!
Missing character: There is no l (U+006C) in font nullfont!
Missing character: There is no a (U+0061) in font nullfont!
Missing character: There is no s (U+0073) in font nullfont!
Missing character: There is no u (U+0075) in font nullfont!
Missing character: There is no b (U+0062) in font nullfont!
Missing character: There is no s (U+0073) in font nullfont!
Missing character: There is no u (U+0075) in font nullfont!
Missing character: There is no c (U+0063) in font nullfont!
Missing character: There is no e (U+0065) in font nullfont!
Missing character: There is no s (U+0073) in font nullfont!
Missing character: There is no i (U+0069) in font nullfont!
Missing character: There is no ó (U+00F3) in font nullfont!
Missing character: There is no n (U+006E) in font nullfont!
Missing character: There is no d (U+0064) in font nullfont!
Missing character: There is no e (U+0065) in font nullfont!
Missing character: There is no t (U+0074) in font nullfont!
Missing character: There is no i (U+0069) in font nullfont!
Missing character: There is no e (U+0065) in font nullfont!
Missing character: There is no m (U+006D) in font nullfont!
Missing character: There is no p (U+0070) in font nullfont!
Missing character: There is no o (U+006F) in font nullfont!
Missing character: There is no s (U+0073) in font nullfont!
Missing character: There is no T (U+0054) in font nullfont!
Missing character: There is no o (U+006F) in font nullfont!
Missing character: There is no m (U+006D) in font nullfont!
Missing character: There is no e (U+0065) in font nullfont!
Missing character: There is no m (U+006D) in font nullfont!
Missing character: There is no o (U+006F) in font nullfont!
Missing character: There is no s (U+0073) in font nullfont!
Missing character: There is no l (U+006C) in font nullfont!
Missing character: There is no a (U+0061) in font nullfont!
Missing character: There is no s (U+0073) in font nullfont!
Missing character: There is no u (U+0075) in font nullfont!
Missing character: There is no b (U+0062) in font nullfont!
Missing character: There is no s (U+0073) in font nullfont!
Missing character: There is no u (U+0075) in font nullfont!
Missing character: There is no c (U+0063) in font nullfont!
Missing character: There is no e (U+0065) in font nullfont!
Missing character: There is no s (U+0073) in font nullfont!
Missing character: There is no i (U+0069) in font nullfont!
Missing character: There is no ó (U+00F3) in font nullfont!
Missing character: There is no n (U+006E) in font nullfont!
Missing character: There is no d (U+0064) in font nullfont!
Missing character: There is no e (U+0065) in font nullfont!
Missing character: There is no t (U+0074) in font nullfont!
Missing character: There is no i (U+0069) in font nullfont!
Missing character: There is no e (U+0065) in font nullfont!
Missing character: There is no m (U+006D) in font nullfont!
Missing character: There is no p (U+0070) in font nullfont!
Missing character: There is no o (U+006F) in font nullfont!
Missing character: There is no s (U+0073) in font nullfont!
Missing character: There is no p (U+0070) in font nullfont!
Missing character: There is no a (U+0061) in font nullfont!
Missing character: There is no r (U+0072) in font nullfont!
Missing character: There is no a (U+0061) in font nullfont!
Missing character: There is no . (U+002E) in font nullfont!
Missing character: There is no E (U+0045) in font nullfont!
Missing character: There is no l (U+006C) in font nullfont!
Missing character: There is no n (U+006E) in font nullfont!
Missing character: There is no ú (U+00FA) in font nullfont!
Missing character: There is no m (U+006D) in font nullfont!
Missing character: There is no e (U+0065) in font nullfont!
Missing character: There is no r (U+0072) in font nullfont!
Missing character: There is no o (U+006F) in font nullfont!
Missing character: There is no t (U+0074) in font nullfont!
Missing character: There is no o (U+006F) in font nullfont!
Missing character: There is no t (U+0074) in font nullfont!
Missing character: There is no a (U+0061) in font nullfont!
Missing character: There is no l (U+006C) in font nullfont!
Missing character: There is no d (U+0064) in font nullfont!
Missing character: There is no e (U+0065) in font nullfont!
Missing character: There is no u (U+0075) in font nullfont!
Missing character: There is no n (U+006E) in font nullfont!
Missing character: There is no o (U+006F) in font nullfont!
Missing character: There is no s (U+0073) in font nullfont!
Missing character: There is no a (U+0061) in font nullfont!
Missing character: There is no c (U+0063) in font nullfont!
Missing character: There is no u (U+0075) in font nullfont!
Missing character: There is no m (U+006D) in font nullfont!
Missing character: There is no u (U+0075) in font nullfont!
Missing character: There is no l (U+006C) in font nullfont!
Missing character: There is no a (U+0061) in font nullfont!
Missing character: There is no d (U+0064) in font nullfont!
Missing character: There is no o (U+006F) in font nullfont!
Missing character: There is no s (U+0073) in font nullfont!
Missing character: There is no h (U+0068) in font nullfont!
Missing character: There is no a (U+0061) in font nullfont!
Missing character: There is no s (U+0073) in font nullfont!
Missing character: There is no t (U+0074) in font nullfont!
Missing character: There is no a (U+0061) in font nullfont!
Missing character: There is no e (U+0065) in font nullfont!
Missing character: There is no s (U+0073) in font nullfont!
Missing character: There is no t (U+0074) in font nullfont!
Missing character: There is no a (U+0061) in font nullfont!
Missing character: There is no i (U+0069) in font nullfont!
Missing character: There is no t (U+0074) in font nullfont!
Missing character: There is no e (U+0065) in font nullfont!
Missing character: There is no r (U+0072) in font nullfont!
Missing character: There is no a (U+0061) in font nullfont!
Missing character: There is no c (U+0063) in font nullfont!
Missing character: There is no i (U+0069) in font nullfont!
Missing character: There is no ó (U+00F3) in font nullfont!
Missing character: There is no n (U+006E) in font nullfont!
Missing character: There is no e (U+0065) in font nullfont!
Missing character: There is no s (U+0073) in font nullfont!
Missing character: There is no l (U+006C) in font nullfont!
Missing character: There is no a (U+0061) in font nullfont!
Missing character: There is no s (U+0073) in font nullfont!
Missing character: There is no u (U+0075) in font nullfont!
Missing character: There is no m (U+006D) in font nullfont!
Missing character: There is no a (U+0061) in font nullfont!
Missing character: There is no g (U+0067) in font nullfont!
Missing character: There is no e (U+0065) in font nullfont!
Missing character: There is no o (U+006F) in font nullfont!
Missing character: There is no m (U+006D) in font nullfont!
Missing character: There is no é (U+00E9) in font nullfont!
Missing character: There is no t (U+0074) in font nullfont!
Missing character: There is no r (U+0072) in font nullfont!
Missing character: There is no i (U+0069) in font nullfont!
Missing character: There is no c (U+0063) in font nullfont!
Missing character: There is no a (U+0061) in font nullfont!
Missing character: There is no d (U+0064) in font nullfont!
Missing character: There is no e (U+0065) in font nullfont!
Missing character: There is no l (U+006C) in font nullfont!
Missing character: There is no a (U+0061) in font nullfont!
Missing character: There is no s (U+0073) in font nullfont!
Missing character: There is no p (U+0070) in font nullfont!
Missing character: There is no o (U+006F) in font nullfont!
Missing character: There is no t (U+0074) in font nullfont!
Missing character: There is no e (U+0065) in font nullfont!
Missing character: There is no n (U+006E) in font nullfont!
Missing character: There is no c (U+0063) in font nullfont!
Missing character: There is no i (U+0069) in font nullfont!
Missing character: There is no a (U+0061) in font nullfont!
Missing character: There is no s (U+0073) in font nullfont!
Missing character: There is no p (U+0070) in font nullfont!
Missing character: There is no a (U+0061) in font nullfont!
Missing character: There is no r (U+0072) in font nullfont!
Missing character: There is no e (U+0065) in font nullfont!
Missing character: There is no s (U+0073) in font nullfont!
Missing character: There is no : (U+003A) in font nullfont!
Missing character: There is no T (U+0054) in font nullfont!
Missing character: There is no o (U+006F) in font nullfont!
Missing character: There is no m (U+006D) in font nullfont!
Missing character: There is no e (U+0065) in font nullfont!
Missing character: There is no m (U+006D) in font nullfont!
Missing character: There is no o (U+006F) in font nullfont!
Missing character: There is no s (U+0073) in font nullfont!
Missing character: There is no l (U+006C) in font nullfont!
Missing character: There is no a (U+0061) in font nullfont!
Missing character: There is no s (U+0073) in font nullfont!
Missing character: There is no u (U+0075) in font nullfont!
Missing character: There is no b (U+0062) in font nullfont!
Missing character: There is no s (U+0073) in font nullfont!
Missing character: There is no u (U+0075) in font nullfont!
Missing character: There is no c (U+0063) in font nullfont!
Missing character: There is no e (U+0065) in font nullfont!
Missing character: There is no s (U+0073) in font nullfont!
Missing character: There is no i (U+0069) in font nullfont!
Missing character: There is no ó (U+00F3) in font nullfont!
Missing character: There is no n (U+006E) in font nullfont!
Missing character: There is no d (U+0064) in font nullfont!
Missing character: There is no e (U+0065) in font nullfont!
Missing character: There is no t (U+0074) in font nullfont!
Missing character: There is no i (U+0069) in font nullfont!
Missing character: There is no e (U+0065) in font nullfont!
Missing character: There is no m (U+006D) in font nullfont!
Missing character: There is no p (U+0070) in font nullfont!
Missing character: There is no o (U+006F) in font nullfont!
Missing character: There is no s (U+0073) in font nullfont!

Overfull \hbox (24.15398pt too wide) in paragraph at lines 31--32
\OML/cmm/m/it/10 n[] \OT1/cmr/m/n/10 =
 []


Overfull \hbox (24.36006pt too wide) in paragraph at lines 31--32
\OT1/cmr/m/n/10 2[] \OMS/cmsy/m/n/10 ^^@
 []


Overfull \hbox (5.00002pt too wide) in paragraph at lines 31--32
\OT1/cmr/m/n/10 1$
 []

Missing character: There is no p (U+0070) in font nullfont!
Missing character: There is no a (U+0061) in font nullfont!
Missing character: There is no r (U+0072) in font nullfont!
Missing character: There is no a (U+0061) in font nullfont!

Overfull \hbox (18.22453pt too wide) in paragraph at lines 31--32
\OML/cmm/m/it/10 m \OMS/cmsy/m/n/10 2
 []

Missing character: There is no . (U+002E) in font nullfont!

Overfull \hbox (9.12497pt too wide) in paragraph at lines 31--32
\OML/cmm/m/it/10 N$\nullfont .
 []

Missing character: There is no E (U+0045) in font nullfont!
Missing character: There is no l (U+006C) in font nullfont!
Missing character: There is no n (U+006E) in font nullfont!
Missing character: There is no ú (U+00FA) in font nullfont!
Missing character: There is no m (U+006D) in font nullfont!
Missing character: There is no e (U+0065) in font nullfont!
Missing character: There is no r (U+0072) in font nullfont!
Missing character: There is no o (U+006F) in font nullfont!
Missing character: There is no t (U+0074) in font nullfont!
Missing character: There is no o (U+006F) in font nullfont!
Missing character: There is no t (U+0074) in font nullfont!
Missing character: There is no a (U+0061) in font nullfont!
Missing character: There is no l (U+006C) in font nullfont!
Missing character: There is no d (U+0064) in font nullfont!
Missing character: There is no e (U+0065) in font nullfont!
Missing character: There is no u (U+0075) in font nullfont!
Missing character: There is no n (U+006E) in font nullfont!
Missing character: There is no o (U+006F) in font nullfont!
Missing character: There is no s (U+0073) in font nullfont!
Missing character: There is no a (U+0061) in font nullfont!
Missing character: There is no c (U+0063) in font nullfont!
Missing character: There is no u (U+0075) in font nullfont!
Missing character: There is no m (U+006D) in font nullfont!
Missing character: There is no u (U+0075) in font nullfont!
Missing character: There is no l (U+006C) in font nullfont!
Missing character: There is no a (U+0061) in font nullfont!
Missing character: There is no d (U+0064) in font nullfont!
Missing character: There is no o (U+006F) in font nullfont!
Missing character: There is no s (U+0073) in font nullfont!
Missing character: There is no h (U+0068) in font nullfont!
Missing character: There is no a (U+0061) in font nullfont!
Missing character: There is no s (U+0073) in font nullfont!
Missing character: There is no t (U+0074) in font nullfont!
Missing character: There is no a (U+0061) in font nullfont!
Missing character: There is no e (U+0065) in font nullfont!
Missing character: There is no s (U+0073) in font nullfont!
Missing character: There is no t (U+0074) in font nullfont!
Missing character: There is no a (U+0061) in font nullfont!
Missing character: There is no i (U+0069) in font nullfont!
Missing character: There is no t (U+0074) in font nullfont!
Missing character: There is no e (U+0065) in font nullfont!
Missing character: There is no r (U+0072) in font nullfont!
Missing character: There is no a (U+0061) in font nullfont!
Missing character: There is no c (U+0063) in font nullfont!
Missing character: There is no i (U+0069) in font nullfont!
Missing character: There is no ó (U+00F3) in font nullfont!
Missing character: There is no n (U+006E) in font nullfont!
Missing character: There is no e (U+0065) in font nullfont!
Missing character: There is no s (U+0073) in font nullfont!
Missing character: There is no l (U+006C) in font nullfont!
Missing character: There is no a (U+0061) in font nullfont!
Missing character: There is no s (U+0073) in font nullfont!
Missing character: There is no u (U+0075) in font nullfont!
Missing character: There is no m (U+006D) in font nullfont!
Missing character: There is no a (U+0061) in font nullfont!
Missing character: There is no g (U+0067) in font nullfont!
Missing character: There is no e (U+0065) in font nullfont!
Missing character: There is no o (U+006F) in font nullfont!
Missing character: There is no m (U+006D) in font nullfont!
Missing character: There is no é (U+00E9) in font nullfont!
Missing character: There is no t (U+0074) in font nullfont!
Missing character: There is no r (U+0072) in font nullfont!
Missing character: There is no i (U+0069) in font nullfont!
Missing character: There is no c (U+0063) in font nullfont!
Missing character: There is no a (U+0061) in font nullfont!
Missing character: There is no d (U+0064) in font nullfont!
Missing character: There is no e (U+0065) in font nullfont!
Missing character: There is no l (U+006C) in font nullfont!
Missing character: There is no a (U+0061) in font nullfont!
Missing character: There is no s (U+0073) in font nullfont!
Missing character: There is no p (U+0070) in font nullfont!
Missing character: There is no o (U+006F) in font nullfont!
Missing character: There is no t (U+0074) in font nullfont!
Missing character: There is no e (U+0065) in font nullfont!
Missing character: There is no n (U+006E) in font nullfont!
Missing character: There is no c (U+0063) in font nullfont!
Missing character: There is no i (U+0069) in font nullfont!
Missing character: There is no a (U+0061) in font nullfont!
Missing character: There is no s (U+0073) in font nullfont!
Missing character: There is no p (U+0070) in font nullfont!
Missing character: There is no a (U+0061) in font nullfont!
Missing character: There is no r (U+0072) in font nullfont!
Missing character: There is no e (U+0065) in font nullfont!
Missing character: There is no s (U+0073) in font nullfont!
Missing character: There is no : (U+003A) in font nullfont!

Overfull \hbox (363.85477pt too wide) detected at line 32
[] [] \OML/cmm/m/it/10 []\OT1/cmr/m/n/10 (\OML/cmm/m/it/10 f[]\OT1/cmr/m/n/10 
(\OML/cmm/m/it/10 x\OT1/cmr/m/n/10 )) = [](2[] + 2[] + 2[] + [] + 2[]) = [] [] 
= []
 []

! Undefined control sequence.
l.33 ...pos $l_m = 2^{2m+1}-1$ para $m \in \mathbb
                                                  {N}$. Incorporando el sigu...
The control sequence at the end of the top line
of your error message was never \def'ed. If you have
misspelled it (e.g., `\hobx'), type `I' and the correct
spelling (e.g., `I\hbox'). Otherwise just continue,
and I'll forget about whatever was undefined.

Missing character: There is no T (U+0054) in font nullfont!
Missing character: There is no o (U+006F) in font nullfont!
Missing character: There is no m (U+006D) in font nullfont!
Missing character: There is no e (U+0065) in font nullfont!
Missing character: There is no m (U+006D) in font nullfont!
Missing character: There is no o (U+006F) in font nullfont!
Missing character: There is no s (U+0073) in font nullfont!
Missing character: There is no a (U+0061) in font nullfont!
Missing character: There is no h (U+0068) in font nullfont!
Missing character: There is no o (U+006F) in font nullfont!
Missing character: There is no r (U+0072) in font nullfont!
Missing character: There is no a (U+0061) in font nullfont!
Missing character: There is no l (U+006C) in font nullfont!
Missing character: There is no a (U+0061) in font nullfont!
Missing character: There is no s (U+0073) in font nullfont!
Missing character: There is no u (U+0075) in font nullfont!
Missing character: There is no b (U+0062) in font nullfont!
Missing character: There is no s (U+0073) in font nullfont!
Missing character: There is no u (U+0075) in font nullfont!
Missing character: There is no c (U+0063) in font nullfont!
Missing character: There is no e (U+0065) in font nullfont!
Missing character: There is no s (U+0073) in font nullfont!
Missing character: There is no i (U+0069) in font nullfont!
Missing character: There is no ó (U+00F3) in font nullfont!
Missing character: There is no n (U+006E) in font nullfont!
Missing character: There is no d (U+0064) in font nullfont!
Missing character: There is no e (U+0065) in font nullfont!
Missing character: There is no t (U+0074) in font nullfont!
Missing character: There is no i (U+0069) in font nullfont!
Missing character: There is no e (U+0065) in font nullfont!
Missing character: There is no m (U+006D) in font nullfont!
Missing character: There is no p (U+0070) in font nullfont!
Missing character: There is no o (U+006F) in font nullfont!
Missing character: There is no s (U+0073) in font nullfont!
Missing character: There is no T (U+0054) in font nullfont!
Missing character: There is no o (U+006F) in font nullfont!
Missing character: There is no m (U+006D) in font nullfont!
Missing character: There is no e (U+0065) in font nullfont!
Missing character: There is no m (U+006D) in font nullfont!
Missing character: There is no o (U+006F) in font nullfont!
Missing character: There is no s (U+0073) in font nullfont!
Missing character: There is no a (U+0061) in font nullfont!
Missing character: There is no h (U+0068) in font nullfont!
Missing character: There is no o (U+006F) in font nullfont!
Missing character: There is no r (U+0072) in font nullfont!
Missing character: There is no a (U+0061) in font nullfont!
Missing character: There is no l (U+006C) in font nullfont!
Missing character: There is no a (U+0061) in font nullfont!
Missing character: There is no s (U+0073) in font nullfont!
Missing character: There is no u (U+0075) in font nullfont!
Missing character: There is no b (U+0062) in font nullfont!
Missing character: There is no s (U+0073) in font nullfont!
Missing character: There is no u (U+0075) in font nullfont!
Missing character: There is no c (U+0063) in font nullfont!
Missing character: There is no e (U+0065) in font nullfont!
Missing character: There is no s (U+0073) in font nullfont!
Missing character: There is no i (U+0069) in font nullfont!
Missing character: There is no ó (U+00F3) in font nullfont!
Missing character: There is no n (U+006E) in font nullfont!
Missing character: There is no d (U+0064) in font nullfont!
Missing character: There is no e (U+0065) in font nullfont!
Missing character: There is no t (U+0074) in font nullfont!
Missing character: There is no i (U+0069) in font nullfont!
Missing character: There is no e (U+0065) in font nullfont!
Missing character: There is no m (U+006D) in font nullfont!
Missing character: There is no p (U+0070) in font nullfont!
Missing character: There is no o (U+006F) in font nullfont!
Missing character: There is no s (U+0073) in font nullfont!
Missing character: There is no p (U+0070) in font nullfont!
Missing character: There is no a (U+0061) in font nullfont!
Missing character: There is no r (U+0072) in font nullfont!
Missing character: There is no a (U+0061) in font nullfont!
Missing character: There is no . (U+002E) in font nullfont!
Missing character: There is no I (U+0049) in font nullfont!
Missing character: There is no n (U+006E) in font nullfont!
Missing character: There is no c (U+0063) in font nullfont!
Missing character: There is no o (U+006F) in font nullfont!
Missing character: There is no r (U+0072) in font nullfont!
Missing character: There is no p (U+0070) in font nullfont!
Missing character: There is no o (U+006F) in font nullfont!
Missing character: There is no r (U+0072) in font nullfont!
Missing character: There is no a (U+0061) in font nullfont!
Missing character: There is no n (U+006E) in font nullfont!
Missing character: There is no d (U+0064) in font nullfont!
Missing character: There is no o (U+006F) in font nullfont!
Missing character: There is no e (U+0065) in font nullfont!
Missing character: There is no l (U+006C) in font nullfont!
Missing character: There is no s (U+0073) in font nullfont!
Missing character: There is no i (U+0069) in font nullfont!
Missing character: There is no g (U+0067) in font nullfont!
Missing character: There is no u (U+0075) in font nullfont!
Missing character: There is no i (U+0069) in font nullfont!
Missing character: There is no e (U+0065) in font nullfont!
Missing character: There is no n (U+006E) in font nullfont!
Missing character: There is no t (U+0074) in font nullfont!
Missing character: There is no e (U+0065) in font nullfont!
Missing character: There is no b (U+0062) in font nullfont!
Missing character: There is no l (U+006C) in font nullfont!
Missing character: There is no o (U+006F) in font nullfont!
Missing character: There is no q (U+0071) in font nullfont!
Missing character: There is no u (U+0075) in font nullfont!
Missing character: There is no e (U+0065) in font nullfont!
Missing character: There is no p (U+0070) in font nullfont!
Missing character: There is no a (U+0061) in font nullfont!
Missing character: There is no r (U+0072) in font nullfont!
Missing character: There is no d (U+0064) in font nullfont!
Missing character: There is no e (U+0065) in font nullfont!
Missing character: There is no u (U+0075) in font nullfont!
Missing character: There is no n (U+006E) in font nullfont!
Missing character: There is no o (U+006F) in font nullfont!
Missing character: There is no s (U+0073) in font nullfont!
Missing character: There is no q (U+0071) in font nullfont!
Missing character: There is no u (U+0075) in font nullfont!
Missing character: There is no e (U+0065) in font nullfont!
Missing character: There is no v (U+0076) in font nullfont!
Missing character: There is no a (U+0061) in font nullfont!
Missing character: There is no d (U+0064) in font nullfont!
Missing character: There is no e (U+0065) in font nullfont!
Missing character: There is no s (U+0073) in font nullfont!
Missing character: There is no d (U+0064) in font nullfont!
Missing character: There is no e (U+0065) in font nullfont!
Missing character: There is no h (U+0068) in font nullfont!
Missing character: There is no a (U+0061) in font nullfont!
Missing character: There is no s (U+0073) in font nullfont!
Missing character: There is no t (U+0074) in font nullfont!
Missing character: There is no a (U+0061) in font nullfont!
Missing character: There is no : (U+003A) in font nullfont!
Missing character: There is no T (U+0054) in font nullfont!
Missing character: There is no o (U+006F) in font nullfont!
Missing character: There is no m (U+006D) in font nullfont!
Missing character: There is no e (U+0065) in font nullfont!
Missing character: There is no m (U+006D) in font nullfont!
Missing character: There is no o (U+006F) in font nullfont!
Missing character: There is no s (U+0073) in font nullfont!
Missing character: There is no a (U+0061) in font nullfont!
Missing character: There is no h (U+0068) in font nullfont!
Missing character: There is no o (U+006F) in font nullfont!
Missing character: There is no r (U+0072) in font nullfont!
Missing character: There is no a (U+0061) in font nullfont!
Missing character: There is no l (U+006C) in font nullfont!
Missing character: There is no a (U+0061) in font nullfont!
Missing character: There is no s (U+0073) in font nullfont!
Missing character: There is no u (U+0075) in font nullfont!
Missing character: There is no b (U+0062) in font nullfont!
Missing character: There is no s (U+0073) in font nullfont!
Missing character: There is no u (U+0075) in font nullfont!
Missing character: There is no c (U+0063) in font nullfont!
Missing character: There is no e (U+0065) in font nullfont!
Missing character: There is no s (U+0073) in font nullfont!
Missing character: There is no i (U+0069) in font nullfont!
Missing character: There is no ó (U+00F3) in font nullfont!
Missing character: There is no n (U+006E) in font nullfont!
Missing character: There is no d (U+0064) in font nullfont!
Missing character: There is no e (U+0065) in font nullfont!
Missing character: There is no t (U+0074) in font nullfont!
Missing character: There is no i (U+0069) in font nullfont!
Missing character: There is no e (U+0065) in font nullfont!
Missing character: There is no m (U+006D) in font nullfont!
Missing character: There is no p (U+0070) in font nullfont!
Missing character: There is no o (U+006F) in font nullfont!
Missing character: There is no s (U+0073) in font nullfont!

Overfull \hbox (21.13542pt too wide) in paragraph at lines 33--34
\OML/cmm/m/it/10 l[] \OT1/cmr/m/n/10 =
 []


Overfull \hbox (34.4851pt too wide) in paragraph at lines 33--34
\OT1/cmr/m/n/10 2[] \OMS/cmsy/m/n/10 ^^@
 []


Overfull \hbox (5.00002pt too wide) in paragraph at lines 33--34
\OT1/cmr/m/n/10 1$
 []

Missing character: There is no p (U+0070) in font nullfont!
Missing character: There is no a (U+0061) in font nullfont!
Missing character: There is no r (U+0072) in font nullfont!
Missing character: There is no a (U+0061) in font nullfont!

Overfull \hbox (18.22453pt too wide) in paragraph at lines 33--34
\OML/cmm/m/it/10 m \OMS/cmsy/m/n/10 2
 []

Missing character: There is no . (U+002E) in font nullfont!

Overfull \hbox (9.12497pt too wide) in paragraph at lines 33--34
\OML/cmm/m/it/10 N$\nullfont .
 []

Missing character: There is no I (U+0049) in font nullfont!
Missing character: There is no n (U+006E) in font nullfont!
Missing character: There is no c (U+0063) in font nullfont!
Missing character: There is no o (U+006F) in font nullfont!
Missing character: There is no r (U+0072) in font nullfont!
Missing character: There is no p (U+0070) in font nullfont!
Missing character: There is no o (U+006F) in font nullfont!
Missing character: There is no r (U+0072) in font nullfont!
Missing character: There is no a (U+0061) in font nullfont!
Missing character: There is no n (U+006E) in font nullfont!
Missing character: There is no d (U+0064) in font nullfont!
Missing character: There is no o (U+006F) in font nullfont!
Missing character: There is no e (U+0065) in font nullfont!
Missing character: There is no l (U+006C) in font nullfont!
Missing character: There is no s (U+0073) in font nullfont!
Missing character: There is no i (U+0069) in font nullfont!
Missing character: There is no g (U+0067) in font nullfont!
Missing character: There is no u (U+0075) in font nullfont!
Missing character: There is no i (U+0069) in font nullfont!
Missing character: There is no e (U+0065) in font nullfont!
Missing character: There is no n (U+006E) in font nullfont!
Missing character: There is no t (U+0074) in font nullfont!
Missing character: There is no e (U+0065) in font nullfont!
Missing character: There is no b (U+0062) in font nullfont!
Missing character: There is no l (U+006C) in font nullfont!
Missing character: There is no o (U+006F) in font nullfont!
Missing character: There is no q (U+0071) in font nullfont!
Missing character: There is no u (U+0075) in font nullfont!
Missing character: There is no e (U+0065) in font nullfont!
Missing character: There is no p (U+0070) in font nullfont!
Missing character: There is no a (U+0061) in font nullfont!
Missing character: There is no r (U+0072) in font nullfont!
Missing character: There is no d (U+0064) in font nullfont!
Missing character: There is no e (U+0065) in font nullfont!
Missing character: There is no u (U+0075) in font nullfont!
Missing character: There is no n (U+006E) in font nullfont!
Missing character: There is no o (U+006F) in font nullfont!
Missing character: There is no s (U+0073) in font nullfont!
Missing character: There is no q (U+0071) in font nullfont!
Missing character: There is no u (U+0075) in font nullfont!
Missing character: There is no e (U+0065) in font nullfont!
Missing character: There is no v (U+0076) in font nullfont!
Missing character: There is no a (U+0061) in font nullfont!
Missing character: There is no d (U+0064) in font nullfont!
Missing character: There is no e (U+0065) in font nullfont!
Missing character: There is no s (U+0073) in font nullfont!
Missing character: There is no d (U+0064) in font nullfont!
Missing character: There is no e (U+0065) in font nullfont!

Overfull \hbox (16.58226pt too wide) in paragraph at lines 33--34
\OT1/cmr/m/n/10 2[]$
 []

Missing character: There is no h (U+0068) in font nullfont!
Missing character: There is no a (U+0061) in font nullfont!
Missing character: There is no s (U+0073) in font nullfont!
Missing character: There is no t (U+0074) in font nullfont!
Missing character: There is no a (U+0061) in font nullfont!

Overfull \hbox (34.4851pt too wide) in paragraph at lines 33--34
\OT1/cmr/m/n/10 2[] \OMS/cmsy/m/n/10 ^^@
 []

Missing character: There is no : (U+003A) in font nullfont!

Overfull \hbox (5.00002pt too wide) in paragraph at lines 33--34
\OT1/cmr/m/n/10 1$\nullfont : 
 []

! Undefined control sequence.
l.34 ...^{2m}-1}{3(2 \cdot 2^{2m}-1)} \xrightarrow
                                                  {m \to \infty} \frac{2}{3} $$
The control sequence at the end of the top line
of your error message was never \def'ed. If you have
misspelled it (e.g., `\hobx'), type `I' and the correct
spelling (e.g., `I\hbox'). Otherwise just continue,
and I'll forget about whatever was undefined.


Overfull \hbox (337.52112pt too wide) detected at line 34
[] [] \OML/cmm/m/it/10 []\OT1/cmr/m/n/10 (\OML/cmm/m/it/10 f[]\OT1/cmr/m/n/10 
(\OML/cmm/m/it/10 x\OT1/cmr/m/n/10 )) = [] [] = [][][]
 []


! LaTeX Error: \begin{document} ended by \end{ejemplo}.

See the LaTeX manual or LaTeX Companion for explanation.
Type  H <return>  for immediate help.
 ...                                              
                                                  
l.37 \end{ejemplo}
                  
Your command was ignored.
Type  I <command> <return>  to replace it with another command,
or  <return>  to continue without it.

Missing character: There is no C (U+0043) in font nullfont!
Missing character: There is no o (U+006F) in font nullfont!
Missing character: There is no m (U+006D) in font nullfont!
Missing character: There is no o (U+006F) in font nullfont!
Missing character: There is no l (U+006C) in font nullfont!
Missing character: There is no o (U+006F) in font nullfont!
Missing character: There is no s (U+0073) in font nullfont!
Missing character: There is no l (U+006C) in font nullfont!
Missing character: There is no í (U+00ED) in font nullfont!
Missing character: There is no m (U+006D) in font nullfont!
Missing character: There is no i (U+0069) in font nullfont!
Missing character: There is no t (U+0074) in font nullfont!
Missing character: There is no e (U+0065) in font nullfont!
Missing character: There is no s (U+0073) in font nullfont!
Missing character: There is no p (U+0070) in font nullfont!
Missing character: There is no o (U+006F) in font nullfont!
Missing character: There is no r (U+0072) in font nullfont!
Missing character: There is no a (U+0061) in font nullfont!
Missing character: There is no m (U+006D) in font nullfont!
Missing character: There is no b (U+0062) in font nullfont!
Missing character: There is no a (U+0061) in font nullfont!
Missing character: There is no s (U+0073) in font nullfont!
Missing character: There is no s (U+0073) in font nullfont!
Missing character: There is no u (U+0075) in font nullfont!
Missing character: There is no b (U+0062) in font nullfont!
Missing character: There is no s (U+0073) in font nullfont!
Missing character: There is no u (U+0075) in font nullfont!
Missing character: There is no c (U+0063) in font nullfont!
Missing character: There is no e (U+0065) in font nullfont!
Missing character: There is no s (U+0073) in font nullfont!
Missing character: There is no i (U+0069) in font nullfont!
Missing character: There is no o (U+006F) in font nullfont!
Missing character: There is no n (U+006E) in font nullfont!
Missing character: There is no e (U+0065) in font nullfont!
Missing character: There is no s (U+0073) in font nullfont!
Missing character: There is no s (U+0073) in font nullfont!
Missing character: There is no o (U+006F) in font nullfont!
Missing character: There is no n (U+006E) in font nullfont!
Missing character: There is no d (U+0064) in font nullfont!
Missing character: There is no i (U+0069) in font nullfont!
Missing character: There is no s (U+0073) in font nullfont!
Missing character: There is no t (U+0074) in font nullfont!
Missing character: There is no i (U+0069) in font nullfont!
Missing character: There is no n (U+006E) in font nullfont!
Missing character: There is no t (U+0074) in font nullfont!
Missing character: There is no o (U+006F) in font nullfont!
Missing character: There is no s (U+0073) in font nullfont!
Missing character: There is no ( (U+0028) in font nullfont!
Missing character: There is no C (U+0043) in font nullfont!
Missing character: There is no o (U+006F) in font nullfont!
Missing character: There is no m (U+006D) in font nullfont!
Missing character: There is no o (U+006F) in font nullfont!
Missing character: There is no l (U+006C) in font nullfont!
Missing character: There is no o (U+006F) in font nullfont!
Missing character: There is no s (U+0073) in font nullfont!
Missing character: There is no l (U+006C) in font nullfont!
Missing character: There is no í (U+00ED) in font nullfont!
Missing character: There is no m (U+006D) in font nullfont!
Missing character: There is no i (U+0069) in font nullfont!
Missing character: There is no t (U+0074) in font nullfont!
Missing character: There is no e (U+0065) in font nullfont!
Missing character: There is no s (U+0073) in font nullfont!
Missing character: There is no p (U+0070) in font nullfont!
Missing character: There is no o (U+006F) in font nullfont!
Missing character: There is no r (U+0072) in font nullfont!
Missing character: There is no a (U+0061) in font nullfont!
Missing character: There is no m (U+006D) in font nullfont!
Missing character: There is no b (U+0062) in font nullfont!
Missing character: There is no a (U+0061) in font nullfont!
Missing character: There is no s (U+0073) in font nullfont!
Missing character: There is no s (U+0073) in font nullfont!
Missing character: There is no u (U+0075) in font nullfont!
Missing character: There is no b (U+0062) in font nullfont!
Missing character: There is no s (U+0073) in font nullfont!
Missing character: There is no u (U+0075) in font nullfont!
Missing character: There is no c (U+0063) in font nullfont!
Missing character: There is no e (U+0065) in font nullfont!
Missing character: There is no s (U+0073) in font nullfont!
Missing character: There is no i (U+0069) in font nullfont!
Missing character: There is no o (U+006F) in font nullfont!
Missing character: There is no n (U+006E) in font nullfont!
Missing character: There is no e (U+0065) in font nullfont!
Missing character: There is no s (U+0073) in font nullfont!
Missing character: There is no s (U+0073) in font nullfont!
Missing character: There is no o (U+006F) in font nullfont!
Missing character: There is no n (U+006E) in font nullfont!
Missing character: There is no d (U+0064) in font nullfont!
Missing character: There is no i (U+0069) in font nullfont!
Missing character: There is no s (U+0073) in font nullfont!
Missing character: There is no t (U+0074) in font nullfont!
Missing character: There is no i (U+0069) in font nullfont!
Missing character: There is no n (U+006E) in font nullfont!
Missing character: There is no t (U+0074) in font nullfont!
Missing character: There is no o (U+006F) in font nullfont!
Missing character: There is no s (U+0073) in font nullfont!
Missing character: There is no ( (U+0028) in font nullfont!
Missing character: There is no ) (U+0029) in font nullfont!
Missing character: There is no , (U+002C) in font nullfont!
Missing character: There is no e (U+0065) in font nullfont!
Missing character: There is no l (U+006C) in font nullfont!
Missing character: There is no l (U+006C) in font nullfont!
Missing character: There is no í (U+00ED) in font nullfont!
Missing character: There is no m (U+006D) in font nullfont!
Missing character: There is no i (U+0069) in font nullfont!
Missing character: There is no t (U+0074) in font nullfont!
Missing character: There is no e (U+0065) in font nullfont!
Missing character: There is no d (U+0064) in font nullfont!
Missing character: There is no e (U+0065) in font nullfont!
Missing character: There is no l (U+006C) in font nullfont!
Missing character: There is no p (U+0070) in font nullfont!
Missing character: There is no r (U+0072) in font nullfont!
Missing character: There is no o (U+006F) in font nullfont!
Missing character: There is no m (U+006D) in font nullfont!
Missing character: There is no e (U+0065) in font nullfont!
Missing character: There is no d (U+0064) in font nullfont!
Missing character: There is no i (U+0069) in font nullfont!
Missing character: There is no o (U+006F) in font nullfont!
Missing character: There is no n (U+006E) in font nullfont!
Missing character: There is no o (U+006F) in font nullfont!
Missing character: There is no e (U+0065) in font nullfont!
Missing character: There is no x (U+0078) in font nullfont!
Missing character: There is no i (U+0069) in font nullfont!
Missing character: There is no s (U+0073) in font nullfont!
Missing character: There is no t (U+0074) in font nullfont!
Missing character: There is no e (U+0065) in font nullfont!
Missing character: There is no . (U+002E) in font nullfont!
Missing character: There is no E (U+0045) in font nullfont!
Missing character: There is no s (U+0073) in font nullfont!
Missing character: There is no t (U+0074) in font nullfont!
Missing character: There is no o (U+006F) in font nullfont!
Missing character: There is no o (U+006F) in font nullfont!
Missing character: There is no c (U+0063) in font nullfont!
Missing character: There is no u (U+0075) in font nullfont!
Missing character: There is no r (U+0072) in font nullfont!
Missing character: There is no r (U+0072) in font nullfont!
Missing character: There is no e (U+0065) in font nullfont!
Missing character: There is no p (U+0070) in font nullfont!
Missing character: There is no o (U+006F) in font nullfont!
Missing character: There is no r (U+0072) in font nullfont!
Missing character: There is no q (U+0071) in font nullfont!
Missing character: There is no u (U+0075) in font nullfont!
Missing character: There is no e (U+0065) in font nullfont!
Missing character: There is no a (U+0061) in font nullfont!
Missing character: There is no l (U+006C) in font nullfont!
Missing character: There is no c (U+0063) in font nullfont!
Missing character: There is no o (U+006F) in font nullfont!
Missing character: There is no n (U+006E) in font nullfont!
Missing character: There is no s (U+0073) in font nullfont!
Missing character: There is no t (U+0074) in font nullfont!
Missing character: There is no r (U+0072) in font nullfont!
Missing character: There is no u (U+0075) in font nullfont!
Missing character: There is no i (U+0069) in font nullfont!
Missing character: There is no r (U+0072) in font nullfont!
Missing character: There is no e (U+0065) in font nullfont!
Missing character: There is no s (U+0073) in font nullfont!
Missing character: There is no t (U+0074) in font nullfont!
Missing character: There is no e (U+0065) in font nullfont!
Missing character: There is no p (U+0070) in font nullfont!
Missing character: There is no u (U+0075) in font nullfont!
Missing character: There is no n (U+006E) in font nullfont!
Missing character: There is no t (U+0074) in font nullfont!
Missing character: There is no o (U+006F) in font nullfont!
Missing character: There is no p (U+0070) in font nullfont!
Missing character: There is no a (U+0061) in font nullfont!
Missing character: There is no t (U+0074) in font nullfont!
Missing character: There is no o (U+006F) in font nullfont!
Missing character: There is no l (U+006C) in font nullfont!
Missing character: There is no ó (U+00F3) in font nullfont!
Missing character: There is no g (U+0067) in font nullfont!
Missing character: There is no i (U+0069) in font nullfont!
Missing character: There is no c (U+0063) in font nullfont!
Missing character: There is no o (U+006F) in font nullfont!
Missing character: There is no , (U+002C) in font nullfont!
Missing character: There is no n (U+006E) in font nullfont!
Missing character: There is no o (U+006F) in font nullfont!
Missing character: There is no e (U+0065) in font nullfont!
Missing character: There is no s (U+0073) in font nullfont!
Missing character: There is no t (U+0074) in font nullfont!
Missing character: There is no a (U+0061) in font nullfont!
Missing character: There is no m (U+006D) in font nullfont!
Missing character: There is no o (U+006F) in font nullfont!
Missing character: There is no s (U+0073) in font nullfont!
Missing character: There is no p (U+0070) in font nullfont!
Missing character: There is no r (U+0072) in font nullfont!
Missing character: There is no e (U+0065) in font nullfont!
Missing character: There is no s (U+0073) in font nullfont!
Missing character: There is no e (U+0065) in font nullfont!
Missing character: There is no r (U+0072) in font nullfont!
Missing character: There is no v (U+0076) in font nullfont!
Missing character: There is no a (U+0061) in font nullfont!
Missing character: There is no n (U+006E) in font nullfont!
Missing character: There is no d (U+0064) in font nullfont!
Missing character: There is no o (U+006F) in font nullfont!
Missing character: There is no n (U+006E) in font nullfont!
Missing character: There is no i (U+0069) in font nullfont!
Missing character: There is no n (U+006E) in font nullfont!
Missing character: There is no g (U+0067) in font nullfont!
Missing character: There is no u (U+0075) in font nullfont!
Missing character: There is no n (U+006E) in font nullfont!
Missing character: There is no a (U+0061) in font nullfont!
Missing character: There is no m (U+006D) in font nullfont!
Missing character: There is no e (U+0065) in font nullfont!
Missing character: There is no d (U+0064) in font nullfont!
Missing character: There is no i (U+0069) in font nullfont!
Missing character: There is no d (U+0064) in font nullfont!
Missing character: There is no a (U+0061) in font nullfont!
Missing character: There is no i (U+0069) in font nullfont!
Missing character: There is no n (U+006E) in font nullfont!
Missing character: There is no v (U+0076) in font nullfont!
Missing character: There is no a (U+0061) in font nullfont!
Missing character: There is no r (U+0072) in font nullfont!
Missing character: There is no i (U+0069) in font nullfont!
Missing character: There is no a (U+0061) in font nullfont!
Missing character: There is no n (U+006E) in font nullfont!
Missing character: There is no t (U+0074) in font nullfont!
Missing character: There is no e (U+0065) in font nullfont!
Missing character: There is no e (U+0065) in font nullfont!
Missing character: There is no n (U+006E) in font nullfont!
Missing character: There is no l (U+006C) in font nullfont!
Missing character: There is no a (U+0061) in font nullfont!
Missing character: There is no d (U+0064) in font nullfont!
Missing character: There is no i (U+0069) in font nullfont!
Missing character: There is no n (U+006E) in font nullfont!
Missing character: There is no á (U+00E1) in font nullfont!
Missing character: There is no m (U+006D) in font nullfont!
Missing character: There is no i (U+0069) in font nullfont!
Missing character: There is no c (U+0063) in font nullfont!
Missing character: There is no a (U+0061) in font nullfont!
Missing character: There is no . (U+002E) in font nullfont!
Missing character: There is no C (U+0043) in font nullfont!
Missing character: There is no o (U+006F) in font nullfont!
Missing character: There is no m (U+006D) in font nullfont!
Missing character: There is no o (U+006F) in font nullfont!
Missing character: There is no l (U+006C) in font nullfont!
Missing character: There is no o (U+006F) in font nullfont!
Missing character: There is no s (U+0073) in font nullfont!
Missing character: There is no l (U+006C) in font nullfont!
Missing character: There is no í (U+00ED) in font nullfont!
Missing character: There is no m (U+006D) in font nullfont!
Missing character: There is no i (U+0069) in font nullfont!
Missing character: There is no t (U+0074) in font nullfont!
Missing character: There is no e (U+0065) in font nullfont!
Missing character: There is no s (U+0073) in font nullfont!
Missing character: There is no p (U+0070) in font nullfont!
Missing character: There is no o (U+006F) in font nullfont!
Missing character: There is no r (U+0072) in font nullfont!
Missing character: There is no a (U+0061) in font nullfont!
Missing character: There is no m (U+006D) in font nullfont!
Missing character: There is no b (U+0062) in font nullfont!
Missing character: There is no a (U+0061) in font nullfont!
Missing character: There is no s (U+0073) in font nullfont!
Missing character: There is no s (U+0073) in font nullfont!
Missing character: There is no u (U+0075) in font nullfont!
Missing character: There is no b (U+0062) in font nullfont!
Missing character: There is no s (U+0073) in font nullfont!
Missing character: There is no u (U+0075) in font nullfont!
Missing character: There is no c (U+0063) in font nullfont!
Missing character: There is no e (U+0065) in font nullfont!
Missing character: There is no s (U+0073) in font nullfont!
Missing character: There is no i (U+0069) in font nullfont!
Missing character: There is no o (U+006F) in font nullfont!
Missing character: There is no n (U+006E) in font nullfont!
Missing character: There is no e (U+0065) in font nullfont!
Missing character: There is no s (U+0073) in font nullfont!
Missing character: There is no s (U+0073) in font nullfont!
Missing character: There is no o (U+006F) in font nullfont!
Missing character: There is no n (U+006E) in font nullfont!
Missing character: There is no d (U+0064) in font nullfont!
Missing character: There is no i (U+0069) in font nullfont!
Missing character: There is no s (U+0073) in font nullfont!
Missing character: There is no t (U+0074) in font nullfont!
Missing character: There is no i (U+0069) in font nullfont!
Missing character: There is no n (U+006E) in font nullfont!
Missing character: There is no t (U+0074) in font nullfont!
Missing character: There is no o (U+006F) in font nullfont!
Missing character: There is no s (U+0073) in font nullfont!
Missing character: There is no ( (U+0028) in font nullfont!

Overfull \hbox (25.55556pt too wide) in paragraph at lines 36--38
($\OT1/cmr/m/n/10 1\OML/cmm/m/it/10 =\OT1/cmr/m/n/10 3 \OMS/cmsy/m/n/10 6\OT1/c
mr/m/n/10 =
 []

Missing character: There is no ) (U+0029) in font nullfont!
Missing character: There is no , (U+002C) in font nullfont!

Overfull \hbox (15.00005pt too wide) in paragraph at lines 36--38
\OT1/cmr/m/n/10 2\OML/cmm/m/it/10 =\OT1/cmr/m/n/10 3$\nullfont ),
 []

Missing character: There is no e (U+0065) in font nullfont!
Missing character: There is no l (U+006C) in font nullfont!
Missing character: There is no l (U+006C) in font nullfont!
Missing character: There is no í (U+00ED) in font nullfont!
Missing character: There is no m (U+006D) in font nullfont!
Missing character: There is no i (U+0069) in font nullfont!
Missing character: There is no t (U+0074) in font nullfont!
Missing character: There is no e (U+0065) in font nullfont!
Missing character: There is no d (U+0064) in font nullfont!
Missing character: There is no e (U+0065) in font nullfont!
Missing character: There is no l (U+006C) in font nullfont!
Missing character: There is no p (U+0070) in font nullfont!
Missing character: There is no r (U+0072) in font nullfont!
Missing character: There is no o (U+006F) in font nullfont!
Missing character: There is no m (U+006D) in font nullfont!
Missing character: There is no e (U+0065) in font nullfont!
Missing character: There is no d (U+0064) in font nullfont!
Missing character: There is no i (U+0069) in font nullfont!
Missing character: There is no o (U+006F) in font nullfont!

Overfull \hbox (31.39928pt too wide) in paragraph at lines 36--38
\OML/cmm/m/it/10 \OT1/cmr/m/n/10 (\OML/cmm/m/it/10 x; E\OT1/cmr/m/n/10 )$
 []

Missing character: There is no n (U+006E) in font nullfont!
Missing character: There is no o (U+006F) in font nullfont!
Missing character: There is no e (U+0065) in font nullfont!
Missing character: There is no x (U+0078) in font nullfont!
Missing character: There is no i (U+0069) in font nullfont!
Missing character: There is no s (U+0073) in font nullfont!
Missing character: There is no t (U+0074) in font nullfont!
Missing character: There is no e (U+0065) in font nullfont!
Missing character: There is no . (U+002E) in font nullfont!
Missing character: There is no E (U+0045) in font nullfont!
Missing character: There is no s (U+0073) in font nullfont!
Missing character: There is no t (U+0074) in font nullfont!
Missing character: There is no o (U+006F) in font nullfont!
Missing character: There is no o (U+006F) in font nullfont!
Missing character: There is no c (U+0063) in font nullfont!
Missing character: There is no u (U+0075) in font nullfont!
Missing character: There is no r (U+0072) in font nullfont!
Missing character: There is no r (U+0072) in font nullfont!
Missing character: There is no e (U+0065) in font nullfont!
Missing character: There is no p (U+0070) in font nullfont!
Missing character: There is no o (U+006F) in font nullfont!
Missing character: There is no r (U+0072) in font nullfont!
Missing character: There is no q (U+0071) in font nullfont!
Missing character: There is no u (U+0075) in font nullfont!
Missing character: There is no e (U+0065) in font nullfont!
Missing character: There is no a (U+0061) in font nullfont!
Missing character: There is no l (U+006C) in font nullfont!
Missing character: There is no c (U+0063) in font nullfont!
Missing character: There is no o (U+006F) in font nullfont!
Missing character: There is no n (U+006E) in font nullfont!
Missing character: There is no s (U+0073) in font nullfont!
Missing character: There is no t (U+0074) in font nullfont!
Missing character: There is no r (U+0072) in font nullfont!
Missing character: There is no u (U+0075) in font nullfont!
Missing character: There is no i (U+0069) in font nullfont!
Missing character: There is no r (U+0072) in font nullfont!
Missing character: There is no e (U+0065) in font nullfont!
Missing character: There is no s (U+0073) in font nullfont!
Missing character: There is no t (U+0074) in font nullfont!
Missing character: There is no e (U+0065) in font nullfont!
Missing character: There is no p (U+0070) in font nullfont!
Missing character: There is no u (U+0075) in font nullfont!
Missing character: There is no n (U+006E) in font nullfont!
Missing character: There is no t (U+0074) in font nullfont!
Missing character: There is no o (U+006F) in font nullfont!
Missing character: There is no p (U+0070) in font nullfont!
Missing character: There is no a (U+0061) in font nullfont!
Missing character: There is no t (U+0074) in font nullfont!
Missing character: There is no o (U+006F) in font nullfont!
Missing character: There is no l (U+006C) in font nullfont!
Missing character: There is no ó (U+00F3) in font nullfont!
Missing character: There is no g (U+0067) in font nullfont!
Missing character: There is no i (U+0069) in font nullfont!
Missing character: There is no c (U+0063) in font nullfont!
Missing character: There is no o (U+006F) in font nullfont!
Missing character: There is no , (U+002C) in font nullfont!
Missing character: There is no n (U+006E) in font nullfont!
Missing character: There is no o (U+006F) in font nullfont!
Missing character: There is no e (U+0065) in font nullfont!
Missing character: There is no s (U+0073) in font nullfont!
Missing character: There is no t (U+0074) in font nullfont!
Missing character: There is no a (U+0061) in font nullfont!
Missing character: There is no m (U+006D) in font nullfont!
Missing character: There is no o (U+006F) in font nullfont!
Missing character: There is no s (U+0073) in font nullfont!
Missing character: There is no p (U+0070) in font nullfont!
Missing character: There is no r (U+0072) in font nullfont!
Missing character: There is no e (U+0065) in font nullfont!
Missing character: There is no s (U+0073) in font nullfont!
Missing character: There is no e (U+0065) in font nullfont!
Missing character: There is no r (U+0072) in font nullfont!
Missing character: There is no v (U+0076) in font nullfont!
Missing character: There is no a (U+0061) in font nullfont!
Missing character: There is no n (U+006E) in font nullfont!
Missing character: There is no d (U+0064) in font nullfont!
Missing character: There is no o (U+006F) in font nullfont!
Missing character: There is no n (U+006E) in font nullfont!
Missing character: There is no i (U+0069) in font nullfont!
Missing character: There is no n (U+006E) in font nullfont!
Missing character: There is no g (U+0067) in font nullfont!
Missing character: There is no u (U+0075) in font nullfont!
Missing character: There is no n (U+006E) in font nullfont!
Missing character: There is no a (U+0061) in font nullfont!
Missing character: There is no m (U+006D) in font nullfont!
Missing character: There is no e (U+0065) in font nullfont!
Missing character: There is no d (U+0064) in font nullfont!
Missing character: There is no i (U+0069) in font nullfont!
Missing character: There is no d (U+0064) in font nullfont!
Missing character: There is no a (U+0061) in font nullfont!
Missing character: There is no i (U+0069) in font nullfont!
Missing character: There is no n (U+006E) in font nullfont!
Missing character: There is no v (U+0076) in font nullfont!
Missing character: There is no a (U+0061) in font nullfont!
Missing character: There is no r (U+0072) in font nullfont!
Missing character: There is no i (U+0069) in font nullfont!
Missing character: There is no a (U+0061) in font nullfont!
Missing character: There is no n (U+006E) in font nullfont!
Missing character: There is no t (U+0074) in font nullfont!
Missing character: There is no e (U+0065) in font nullfont!
Missing character: There is no e (U+0065) in font nullfont!
Missing character: There is no n (U+006E) in font nullfont!
Missing character: There is no l (U+006C) in font nullfont!
Missing character: There is no a (U+0061) in font nullfont!
Missing character: There is no d (U+0064) in font nullfont!
Missing character: There is no i (U+0069) in font nullfont!
Missing character: There is no n (U+006E) in font nullfont!
Missing character: There is no á (U+00E1) in font nullfont!
Missing character: There is no m (U+006D) in font nullfont!
Missing character: There is no i (U+0069) in font nullfont!
Missing character: There is no c (U+0063) in font nullfont!
Missing character: There is no a (U+0061) in font nullfont!
Missing character: There is no . (U+002E) in font nullfont!
! Undefined control sequence.
l.39 \section
             {Teorema Ergódico de Birkhoff}
The control sequence at the end of the top line
of your error message was never \def'ed. If you have
misspelled it (e.g., `\hobx'), type `I' and the correct
spelling (e.g., `I\hbox'). Otherwise just continue,
and I'll forget about whatever was undefined.


! LaTeX Error: Missing \begin{document}.

See the LaTeX manual or LaTeX Companion for explanation.
Type  H <return>  for immediate help.
 ...                                              
                                                  
l.39 \section{T
               eorema Ergódico de Birkhoff}
You're in trouble here.  Try typing  <return>  to proceed.
If that doesn't work, type  X <return>  to quit.

Missing character: There is no T (U+0054) in font nullfont!
Missing character: There is no e (U+0065) in font nullfont!
Missing character: There is no o (U+006F) in font nullfont!
Missing character: There is no r (U+0072) in font nullfont!
Missing character: There is no e (U+0065) in font nullfont!
Missing character: There is no m (U+006D) in font nullfont!
Missing character: There is no a (U+0061) in font nullfont!
Missing character: There is no T (U+0054) in font nullfont!
Missing character: There is no e (U+0065) in font nullfont!
Missing character: There is no o (U+006F) in font nullfont!
Missing character: There is no r (U+0072) in font nullfont!
Missing character: There is no e (U+0065) in font nullfont!
Missing character: There is no m (U+006D) in font nullfont!
Missing character: There is no a (U+0061) in font nullfont!
Missing character: There is no E (U+0045) in font nullfont!
Missing character: There is no r (U+0072) in font nullfont!
Missing character: There is no g (U+0067) in font nullfont!
Missing character: There is no ó (U+00F3) in font nullfont!
Missing character: There is no d (U+0064) in font nullfont!
Missing character: There is no i (U+0069) in font nullfont!
Missing character: There is no c (U+0063) in font nullfont!
Missing character: There is no o (U+006F) in font nullfont!
Missing character: There is no d (U+0064) in font nullfont!
Missing character: There is no e (U+0065) in font nullfont!
Missing character: There is no B (U+0042) in font nullfont!
Missing character: There is no i (U+0069) in font nullfont!
Missing character: There is no r (U+0072) in font nullfont!
Missing character: There is no k (U+006B) in font nullfont!
Missing character: There is no h (U+0068) in font nullfont!
Missing character: There is no o (U+006F) in font nullfont!
Missing character: There is no f (U+0066) in font nullfont!
Missing character: There is no f (U+0066) in font nullfont!
Missing character: There is no T (U+0054) in font nullfont!
Missing character: There is no e (U+0065) in font nullfont!
Missing character: There is no o (U+006F) in font nullfont!
Missing character: There is no r (U+0072) in font nullfont!
Missing character: There is no e (U+0065) in font nullfont!
Missing character: There is no m (U+006D) in font nullfont!
Missing character: There is no a (U+0061) in font nullfont!

Overfull \hbox (20.0pt too wide) in paragraph at lines 39--40
[]Teorema
 []

Missing character: There is no E (U+0045) in font nullfont!
Missing character: There is no r (U+0072) in font nullfont!
Missing character: There is no g (U+0067) in font nullfont!
Missing character: There is no ó (U+00F3) in font nullfont!
Missing character: There is no d (U+0064) in font nullfont!
Missing character: There is no i (U+0069) in font nullfont!
Missing character: There is no c (U+0063) in font nullfont!
Missing character: There is no o (U+006F) in font nullfont!
Missing character: There is no d (U+0064) in font nullfont!
Missing character: There is no e (U+0065) in font nullfont!
Missing character: There is no B (U+0042) in font nullfont!
Missing character: There is no i (U+0069) in font nullfont!
Missing character: There is no r (U+0072) in font nullfont!
Missing character: There is no k (U+006B) in font nullfont!
Missing character: There is no h (U+0068) in font nullfont!
Missing character: There is no o (U+006F) in font nullfont!
Missing character: There is no f (U+0066) in font nullfont!
Missing character: There is no f (U+0066) in font nullfont!

! LaTeX Error: Environment teorema undefined.

See the LaTeX manual or LaTeX Companion for explanation.
Type  H <return>  for immediate help.
 ...                                              
                                                  
l.41 \begin{teorema}
                    [Teorema Ergódico de Birkhoff]
Your command was ignored.
Type  I <command> <return>  to replace it with another command,
or  <return>  to continue without it.


! LaTeX Error: Missing \begin{document}.

See the LaTeX manual or LaTeX Companion for explanation.
Type  H <return>  for immediate help.
 ...                                              
                                                  
l.41 \begin{teorema}[
                     Teorema Ergódico de Birkhoff]
You're in trouble here.  Try typing  <return>  to proceed.
If that doesn't work, type  X <return>  to quit.

Missing character: There is no [ (U+005B) in font nullfont!
Missing character: There is no T (U+0054) in font nullfont!
Missing character: There is no e (U+0065) in font nullfont!
Missing character: There is no o (U+006F) in font nullfont!
Missing character: There is no r (U+0072) in font nullfont!
Missing character: There is no e (U+0065) in font nullfont!
Missing character: There is no m (U+006D) in font nullfont!
Missing character: There is no a (U+0061) in font nullfont!
Missing character: There is no [ (U+005B) in font nullfont!
Missing character: There is no T (U+0054) in font nullfont!
Missing character: There is no e (U+0065) in font nullfont!
Missing character: There is no o (U+006F) in font nullfont!
Missing character: There is no r (U+0072) in font nullfont!
Missing character: There is no e (U+0065) in font nullfont!
Missing character: There is no m (U+006D) in font nullfont!
Missing character: There is no a (U+0061) in font nullfont!
Missing character: There is no E (U+0045) in font nullfont!
Missing character: There is no r (U+0072) in font nullfont!
Missing character: There is no g (U+0067) in font nullfont!
Missing character: There is no ó (U+00F3) in font nullfont!
Missing character: There is no d (U+0064) in font nullfont!
Missing character: There is no i (U+0069) in font nullfont!
Missing character: There is no c (U+0063) in font nullfont!
Missing character: There is no o (U+006F) in font nullfont!
Missing character: There is no d (U+0064) in font nullfont!
Missing character: There is no e (U+0065) in font nullfont!
Missing character: There is no B (U+0042) in font nullfont!
Missing character: There is no i (U+0069) in font nullfont!
Missing character: There is no r (U+0072) in font nullfont!
Missing character: There is no k (U+006B) in font nullfont!
Missing character: There is no h (U+0068) in font nullfont!
Missing character: There is no o (U+006F) in font nullfont!
Missing character: There is no f (U+0066) in font nullfont!
Missing character: There is no f (U+0066) in font nullfont!
Missing character: There is no ] (U+005D) in font nullfont!
Missing character: There is no S (U+0053) in font nullfont!
Missing character: There is no e (U+0065) in font nullfont!
Missing character: There is no a (U+0061) in font nullfont!
Missing character: There is no u (U+0075) in font nullfont!
Missing character: There is no n (U+006E) in font nullfont!
Missing character: There is no e (U+0065) in font nullfont!
Missing character: There is no s (U+0073) in font nullfont!
Missing character: There is no p (U+0070) in font nullfont!
Missing character: There is no a (U+0061) in font nullfont!
Missing character: There is no c (U+0063) in font nullfont!
Missing character: There is no i (U+0069) in font nullfont!
Missing character: There is no o (U+006F) in font nullfont!
Missing character: There is no d (U+0064) in font nullfont!
Missing character: There is no e (U+0065) in font nullfont!
Missing character: There is no p (U+0070) in font nullfont!
Missing character: There is no r (U+0072) in font nullfont!
Missing character: There is no o (U+006F) in font nullfont!
Missing character: There is no b (U+0062) in font nullfont!
Missing character: There is no a (U+0061) in font nullfont!
Missing character: There is no b (U+0062) in font nullfont!
Missing character: There is no i (U+0069) in font nullfont!
Missing character: There is no l (U+006C) in font nullfont!
Missing character: There is no i (U+0069) in font nullfont!
Missing character: There is no d (U+0064) in font nullfont!
Missing character: There is no a (U+0061) in font nullfont!
Missing character: There is no d (U+0064) in font nullfont!
Missing character: There is no ( (U+0028) in font nullfont!
Missing character: There is no o (U+006F) in font nullfont!
Missing character: There is no m (U+006D) in font nullfont!
Missing character: There is no e (U+0065) in font nullfont!
Missing character: There is no d (U+0064) in font nullfont!
Missing character: There is no i (U+0069) in font nullfont!
Missing character: There is no d (U+0064) in font nullfont!
Missing character: There is no a (U+0061) in font nullfont!
Missing character: There is no f (U+0066) in font nullfont!
Missing character: There is no i (U+0069) in font nullfont!
Missing character: There is no n (U+006E) in font nullfont!
Missing character: There is no i (U+0069) in font nullfont!
Missing character: There is no t (U+0074) in font nullfont!
Missing character: There is no a (U+0061) in font nullfont!
Missing character: There is no ) (U+0029) in font nullfont!
Missing character: There is no y (U+0079) in font nullfont!
Missing character: There is no u (U+0075) in font nullfont!
Missing character: There is no n (U+006E) in font nullfont!
Missing character: There is no a (U+0061) in font nullfont!
Missing character: There is no a (U+0061) in font nullfont!
Missing character: There is no p (U+0070) in font nullfont!
Missing character: There is no l (U+006C) in font nullfont!
Missing character: There is no i (U+0069) in font nullfont!
Missing character: There is no c (U+0063) in font nullfont!
Missing character: There is no a (U+0061) in font nullfont!
Missing character: There is no c (U+0063) in font nullfont!
Missing character: There is no i (U+0069) in font nullfont!
Missing character: There is no ó (U+00F3) in font nullfont!
Missing character: There is no n (U+006E) in font nullfont!
Missing character: There is no m (U+006D) in font nullfont!
Missing character: There is no e (U+0065) in font nullfont!
Missing character: There is no d (U+0064) in font nullfont!
Missing character: There is no i (U+0069) in font nullfont!
Missing character: There is no b (U+0062) in font nullfont!
Missing character: There is no l (U+006C) in font nullfont!
Missing character: There is no e (U+0065) in font nullfont!
Missing character: There is no q (U+0071) in font nullfont!
Missing character: There is no u (U+0075) in font nullfont!
Missing character: There is no e (U+0065) in font nullfont!
Missing character: There is no p (U+0070) in font nullfont!
Missing character: There is no r (U+0072) in font nullfont!
Missing character: There is no e (U+0065) in font nullfont!
Missing character: There is no s (U+0073) in font nullfont!
Missing character: There is no e (U+0065) in font nullfont!
Missing character: There is no r (U+0072) in font nullfont!
Missing character: There is no v (U+0076) in font nullfont!
Missing character: There is no a (U+0061) in font nullfont!
Missing character: There is no . (U+002E) in font nullfont!
Missing character: There is no S (U+0053) in font nullfont!
Missing character: There is no i (U+0069) in font nullfont!
Missing character: There is no , (U+002C) in font nullfont!
Missing character: There is no e (U+0065) in font nullfont!
Missing character: There is no n (U+006E) in font nullfont!
Missing character: There is no t (U+0074) in font nullfont!
Missing character: There is no o (U+006F) in font nullfont!
Missing character: There is no n (U+006E) in font nullfont!
Missing character: There is no c (U+0063) in font nullfont!
Missing character: There is no e (U+0065) in font nullfont!
Missing character: There is no s (U+0073) in font nullfont!
Missing character: There is no : (U+003A) in font nullfont!
Missing character: There is no [ (U+005B) in font nullfont!
Missing character: There is no T (U+0054) in font nullfont!
Missing character: There is no e (U+0065) in font nullfont!
Missing character: There is no o (U+006F) in font nullfont!
Missing character: There is no r (U+0072) in font nullfont!
Missing character: There is no e (U+0065) in font nullfont!
Missing character: There is no m (U+006D) in font nullfont!
Missing character: There is no a (U+0061) in font nullfont!

Overfull \hbox (20.0pt too wide) in paragraph at lines 41--43
[][Teorema
 []

Missing character: There is no E (U+0045) in font nullfont!
Missing character: There is no r (U+0072) in font nullfont!
Missing character: There is no g (U+0067) in font nullfont!
Missing character: There is no ó (U+00F3) in font nullfont!
Missing character: There is no d (U+0064) in font nullfont!
Missing character: There is no i (U+0069) in font nullfont!
Missing character: There is no c (U+0063) in font nullfont!
Missing character: There is no o (U+006F) in font nullfont!
Missing character: There is no d (U+0064) in font nullfont!
Missing character: There is no e (U+0065) in font nullfont!
Missing character: There is no B (U+0042) in font nullfont!
Missing character: There is no i (U+0069) in font nullfont!
Missing character: There is no r (U+0072) in font nullfont!
Missing character: There is no k (U+006B) in font nullfont!
Missing character: There is no h (U+0068) in font nullfont!
Missing character: There is no o (U+006F) in font nullfont!
Missing character: There is no f (U+0066) in font nullfont!
Missing character: There is no f (U+0066) in font nullfont!
Missing character: There is no ] (U+005D) in font nullfont!
Missing character: There is no S (U+0053) in font nullfont!
Missing character: There is no e (U+0065) in font nullfont!
Missing character: There is no a (U+0061) in font nullfont!

Overfull \hbox (48.3727pt too wide) in paragraph at lines 41--43
\OT1/cmr/m/n/10 (\OML/cmm/m/it/10 M; \OMS/cmsy/m/n/10 B[]\OML/cmm/m/it/10 ; \O
T1/cmr/m/n/10 )$
 []

Missing character: There is no u (U+0075) in font nullfont!
Missing character: There is no n (U+006E) in font nullfont!
Missing character: There is no e (U+0065) in font nullfont!
Missing character: There is no s (U+0073) in font nullfont!
Missing character: There is no p (U+0070) in font nullfont!
Missing character: There is no a (U+0061) in font nullfont!
Missing character: There is no c (U+0063) in font nullfont!
Missing character: There is no i (U+0069) in font nullfont!
Missing character: There is no o (U+006F) in font nullfont!
Missing character: There is no d (U+0064) in font nullfont!
Missing character: There is no e (U+0065) in font nullfont!
Missing character: There is no p (U+0070) in font nullfont!
Missing character: There is no r (U+0072) in font nullfont!
Missing character: There is no o (U+006F) in font nullfont!
Missing character: There is no b (U+0062) in font nullfont!
Missing character: There is no a (U+0061) in font nullfont!
Missing character: There is no b (U+0062) in font nullfont!
Missing character: There is no i (U+0069) in font nullfont!
Missing character: There is no l (U+006C) in font nullfont!
Missing character: There is no i (U+0069) in font nullfont!
Missing character: There is no d (U+0064) in font nullfont!
Missing character: There is no a (U+0061) in font nullfont!
Missing character: There is no d (U+0064) in font nullfont!
Missing character: There is no ( (U+0028) in font nullfont!
Missing character: There is no o (U+006F) in font nullfont!
Missing character: There is no m (U+006D) in font nullfont!
Missing character: There is no e (U+0065) in font nullfont!
Missing character: There is no d (U+0064) in font nullfont!
Missing character: There is no i (U+0069) in font nullfont!
Missing character: There is no d (U+0064) in font nullfont!
Missing character: There is no a (U+0061) in font nullfont!
Missing character: There is no f (U+0066) in font nullfont!
Missing character: There is no i (U+0069) in font nullfont!
Missing character: There is no n (U+006E) in font nullfont!
Missing character: There is no i (U+0069) in font nullfont!
Missing character: There is no t (U+0074) in font nullfont!
Missing character: There is no a (U+0061) in font nullfont!
Missing character: There is no ) (U+0029) in font nullfont!
Missing character: There is no y (U+0079) in font nullfont!

Overfull \hbox (11.52776pt too wide) in paragraph at lines 41--43
\OML/cmm/m/it/10 f \OT1/cmr/m/n/10 :
 []


Overfull \hbox (23.56938pt too wide) in paragraph at lines 41--43
\OML/cmm/m/it/10 M \OMS/cmsy/m/n/10 !
 []


Overfull \hbox (10.79166pt too wide) in paragraph at lines 41--43
\OML/cmm/m/it/10 M$
 []

Missing character: There is no u (U+0075) in font nullfont!
Missing character: There is no n (U+006E) in font nullfont!
Missing character: There is no a (U+0061) in font nullfont!
Missing character: There is no a (U+0061) in font nullfont!
Missing character: There is no p (U+0070) in font nullfont!
Missing character: There is no l (U+006C) in font nullfont!
Missing character: There is no i (U+0069) in font nullfont!
Missing character: There is no c (U+0063) in font nullfont!
Missing character: There is no a (U+0061) in font nullfont!
Missing character: There is no c (U+0063) in font nullfont!
Missing character: There is no i (U+0069) in font nullfont!
Missing character: There is no ó (U+00F3) in font nullfont!
Missing character: There is no n (U+006E) in font nullfont!
Missing character: There is no m (U+006D) in font nullfont!
Missing character: There is no e (U+0065) in font nullfont!
Missing character: There is no d (U+0064) in font nullfont!
Missing character: There is no i (U+0069) in font nullfont!
Missing character: There is no b (U+0062) in font nullfont!
Missing character: There is no l (U+006C) in font nullfont!
Missing character: There is no e (U+0065) in font nullfont!
Missing character: There is no q (U+0071) in font nullfont!
Missing character: There is no u (U+0075) in font nullfont!
Missing character: There is no e (U+0065) in font nullfont!
Missing character: There is no p (U+0070) in font nullfont!
Missing character: There is no r (U+0072) in font nullfont!
Missing character: There is no e (U+0065) in font nullfont!
Missing character: There is no s (U+0073) in font nullfont!
Missing character: There is no e (U+0065) in font nullfont!
Missing character: There is no r (U+0072) in font nullfont!
Missing character: There is no v (U+0076) in font nullfont!
Missing character: There is no a (U+0061) in font nullfont!
Missing character: There is no . (U+002E) in font nullfont!

Overfull \hbox (6.02548pt too wide) in paragraph at lines 41--43
\OML/cmm/m/it/10 $\nullfont .
 []

Missing character: There is no S (U+0053) in font nullfont!
Missing character: There is no i (U+0069) in font nullfont!

Overfull \hbox (15.98607pt too wide) in paragraph at lines 41--43
\OML/cmm/m/it/10 ' \OMS/cmsy/m/n/10 2
 []

Missing character: There is no , (U+002C) in font nullfont!

Overfull \hbox (59.75607pt too wide) in paragraph at lines 41--43
\OMS/cmsy/m/n/10 L[]\OT1/cmr/m/n/10 (\OML/cmm/m/it/10 M; \OMS/cmsy/m/n/10 B[]\O
ML/cmm/m/it/10 ; \OT1/cmr/m/n/10 )$\nullfont ,
 []

Missing character: There is no e (U+0065) in font nullfont!
Missing character: There is no n (U+006E) in font nullfont!
Missing character: There is no t (U+0074) in font nullfont!
Missing character: There is no o (U+006F) in font nullfont!
Missing character: There is no n (U+006E) in font nullfont!
Missing character: There is no c (U+0063) in font nullfont!
Missing character: There is no e (U+0065) in font nullfont!
Missing character: There is no s (U+0073) in font nullfont!
Missing character: There is no : (U+003A) in font nullfont!

! LaTeX Error: Missing \begin{document}.

See the LaTeX manual or LaTeX Companion for explanation.
Type  H <return>  for immediate help.
 ...                                              
                                                  
l.43 	\begin{enumerate}[
                        1)]
You're in trouble here.  Try typing  <return>  to proceed.
If that doesn't work, type  X <return>  to quit.


! LaTeX Error: Something's wrong--perhaps a missing \item.

See the LaTeX manual or LaTeX Companion for explanation.
Type  H <return>  for immediate help.
 ...                                              
                                                  
l.44 		\item E
              l promedio espacial temporal converge casi siempre:
Try typing  <return>  to proceed.
If that doesn't work, type  X <return>  to quit.

Missing character: There is no [ (U+005B) in font nullfont!
Missing character: There is no 1 (U+0031) in font nullfont!
Missing character: There is no ) (U+0029) in font nullfont!
Missing character: There is no ] (U+005D) in font nullfont!
Missing character: There is no [ (U+005B) in font nullfont!
Missing character: There is no 1 (U+0031) in font nullfont!
Missing character: There is no ) (U+0029) in font nullfont!
Missing character: There is no ] (U+005D) in font nullfont!
Missing character: There is no E (U+0045) in font nullfont!
Missing character: There is no l (U+006C) in font nullfont!
Missing character: There is no p (U+0070) in font nullfont!
Missing character: There is no r (U+0072) in font nullfont!
Missing character: There is no o (U+006F) in font nullfont!
Missing character: There is no m (U+006D) in font nullfont!
Missing character: There is no e (U+0065) in font nullfont!
Missing character: There is no d (U+0064) in font nullfont!
Missing character: There is no i (U+0069) in font nullfont!
Missing character: There is no o (U+006F) in font nullfont!
Missing character: There is no e (U+0065) in font nullfont!
Missing character: There is no s (U+0073) in font nullfont!
Missing character: There is no p (U+0070) in font nullfont!
Missing character: There is no a (U+0061) in font nullfont!
Missing character: There is no c (U+0063) in font nullfont!
Missing character: There is no i (U+0069) in font nullfont!
Missing character: There is no a (U+0061) in font nullfont!
Missing character: There is no l (U+006C) in font nullfont!
Missing character: There is no t (U+0074) in font nullfont!
Missing character: There is no e (U+0065) in font nullfont!
Missing character: There is no m (U+006D) in font nullfont!
Missing character: There is no p (U+0070) in font nullfont!
Missing character: There is no o (U+006F) in font nullfont!
Missing character: There is no r (U+0072) in font nullfont!
Missing character: There is no a (U+0061) in font nullfont!
Missing character: There is no l (U+006C) in font nullfont!
Missing character: There is no c (U+0063) in font nullfont!
Missing character: There is no o (U+006F) in font nullfont!
Missing character: There is no n (U+006E) in font nullfont!
Missing character: There is no v (U+0076) in font nullfont!
Missing character: There is no e (U+0065) in font nullfont!
Missing character: There is no r (U+0072) in font nullfont!
Missing character: There is no g (U+0067) in font nullfont!
Missing character: There is no e (U+0065) in font nullfont!
Missing character: There is no c (U+0063) in font nullfont!
Missing character: There is no a (U+0061) in font nullfont!
Missing character: There is no s (U+0073) in font nullfont!
Missing character: There is no i (U+0069) in font nullfont!
Missing character: There is no s (U+0073) in font nullfont!
Missing character: There is no i (U+0069) in font nullfont!
Missing character: There is no e (U+0065) in font nullfont!
Missing character: There is no m (U+006D) in font nullfont!
Missing character: There is no p (U+0070) in font nullfont!
Missing character: There is no r (U+0072) in font nullfont!
Missing character: There is no e (U+0065) in font nullfont!
Missing character: There is no : (U+003A) in font nullfont!
Missing character: There is no E (U+0045) in font nullfont!
Missing character: There is no l (U+006C) in font nullfont!
Missing character: There is no p (U+0070) in font nullfont!
Missing character: There is no r (U+0072) in font nullfont!
Missing character: There is no o (U+006F) in font nullfont!
Missing character: There is no m (U+006D) in font nullfont!
Missing character: There is no e (U+0065) in font nullfont!
Missing character: There is no d (U+0064) in font nullfont!
Missing character: There is no i (U+0069) in font nullfont!
Missing character: There is no o (U+006F) in font nullfont!
Missing character: There is no e (U+0065) in font nullfont!
Missing character: There is no s (U+0073) in font nullfont!
Missing character: There is no p (U+0070) in font nullfont!
Missing character: There is no a (U+0061) in font nullfont!
Missing character: There is no c (U+0063) in font nullfont!
Missing character: There is no i (U+0069) in font nullfont!
Missing character: There is no a (U+0061) in font nullfont!
Missing character: There is no l (U+006C) in font nullfont!
Missing character: There is no t (U+0074) in font nullfont!
Missing character: There is no e (U+0065) in font nullfont!
Missing character: There is no m (U+006D) in font nullfont!
Missing character: There is no p (U+0070) in font nullfont!
Missing character: There is no o (U+006F) in font nullfont!
Missing character: There is no r (U+0072) in font nullfont!
Missing character: There is no a (U+0061) in font nullfont!
Missing character: There is no l (U+006C) in font nullfont!
Missing character: There is no c (U+0063) in font nullfont!
Missing character: There is no o (U+006F) in font nullfont!
Missing character: There is no n (U+006E) in font nullfont!
Missing character: There is no v (U+0076) in font nullfont!
Missing character: There is no e (U+0065) in font nullfont!
Missing character: There is no r (U+0072) in font nullfont!
Missing character: There is no g (U+0067) in font nullfont!
Missing character: There is no e (U+0065) in font nullfont!
Missing character: There is no c (U+0063) in font nullfont!
Missing character: There is no a (U+0061) in font nullfont!
Missing character: There is no s (U+0073) in font nullfont!
Missing character: There is no i (U+0069) in font nullfont!
Missing character: There is no s (U+0073) in font nullfont!
Missing character: There is no i (U+0069) in font nullfont!
Missing character: There is no e (U+0065) in font nullfont!
Missing character: There is no m (U+006D) in font nullfont!
Missing character: There is no p (U+0070) in font nullfont!
Missing character: There is no r (U+0072) in font nullfont!
Missing character: There is no e (U+0065) in font nullfont!
Missing character: There is no : (U+003A) in font nullfont!
! Undefined control sequence.
l.45 ...um_{j=0}^{n-1} \varphi(f^j(x)) \quad \text
                                                  {existe para } \mu\text{-c...
The control sequence at the end of the top line
of your error message was never \def'ed. If you have
misspelled it (e.g., `\hobx'), type `I' and the correct
spelling (e.g., `I\hbox'). Otherwise just continue,
and I'll forget about whatever was undefined.

! Undefined control sequence.
l.45 ...f^j(x)) \quad \text{existe para } \mu\text
                                                  {-c.t.p. } x \in M $$
The control sequence at the end of the top line
of your error message was never \def'ed. If you have
misspelled it (e.g., `\hobx'), type `I' and the correct
spelling (e.g., `I\hbox'). Otherwise just continue,
and I'll forget about whatever was undefined.


Overfull \hbox (231.83539pt too wide) detected at line 45
[]\OT1/cmr/m/n/10 (\OML/cmm/m/it/10 x\OT1/cmr/m/n/10 ) = [] [] [] \OML/cmm/m/it
/10 '\OT1/cmr/m/n/10 (\OML/cmm/m/it/10 f[]\OT1/cmr/m/n/10 (\OML/cmm/m/it/10 x\O
T1/cmr/m/n/10 ))[]\OML/cmm/m/it/10 []x \OMS/cmsy/m/n/10 2 \OML/cmm/m/it/10 M
 []

Missing character: There is no L (U+004C) in font nullfont!
Missing character: There is no a (U+0061) in font nullfont!
Missing character: There is no f (U+0066) in font nullfont!
Missing character: There is no u (U+0075) in font nullfont!
Missing character: There is no n (U+006E) in font nullfont!
Missing character: There is no c (U+0063) in font nullfont!
Missing character: There is no i (U+0069) in font nullfont!
Missing character: There is no ó (U+00F3) in font nullfont!
Missing character: There is no n (U+006E) in font nullfont!
Missing character: There is no l (U+006C) in font nullfont!
Missing character: There is no í (U+00ED) in font nullfont!
Missing character: There is no m (U+006D) in font nullfont!
Missing character: There is no i (U+0069) in font nullfont!
Missing character: There is no t (U+0074) in font nullfont!
Missing character: There is no e (U+0065) in font nullfont!
Missing character: There is no L (U+004C) in font nullfont!
Missing character: There is no a (U+0061) in font nullfont!
Missing character: There is no f (U+0066) in font nullfont!
Missing character: There is no u (U+0075) in font nullfont!
Missing character: There is no n (U+006E) in font nullfont!
Missing character: There is no c (U+0063) in font nullfont!
Missing character: There is no i (U+0069) in font nullfont!
Missing character: There is no ó (U+00F3) in font nullfont!
Missing character: There is no n (U+006E) in font nullfont!
Missing character: There is no l (U+006C) in font nullfont!
Missing character: There is no í (U+00ED) in font nullfont!
Missing character: There is no m (U+006D) in font nullfont!
Missing character: There is no i (U+0069) in font nullfont!
Missing character: There is no t (U+0074) in font nullfont!
Missing character: There is no e (U+0065) in font nullfont!
Missing character: There is no e (U+0065) in font nullfont!
Missing character: There is no s (U+0073) in font nullfont!
Missing character: There is no i (U+0069) in font nullfont!
Missing character: There is no n (U+006E) in font nullfont!
Missing character: There is no v (U+0076) in font nullfont!
Missing character: There is no a (U+0061) in font nullfont!
Missing character: There is no r (U+0072) in font nullfont!
Missing character: There is no i (U+0069) in font nullfont!
Missing character: There is no a (U+0061) in font nullfont!
Missing character: There is no n (U+006E) in font nullfont!
Missing character: There is no t (U+0074) in font nullfont!
Missing character: There is no e (U+0065) in font nullfont!
Missing character: There is no , (U+002C) in font nullfont!
Missing character: There is no e (U+0065) in font nullfont!
Missing character: There is no s (U+0073) in font nullfont!
Missing character: There is no d (U+0064) in font nullfont!
Missing character: There is no e (U+0065) in font nullfont!
Missing character: There is no c (U+0063) in font nullfont!
Missing character: There is no i (U+0069) in font nullfont!
Missing character: There is no r (U+0072) in font nullfont!
Missing character: There is no , (U+002C) in font nullfont!
Missing character: There is no p (U+0070) in font nullfont!
Missing character: There is no a (U+0061) in font nullfont!
Missing character: There is no r (U+0072) in font nullfont!
Missing character: There is no a (U+0061) in font nullfont!
Missing character: There is no - (U+002D) in font nullfont!
Missing character: There is no - (U+002D) in font nullfont!
Missing character: There is no - (U+002D) in font nullfont!
Missing character: There is no c (U+0063) in font nullfont!
Missing character: There is no . (U+002E) in font nullfont!
Missing character: There is no t (U+0074) in font nullfont!
Missing character: There is no . (U+002E) in font nullfont!
Missing character: There is no p (U+0070) in font nullfont!
Missing character: There is no . (U+002E) in font nullfont!
Missing character: There is no e (U+0065) in font nullfont!
Missing character: There is no n (U+006E) in font nullfont!
Missing character: There is no . (U+002E) in font nullfont!
Missing character: There is no L (U+004C) in font nullfont!
Missing character: There is no a (U+0061) in font nullfont!
Missing character: There is no f (U+0066) in font nullfont!
Missing character: There is no u (U+0075) in font nullfont!
Missing character: There is no n (U+006E) in font nullfont!
Missing character: There is no c (U+0063) in font nullfont!
Missing character: There is no i (U+0069) in font nullfont!
Missing character: There is no ó (U+00F3) in font nullfont!
Missing character: There is no n (U+006E) in font nullfont!
Missing character: There is no l (U+006C) in font nullfont!
Missing character: There is no í (U+00ED) in font nullfont!
Missing character: There is no m (U+006D) in font nullfont!
Missing character: There is no i (U+0069) in font nullfont!
Missing character: There is no t (U+0074) in font nullfont!
Missing character: There is no e (U+0065) in font nullfont!

Overfull \hbox (6.54167pt too wide) in paragraph at lines 46--47
[]$
 []

Missing character: There is no e (U+0065) in font nullfont!
Missing character: There is no s (U+0073) in font nullfont!
Missing character: There is no i (U+0069) in font nullfont!
Missing character: There is no n (U+006E) in font nullfont!
Missing character: There is no v (U+0076) in font nullfont!
Missing character: There is no a (U+0061) in font nullfont!
Missing character: There is no r (U+0072) in font nullfont!
Missing character: There is no i (U+0069) in font nullfont!
Missing character: There is no a (U+0061) in font nullfont!
Missing character: There is no n (U+006E) in font nullfont!
Missing character: There is no t (U+0074) in font nullfont!
Missing character: There is no e (U+0065) in font nullfont!
Missing character: There is no , (U+002C) in font nullfont!
Missing character: There is no e (U+0065) in font nullfont!
Missing character: There is no s (U+0073) in font nullfont!
Missing character: There is no d (U+0064) in font nullfont!
Missing character: There is no e (U+0065) in font nullfont!
Missing character: There is no c (U+0063) in font nullfont!
Missing character: There is no i (U+0069) in font nullfont!
Missing character: There is no r (U+0072) in font nullfont!
Missing character: There is no , (U+002C) in font nullfont!

Overfull \hbox (11.54169pt too wide) in paragraph at lines 46--47
[] \OMS/cmsy/m/n/10 
 []


Overfull \hbox (16.52777pt too wide) in paragraph at lines 46--47
\OML/cmm/m/it/10 f \OT1/cmr/m/n/10 =
 []


Overfull \hbox (6.54167pt too wide) in paragraph at lines 46--47
[]$
 []

Missing character: There is no p (U+0070) in font nullfont!
Missing character: There is no a (U+0061) in font nullfont!
Missing character: There is no r (U+0072) in font nullfont!
Missing character: There is no a (U+0061) in font nullfont!
Missing character: There is no - (U+002D) in font nullfont!

Overfull \hbox (6.02548pt too wide) in paragraph at lines 46--47
\OML/cmm/m/it/10 $\nullfont -
 []

Missing character: There is no c (U+0063) in font nullfont!
Missing character: There is no . (U+002E) in font nullfont!
Missing character: There is no t (U+0074) in font nullfont!
Missing character: There is no . (U+002E) in font nullfont!
Missing character: There is no p (U+0070) in font nullfont!
Missing character: There is no . (U+002E) in font nullfont!
Missing character: There is no e (U+0065) in font nullfont!
Missing character: There is no n (U+006E) in font nullfont!
Missing character: There is no . (U+002E) in font nullfont!

Overfull \hbox (10.79166pt too wide) in paragraph at lines 46--47
\OML/cmm/m/it/10 M$\nullfont . 
 []

Missing character: There is no L (U+004C) in font nullfont!
Missing character: There is no a (U+0061) in font nullfont!
Missing character: There is no i (U+0069) in font nullfont!
Missing character: There is no n (U+006E) in font nullfont!
Missing character: There is no t (U+0074) in font nullfont!
Missing character: There is no e (U+0065) in font nullfont!
Missing character: There is no g (U+0067) in font nullfont!
Missing character: There is no r (U+0072) in font nullfont!
Missing character: There is no a (U+0061) in font nullfont!
Missing character: There is no l (U+006C) in font nullfont!
Missing character: There is no d (U+0064) in font nullfont!
Missing character: There is no e (U+0065) in font nullfont!
Missing character: There is no l (U+006C) in font nullfont!
Missing character: There is no a (U+0061) in font nullfont!
Missing character: There is no f (U+0066) in font nullfont!
Missing character: There is no u (U+0075) in font nullfont!
Missing character: There is no n (U+006E) in font nullfont!
Missing character: There is no c (U+0063) in font nullfont!
Missing character: There is no i (U+0069) in font nullfont!
Missing character: There is no ó (U+00F3) in font nullfont!
Missing character: There is no n (U+006E) in font nullfont!
Missing character: There is no l (U+006C) in font nullfont!
Missing character: There is no í (U+00ED) in font nullfont!
Missing character: There is no m (U+006D) in font nullfont!
Missing character: There is no i (U+0069) in font nullfont!
Missing character: There is no t (U+0074) in font nullfont!
Missing character: There is no e (U+0065) in font nullfont!
Missing character: There is no c (U+0063) in font nullfont!
Missing character: There is no o (U+006F) in font nullfont!
Missing character: There is no i (U+0069) in font nullfont!
Missing character: There is no n (U+006E) in font nullfont!
Missing character: There is no c (U+0063) in font nullfont!
Missing character: There is no i (U+0069) in font nullfont!
Missing character: There is no d (U+0064) in font nullfont!
Missing character: There is no e (U+0065) in font nullfont!
Missing character: There is no c (U+0063) in font nullfont!
Missing character: There is no o (U+006F) in font nullfont!
Missing character: There is no n (U+006E) in font nullfont!
Missing character: There is no l (U+006C) in font nullfont!
Missing character: There is no a (U+0061) in font nullfont!
Missing character: There is no i (U+0069) in font nullfont!
Missing character: There is no n (U+006E) in font nullfont!
Missing character: There is no t (U+0074) in font nullfont!
Missing character: There is no e (U+0065) in font nullfont!
Missing character: There is no g (U+0067) in font nullfont!
Missing character: There is no r (U+0072) in font nullfont!
Missing character: There is no a (U+0061) in font nullfont!
Missing character: There is no l (U+006C) in font nullfont!
Missing character: There is no o (U+006F) in font nullfont!
Missing character: There is no r (U+0072) in font nullfont!
Missing character: There is no i (U+0069) in font nullfont!
Missing character: There is no g (U+0067) in font nullfont!
Missing character: There is no i (U+0069) in font nullfont!
Missing character: There is no n (U+006E) in font nullfont!
Missing character: There is no a (U+0061) in font nullfont!
Missing character: There is no l (U+006C) in font nullfont!
Missing character: There is no : (U+003A) in font nullfont!
Missing character: There is no L (U+004C) in font nullfont!
Missing character: There is no a (U+0061) in font nullfont!
Missing character: There is no i (U+0069) in font nullfont!
Missing character: There is no n (U+006E) in font nullfont!
Missing character: There is no t (U+0074) in font nullfont!
Missing character: There is no e (U+0065) in font nullfont!
Missing character: There is no g (U+0067) in font nullfont!
Missing character: There is no r (U+0072) in font nullfont!
Missing character: There is no a (U+0061) in font nullfont!
Missing character: There is no l (U+006C) in font nullfont!
Missing character: There is no d (U+0064) in font nullfont!
Missing character: There is no e (U+0065) in font nullfont!
Missing character: There is no l (U+006C) in font nullfont!
Missing character: There is no a (U+0061) in font nullfont!
Missing character: There is no f (U+0066) in font nullfont!
Missing character: There is no u (U+0075) in font nullfont!
Missing character: There is no n (U+006E) in font nullfont!
Missing character: There is no c (U+0063) in font nullfont!
Missing character: There is no i (U+0069) in font nullfont!
Missing character: There is no ó (U+00F3) in font nullfont!
Missing character: There is no n (U+006E) in font nullfont!
Missing character: There is no l (U+006C) in font nullfont!
Missing character: There is no í (U+00ED) in font nullfont!
Missing character: There is no m (U+006D) in font nullfont!
Missing character: There is no i (U+0069) in font nullfont!
Missing character: There is no t (U+0074) in font nullfont!
Missing character: There is no e (U+0065) in font nullfont!
Missing character: There is no c (U+0063) in font nullfont!
Missing character: There is no o (U+006F) in font nullfont!
Missing character: There is no i (U+0069) in font nullfont!
Missing character: There is no n (U+006E) in font nullfont!
Missing character: There is no c (U+0063) in font nullfont!
Missing character: There is no i (U+0069) in font nullfont!
Missing character: There is no d (U+0064) in font nullfont!
Missing character: There is no e (U+0065) in font nullfont!
Missing character: There is no c (U+0063) in font nullfont!
Missing character: There is no o (U+006F) in font nullfont!
Missing character: There is no n (U+006E) in font nullfont!
Missing character: There is no l (U+006C) in font nullfont!
Missing character: There is no a (U+0061) in font nullfont!
Missing character: There is no i (U+0069) in font nullfont!
Missing character: There is no n (U+006E) in font nullfont!
Missing character: There is no t (U+0074) in font nullfont!
Missing character: There is no e (U+0065) in font nullfont!
Missing character: There is no g (U+0067) in font nullfont!
Missing character: There is no r (U+0072) in font nullfont!
Missing character: There is no a (U+0061) in font nullfont!
Missing character: There is no l (U+006C) in font nullfont!
Missing character: There is no o (U+006F) in font nullfont!
Missing character: There is no r (U+0072) in font nullfont!
Missing character: There is no i (U+0069) in font nullfont!
Missing character: There is no g (U+0067) in font nullfont!
Missing character: There is no i (U+0069) in font nullfont!
Missing character: There is no n (U+006E) in font nullfont!
Missing character: There is no a (U+0061) in font nullfont!
Missing character: There is no l (U+006C) in font nullfont!
Missing character: There is no : (U+003A) in font nullfont!

Overfull \hbox (84.40771pt too wide) detected at line 48
[][] [] \OML/cmm/m/it/10 d \OT1/cmr/m/n/10 = [][] \OML/cmm/m/it/10 ' d
 []

Missing character: There is no S (U+0053) in font nullfont!
Missing character: There is no i (U+0069) in font nullfont!
Missing character: There is no a (U+0061) in font nullfont!
Missing character: There is no d (U+0064) in font nullfont!
Missing character: There is no e (U+0065) in font nullfont!
Missing character: There is no m (U+006D) in font nullfont!
Missing character: There is no á (U+00E1) in font nullfont!
Missing character: There is no s (U+0073) in font nullfont!
Missing character: There is no S (U+0053) in font nullfont!
Missing character: There is no i (U+0069) in font nullfont!
Missing character: There is no a (U+0061) in font nullfont!
Missing character: There is no d (U+0064) in font nullfont!
Missing character: There is no e (U+0065) in font nullfont!
Missing character: There is no m (U+006D) in font nullfont!
Missing character: There is no á (U+00E1) in font nullfont!
Missing character: There is no s (U+0073) in font nullfont!
Missing character: There is no e (U+0065) in font nullfont!
Missing character: There is no s (U+0073) in font nullfont!
Missing character: There is no e (U+0065) in font nullfont!
Missing character: There is no r (U+0072) in font nullfont!
Missing character: There is no g (U+0067) in font nullfont!
Missing character: There is no ó (U+00F3) in font nullfont!
Missing character: There is no d (U+0064) in font nullfont!
Missing character: There is no i (U+0069) in font nullfont!
Missing character: There is no c (U+0063) in font nullfont!
Missing character: There is no a (U+0061) in font nullfont!
Missing character: There is no r (U+0072) in font nullfont!
Missing character: There is no e (U+0065) in font nullfont!
Missing character: There is no s (U+0073) in font nullfont!
Missing character: There is no p (U+0070) in font nullfont!
Missing character: There is no e (U+0065) in font nullfont!
Missing character: There is no c (U+0063) in font nullfont!
Missing character: There is no t (U+0074) in font nullfont!
Missing character: There is no o (U+006F) in font nullfont!
Missing character: There is no a (U+0061) in font nullfont!
Missing character: There is no , (U+002C) in font nullfont!
Missing character: There is no e (U+0065) in font nullfont!
Missing character: There is no n (U+006E) in font nullfont!
Missing character: There is no t (U+0074) in font nullfont!
Missing character: There is no o (U+006F) in font nullfont!
Missing character: There is no n (U+006E) in font nullfont!
Missing character: There is no c (U+0063) in font nullfont!
Missing character: There is no e (U+0065) in font nullfont!
Missing character: There is no s (U+0073) in font nullfont!
Missing character: There is no l (U+006C) in font nullfont!
Missing character: There is no a (U+0061) in font nullfont!
Missing character: There is no f (U+0066) in font nullfont!
Missing character: There is no u (U+0075) in font nullfont!
Missing character: There is no n (U+006E) in font nullfont!
Missing character: There is no c (U+0063) in font nullfont!
Missing character: There is no i (U+0069) in font nullfont!
Missing character: There is no ó (U+00F3) in font nullfont!
Missing character: There is no n (U+006E) in font nullfont!
Missing character: There is no l (U+006C) in font nullfont!
Missing character: There is no í (U+00ED) in font nullfont!
Missing character: There is no m (U+006D) in font nullfont!
Missing character: There is no i (U+0069) in font nullfont!
Missing character: There is no t (U+0074) in font nullfont!
Missing character: There is no e (U+0065) in font nullfont!
Missing character: There is no e (U+0065) in font nullfont!
Missing character: There is no s (U+0073) in font nullfont!
Missing character: There is no c (U+0063) in font nullfont!
Missing character: There is no o (U+006F) in font nullfont!
Missing character: There is no n (U+006E) in font nullfont!
Missing character: There is no s (U+0073) in font nullfont!
Missing character: There is no t (U+0074) in font nullfont!
Missing character: There is no a (U+0061) in font nullfont!
Missing character: There is no n (U+006E) in font nullfont!
Missing character: There is no t (U+0074) in font nullfont!
Missing character: There is no e (U+0065) in font nullfont!
Missing character: There is no c (U+0063) in font nullfont!
Missing character: There is no a (U+0061) in font nullfont!
Missing character: There is no s (U+0073) in font nullfont!
Missing character: There is no i (U+0069) in font nullfont!
Missing character: There is no s (U+0073) in font nullfont!
Missing character: There is no i (U+0069) in font nullfont!
Missing character: There is no e (U+0065) in font nullfont!
Missing character: There is no m (U+006D) in font nullfont!
Missing character: There is no p (U+0070) in font nullfont!
Missing character: There is no r (U+0072) in font nullfont!
Missing character: There is no e (U+0065) in font nullfont!
Missing character: There is no y (U+0079) in font nullfont!
Missing character: There is no c (U+0063) in font nullfont!
Missing character: There is no o (U+006F) in font nullfont!
Missing character: There is no i (U+0069) in font nullfont!
Missing character: There is no n (U+006E) in font nullfont!
Missing character: There is no c (U+0063) in font nullfont!
Missing character: There is no i (U+0069) in font nullfont!
Missing character: There is no d (U+0064) in font nullfont!
Missing character: There is no e (U+0065) in font nullfont!
Missing character: There is no c (U+0063) in font nullfont!
Missing character: There is no o (U+006F) in font nullfont!
Missing character: There is no n (U+006E) in font nullfont!
Missing character: There is no l (U+006C) in font nullfont!
Missing character: There is no a (U+0061) in font nullfont!
Missing character: There is no i (U+0069) in font nullfont!
Missing character: There is no n (U+006E) in font nullfont!
Missing character: There is no t (U+0074) in font nullfont!
Missing character: There is no e (U+0065) in font nullfont!
Missing character: There is no g (U+0067) in font nullfont!
Missing character: There is no r (U+0072) in font nullfont!
Missing character: There is no a (U+0061) in font nullfont!
Missing character: There is no l (U+006C) in font nullfont!
Missing character: There is no ( (U+0028) in font nullfont!
Missing character: There is no s (U+0073) in font nullfont!
Missing character: There is no i (U+0069) in font nullfont!
Missing character: There is no ) (U+0029) in font nullfont!
Missing character: There is no : (U+003A) in font nullfont!
Missing character: There is no S (U+0053) in font nullfont!
Missing character: There is no i (U+0069) in font nullfont!
Missing character: There is no a (U+0061) in font nullfont!
Missing character: There is no d (U+0064) in font nullfont!
Missing character: There is no e (U+0065) in font nullfont!
Missing character: There is no m (U+006D) in font nullfont!
Missing character: There is no á (U+00E1) in font nullfont!
Missing character: There is no s (U+0073) in font nullfont!

Overfull \hbox (5.97226pt too wide) in paragraph at lines 49--50
\OML/cmm/m/it/10 f$
 []

Missing character: There is no e (U+0065) in font nullfont!
Missing character: There is no s (U+0073) in font nullfont!
Missing character: There is no e (U+0065) in font nullfont!
Missing character: There is no r (U+0072) in font nullfont!
Missing character: There is no g (U+0067) in font nullfont!
Missing character: There is no ó (U+00F3) in font nullfont!
Missing character: There is no d (U+0064) in font nullfont!
Missing character: There is no i (U+0069) in font nullfont!
Missing character: There is no c (U+0063) in font nullfont!
Missing character: There is no a (U+0061) in font nullfont!
Missing character: There is no r (U+0072) in font nullfont!
Missing character: There is no e (U+0065) in font nullfont!
Missing character: There is no s (U+0073) in font nullfont!
Missing character: There is no p (U+0070) in font nullfont!
Missing character: There is no e (U+0065) in font nullfont!
Missing character: There is no c (U+0063) in font nullfont!
Missing character: There is no t (U+0074) in font nullfont!
Missing character: There is no o (U+006F) in font nullfont!
Missing character: There is no a (U+0061) in font nullfont!
Missing character: There is no , (U+002C) in font nullfont!

Overfull \hbox (6.02548pt too wide) in paragraph at lines 49--50
\OML/cmm/m/it/10 $\nullfont ,
 []

Missing character: There is no e (U+0065) in font nullfont!
Missing character: There is no n (U+006E) in font nullfont!
Missing character: There is no t (U+0074) in font nullfont!
Missing character: There is no o (U+006F) in font nullfont!
Missing character: There is no n (U+006E) in font nullfont!
Missing character: There is no c (U+0063) in font nullfont!
Missing character: There is no e (U+0065) in font nullfont!
Missing character: There is no s (U+0073) in font nullfont!
Missing character: There is no l (U+006C) in font nullfont!
Missing character: There is no a (U+0061) in font nullfont!
Missing character: There is no f (U+0066) in font nullfont!
Missing character: There is no u (U+0075) in font nullfont!
Missing character: There is no n (U+006E) in font nullfont!
Missing character: There is no c (U+0063) in font nullfont!
Missing character: There is no i (U+0069) in font nullfont!
Missing character: There is no ó (U+00F3) in font nullfont!
Missing character: There is no n (U+006E) in font nullfont!
Missing character: There is no l (U+006C) in font nullfont!
Missing character: There is no í (U+00ED) in font nullfont!
Missing character: There is no m (U+006D) in font nullfont!
Missing character: There is no i (U+0069) in font nullfont!
Missing character: There is no t (U+0074) in font nullfont!
Missing character: There is no e (U+0065) in font nullfont!
Missing character: There is no e (U+0065) in font nullfont!
Missing character: There is no s (U+0073) in font nullfont!
Missing character: There is no c (U+0063) in font nullfont!
Missing character: There is no o (U+006F) in font nullfont!
Missing character: There is no n (U+006E) in font nullfont!
Missing character: There is no s (U+0073) in font nullfont!
Missing character: There is no t (U+0074) in font nullfont!
Missing character: There is no a (U+0061) in font nullfont!
Missing character: There is no n (U+006E) in font nullfont!
Missing character: There is no t (U+0074) in font nullfont!
Missing character: There is no e (U+0065) in font nullfont!
Missing character: There is no c (U+0063) in font nullfont!
Missing character: There is no a (U+0061) in font nullfont!
Missing character: There is no s (U+0073) in font nullfont!
Missing character: There is no i (U+0069) in font nullfont!
Missing character: There is no s (U+0073) in font nullfont!
Missing character: There is no i (U+0069) in font nullfont!
Missing character: There is no e (U+0065) in font nullfont!
Missing character: There is no m (U+006D) in font nullfont!
Missing character: There is no p (U+0070) in font nullfont!
Missing character: There is no r (U+0072) in font nullfont!
Missing character: There is no e (U+0065) in font nullfont!
Missing character: There is no y (U+0079) in font nullfont!
Missing character: There is no c (U+0063) in font nullfont!
Missing character: There is no o (U+006F) in font nullfont!
Missing character: There is no i (U+0069) in font nullfont!
Missing character: There is no n (U+006E) in font nullfont!
Missing character: There is no c (U+0063) in font nullfont!
Missing character: There is no i (U+0069) in font nullfont!
Missing character: There is no d (U+0064) in font nullfont!
Missing character: There is no e (U+0065) in font nullfont!
Missing character: There is no c (U+0063) in font nullfont!
Missing character: There is no o (U+006F) in font nullfont!
Missing character: There is no n (U+006E) in font nullfont!
Missing character: There is no l (U+006C) in font nullfont!
Missing character: There is no a (U+0061) in font nullfont!
Missing character: There is no i (U+0069) in font nullfont!
Missing character: There is no n (U+006E) in font nullfont!
Missing character: There is no t (U+0074) in font nullfont!
Missing character: There is no e (U+0065) in font nullfont!
Missing character: There is no g (U+0067) in font nullfont!
Missing character: There is no r (U+0072) in font nullfont!
Missing character: There is no a (U+0061) in font nullfont!
Missing character: There is no l (U+006C) in font nullfont!
Missing character: There is no ( (U+0028) in font nullfont!
Missing character: There is no s (U+0073) in font nullfont!
Missing character: There is no i (U+0069) in font nullfont!

Overfull \hbox (35.15045pt too wide) in paragraph at lines 49--50
\OML/cmm/m/it/10 \OT1/cmr/m/n/10 (\OML/cmm/m/it/10 M\OT1/cmr/m/n/10 ) =
 []

Missing character: There is no ) (U+0029) in font nullfont!
Missing character: There is no : (U+003A) in font nullfont!

Overfull \hbox (5.00002pt too wide) in paragraph at lines 49--50
\OT1/cmr/m/n/10 1$\nullfont ): 
 []

! Undefined control sequence.
l.50 ...i}(x) = \int_M \varphi \, d\mu \quad \text
                                                  {para } \mu\text{-c.t.p. }...
The control sequence at the end of the top line
of your error message was never \def'ed. If you have
misspelled it (e.g., `\hobx'), type `I' and the correct
spelling (e.g., `I\hbox'). Otherwise just continue,
and I'll forget about whatever was undefined.

! Undefined control sequence.
l.50 ...varphi \, d\mu \quad \text{para } \mu\text
                                                  {-c.t.p. } x \in M $$
The control sequence at the end of the top line
of your error message was never \def'ed. If you have
misspelled it (e.g., `\hobx'), type `I' and the correct
spelling (e.g., `I\hbox'). Otherwise just continue,
and I'll forget about whatever was undefined.


Overfull \hbox (153.13321pt too wide) detected at line 50
[]\OT1/cmr/m/n/10 (\OML/cmm/m/it/10 x\OT1/cmr/m/n/10 ) = [][] \OML/cmm/m/it/10 
' d[][]x \OMS/cmsy/m/n/10 2 \OML/cmm/m/it/10 M
 []


! LaTeX Error: \begin{document} ended by \end{teorema}.

See the LaTeX manual or LaTeX Companion for explanation.
Type  H <return>  for immediate help.
 ...                                              
                                                  
l.52 \end{teorema}
                  
Your command was ignored.
Type  I <command> <return>  to replace it with another command,
or  <return>  to continue without it.

! Undefined control sequence.
l.54 \section
             {Caracterización Espectral de la Ergodicidad}
The control sequence at the end of the top line
of your error message was never \def'ed. If you have
misspelled it (e.g., `\hobx'), type `I' and the correct
spelling (e.g., `I\hbox'). Otherwise just continue,
and I'll forget about whatever was undefined.

Missing character: There is no C (U+0043) in font nullfont!
Missing character: There is no a (U+0061) in font nullfont!
Missing character: There is no r (U+0072) in font nullfont!
Missing character: There is no a (U+0061) in font nullfont!
Missing character: There is no c (U+0063) in font nullfont!
Missing character: There is no t (U+0074) in font nullfont!
Missing character: There is no e (U+0065) in font nullfont!
Missing character: There is no r (U+0072) in font nullfont!
Missing character: There is no i (U+0069) in font nullfont!
Missing character: There is no z (U+007A) in font nullfont!
Missing character: There is no a (U+0061) in font nullfont!
Missing character: There is no c (U+0063) in font nullfont!
Missing character: There is no i (U+0069) in font nullfont!
Missing character: There is no ó (U+00F3) in font nullfont!
Missing character: There is no n (U+006E) in font nullfont!
Missing character: There is no C (U+0043) in font nullfont!
Missing character: There is no a (U+0061) in font nullfont!
Missing character: There is no r (U+0072) in font nullfont!
Missing character: There is no a (U+0061) in font nullfont!
Missing character: There is no c (U+0063) in font nullfont!
Missing character: There is no t (U+0074) in font nullfont!
Missing character: There is no e (U+0065) in font nullfont!
Missing character: There is no r (U+0072) in font nullfont!
Missing character: There is no i (U+0069) in font nullfont!
Missing character: There is no z (U+007A) in font nullfont!
Missing character: There is no a (U+0061) in font nullfont!
Missing character: There is no c (U+0063) in font nullfont!
Missing character: There is no i (U+0069) in font nullfont!
Missing character: There is no ó (U+00F3) in font nullfont!
Missing character: There is no n (U+006E) in font nullfont!
Missing character: There is no E (U+0045) in font nullfont!
Missing character: There is no s (U+0073) in font nullfont!
Missing character: There is no p (U+0070) in font nullfont!
Missing character: There is no e (U+0065) in font nullfont!
Missing character: There is no c (U+0063) in font nullfont!
Missing character: There is no t (U+0074) in font nullfont!
Missing character: There is no r (U+0072) in font nullfont!
Missing character: There is no a (U+0061) in font nullfont!
Missing character: There is no l (U+006C) in font nullfont!
Missing character: There is no d (U+0064) in font nullfont!
Missing character: There is no e (U+0065) in font nullfont!
Missing character: There is no l (U+006C) in font nullfont!
Missing character: There is no a (U+0061) in font nullfont!
Missing character: There is no E (U+0045) in font nullfont!
Missing character: There is no r (U+0072) in font nullfont!
Missing character: There is no g (U+0067) in font nullfont!
Missing character: There is no o (U+006F) in font nullfont!
Missing character: There is no d (U+0064) in font nullfont!
Missing character: There is no i (U+0069) in font nullfont!
Missing character: There is no c (U+0063) in font nullfont!
Missing character: There is no i (U+0069) in font nullfont!
Missing character: There is no d (U+0064) in font nullfont!
Missing character: There is no a (U+0061) in font nullfont!
Missing character: There is no d (U+0064) in font nullfont!
Missing character: There is no C (U+0043) in font nullfont!
Missing character: There is no a (U+0061) in font nullfont!
Missing character: There is no r (U+0072) in font nullfont!
Missing character: There is no a (U+0061) in font nullfont!
Missing character: There is no c (U+0063) in font nullfont!
Missing character: There is no t (U+0074) in font nullfont!
Missing character: There is no e (U+0065) in font nullfont!
Missing character: There is no r (U+0072) in font nullfont!
Missing character: There is no i (U+0069) in font nullfont!
Missing character: There is no z (U+007A) in font nullfont!
Missing character: There is no a (U+0061) in font nullfont!
Missing character: There is no c (U+0063) in font nullfont!
Missing character: There is no i (U+0069) in font nullfont!
Missing character: There is no ó (U+00F3) in font nullfont!
Missing character: There is no n (U+006E) in font nullfont!

Overfull \hbox (20.0pt too wide) in paragraph at lines 54--55
[]Caracterización
 []

Missing character: There is no E (U+0045) in font nullfont!
Missing character: There is no s (U+0073) in font nullfont!
Missing character: There is no p (U+0070) in font nullfont!
Missing character: There is no e (U+0065) in font nullfont!
Missing character: There is no c (U+0063) in font nullfont!
Missing character: There is no t (U+0074) in font nullfont!
Missing character: There is no r (U+0072) in font nullfont!
Missing character: There is no a (U+0061) in font nullfont!
Missing character: There is no l (U+006C) in font nullfont!
Missing character: There is no d (U+0064) in font nullfont!
Missing character: There is no e (U+0065) in font nullfont!
Missing character: There is no l (U+006C) in font nullfont!
Missing character: There is no a (U+0061) in font nullfont!
Missing character: There is no E (U+0045) in font nullfont!
Missing character: There is no r (U+0072) in font nullfont!
Missing character: There is no g (U+0067) in font nullfont!
Missing character: There is no o (U+006F) in font nullfont!
Missing character: There is no d (U+0064) in font nullfont!
Missing character: There is no i (U+0069) in font nullfont!
Missing character: There is no c (U+0063) in font nullfont!
Missing character: There is no i (U+0069) in font nullfont!
Missing character: There is no d (U+0064) in font nullfont!
Missing character: There is no a (U+0061) in font nullfont!
Missing character: There is no d (U+0064) in font nullfont!

! LaTeX Error: Environment teorema undefined.

See the LaTeX manual or LaTeX Companion for explanation.
Type  H <return>  for immediate help.
 ...                                              
                                                  
l.56 \begin{teorema}
                    [Caracterización Espectral de la Ergodicidad]
Your command was ignored.
Type  I <command> <return>  to replace it with another command,
or  <return>  to continue without it.

Missing character: There is no [ (U+005B) in font nullfont!
Missing character: There is no C (U+0043) in font nullfont!
Missing character: There is no a (U+0061) in font nullfont!
Missing character: There is no r (U+0072) in font nullfont!
Missing character: There is no a (U+0061) in font nullfont!
Missing character: There is no c (U+0063) in font nullfont!
Missing character: There is no t (U+0074) in font nullfont!
Missing character: There is no e (U+0065) in font nullfont!
Missing character: There is no r (U+0072) in font nullfont!
Missing character: There is no i (U+0069) in font nullfont!
Missing character: There is no z (U+007A) in font nullfont!
Missing character: There is no a (U+0061) in font nullfont!
Missing character: There is no c (U+0063) in font nullfont!
Missing character: There is no i (U+0069) in font nullfont!
Missing character: There is no ó (U+00F3) in font nullfont!
Missing character: There is no n (U+006E) in font nullfont!
Missing character: There is no [ (U+005B) in font nullfont!
Missing character: There is no C (U+0043) in font nullfont!
Missing character: There is no a (U+0061) in font nullfont!
Missing character: There is no r (U+0072) in font nullfont!
Missing character: There is no a (U+0061) in font nullfont!
Missing character: There is no c (U+0063) in font nullfont!
Missing character: There is no t (U+0074) in font nullfont!
Missing character: There is no e (U+0065) in font nullfont!
Missing character: There is no r (U+0072) in font nullfont!
Missing character: There is no i (U+0069) in font nullfont!
Missing character: There is no z (U+007A) in font nullfont!
Missing character: There is no a (U+0061) in font nullfont!
Missing character: There is no c (U+0063) in font nullfont!
Missing character: There is no i (U+0069) in font nullfont!
Missing character: There is no ó (U+00F3) in font nullfont!
Missing character: There is no n (U+006E) in font nullfont!
Missing character: There is no E (U+0045) in font nullfont!
Missing character: There is no s (U+0073) in font nullfont!
Missing character: There is no p (U+0070) in font nullfont!
Missing character: There is no e (U+0065) in font nullfont!
Missing character: There is no c (U+0063) in font nullfont!
Missing character: There is no t (U+0074) in font nullfont!
Missing character: There is no r (U+0072) in font nullfont!
Missing character: There is no a (U+0061) in font nullfont!
Missing character: There is no l (U+006C) in font nullfont!
Missing character: There is no d (U+0064) in font nullfont!
Missing character: There is no e (U+0065) in font nullfont!
Missing character: There is no l (U+006C) in font nullfont!
Missing character: There is no a (U+0061) in font nullfont!
Missing character: There is no E (U+0045) in font nullfont!
Missing character: There is no r (U+0072) in font nullfont!
Missing character: There is no g (U+0067) in font nullfont!
Missing character: There is no o (U+006F) in font nullfont!
Missing character: There is no d (U+0064) in font nullfont!
Missing character: There is no i (U+0069) in font nullfont!
Missing character: There is no c (U+0063) in font nullfont!
Missing character: There is no i (U+0069) in font nullfont!
Missing character: There is no d (U+0064) in font nullfont!
Missing character: There is no a (U+0061) in font nullfont!
Missing character: There is no d (U+0064) in font nullfont!
Missing character: There is no ] (U+005D) in font nullfont!
Missing character: There is no S (U+0053) in font nullfont!
Missing character: There is no e (U+0065) in font nullfont!
Missing character: There is no a (U+0061) in font nullfont!
Missing character: There is no u (U+0075) in font nullfont!
Missing character: There is no n (U+006E) in font nullfont!
Missing character: There is no e (U+0065) in font nullfont!
Missing character: There is no s (U+0073) in font nullfont!
Missing character: There is no p (U+0070) in font nullfont!
Missing character: There is no a (U+0061) in font nullfont!
Missing character: There is no c (U+0063) in font nullfont!
Missing character: There is no i (U+0069) in font nullfont!
Missing character: There is no o (U+006F) in font nullfont!
Missing character: There is no d (U+0064) in font nullfont!
Missing character: There is no e (U+0065) in font nullfont!
Missing character: There is no p (U+0070) in font nullfont!
Missing character: There is no r (U+0072) in font nullfont!
Missing character: There is no o (U+006F) in font nullfont!
Missing character: There is no b (U+0062) in font nullfont!
Missing character: There is no a (U+0061) in font nullfont!
Missing character: There is no b (U+0062) in font nullfont!
Missing character: There is no i (U+0069) in font nullfont!
Missing character: There is no l (U+006C) in font nullfont!
Missing character: There is no i (U+0069) in font nullfont!
Missing character: There is no d (U+0064) in font nullfont!
Missing character: There is no a (U+0061) in font nullfont!
Missing character: There is no d (U+0064) in font nullfont!
Missing character: There is no y (U+0079) in font nullfont!
Missing character: There is no u (U+0075) in font nullfont!
Missing character: There is no n (U+006E) in font nullfont!
Missing character: There is no a (U+0061) in font nullfont!
Missing character: There is no a (U+0061) in font nullfont!
Missing character: There is no p (U+0070) in font nullfont!
Missing character: There is no l (U+006C) in font nullfont!
Missing character: There is no i (U+0069) in font nullfont!
Missing character: There is no c (U+0063) in font nullfont!
Missing character: There is no a (U+0061) in font nullfont!
Missing character: There is no c (U+0063) in font nullfont!
Missing character: There is no i (U+0069) in font nullfont!
Missing character: There is no ó (U+00F3) in font nullfont!
Missing character: There is no n (U+006E) in font nullfont!
Missing character: There is no m (U+006D) in font nullfont!
Missing character: There is no e (U+0065) in font nullfont!
Missing character: There is no d (U+0064) in font nullfont!
Missing character: There is no i (U+0069) in font nullfont!
Missing character: There is no b (U+0062) in font nullfont!
Missing character: There is no l (U+006C) in font nullfont!
Missing character: There is no e (U+0065) in font nullfont!
Missing character: There is no q (U+0071) in font nullfont!
Missing character: There is no u (U+0075) in font nullfont!
Missing character: There is no e (U+0065) in font nullfont!
Missing character: There is no p (U+0070) in font nullfont!
Missing character: There is no r (U+0072) in font nullfont!
Missing character: There is no e (U+0065) in font nullfont!
Missing character: There is no s (U+0073) in font nullfont!
Missing character: There is no e (U+0065) in font nullfont!
Missing character: There is no r (U+0072) in font nullfont!
Missing character: There is no v (U+0076) in font nullfont!
Missing character: There is no a (U+0061) in font nullfont!
Missing character: There is no . (U+002E) in font nullfont!
Missing character: There is no L (U+004C) in font nullfont!
Missing character: There is no a (U+0061) in font nullfont!
Missing character: There is no s (U+0073) in font nullfont!
Missing character: There is no s (U+0073) in font nullfont!
Missing character: There is no i (U+0069) in font nullfont!
Missing character: There is no g (U+0067) in font nullfont!
Missing character: There is no u (U+0075) in font nullfont!
Missing character: There is no i (U+0069) in font nullfont!
Missing character: There is no e (U+0065) in font nullfont!
Missing character: There is no n (U+006E) in font nullfont!
Missing character: There is no t (U+0074) in font nullfont!
Missing character: There is no e (U+0065) in font nullfont!
Missing character: There is no s (U+0073) in font nullfont!
Missing character: There is no a (U+0061) in font nullfont!
Missing character: There is no f (U+0066) in font nullfont!
Missing character: There is no i (U+0069) in font nullfont!
Missing character: There is no r (U+0072) in font nullfont!
Missing character: There is no m (U+006D) in font nullfont!
Missing character: There is no a (U+0061) in font nullfont!
Missing character: There is no c (U+0063) in font nullfont!
Missing character: There is no i (U+0069) in font nullfont!
Missing character: There is no o (U+006F) in font nullfont!
Missing character: There is no n (U+006E) in font nullfont!
Missing character: There is no e (U+0065) in font nullfont!
Missing character: There is no s (U+0073) in font nullfont!
Missing character: There is no s (U+0073) in font nullfont!
Missing character: There is no o (U+006F) in font nullfont!
Missing character: There is no n (U+006E) in font nullfont!
Missing character: There is no e (U+0065) in font nullfont!
Missing character: There is no q (U+0071) in font nullfont!
Missing character: There is no u (U+0075) in font nullfont!
Missing character: There is no i (U+0069) in font nullfont!
Missing character: There is no v (U+0076) in font nullfont!
Missing character: There is no a (U+0061) in font nullfont!
Missing character: There is no l (U+006C) in font nullfont!
Missing character: There is no e (U+0065) in font nullfont!
Missing character: There is no n (U+006E) in font nullfont!
Missing character: There is no t (U+0074) in font nullfont!
Missing character: There is no e (U+0065) in font nullfont!
Missing character: There is no s (U+0073) in font nullfont!
Missing character: There is no : (U+003A) in font nullfont!
Missing character: There is no [ (U+005B) in font nullfont!
Missing character: There is no C (U+0043) in font nullfont!
Missing character: There is no a (U+0061) in font nullfont!
Missing character: There is no r (U+0072) in font nullfont!
Missing character: There is no a (U+0061) in font nullfont!
Missing character: There is no c (U+0063) in font nullfont!
Missing character: There is no t (U+0074) in font nullfont!
Missing character: There is no e (U+0065) in font nullfont!
Missing character: There is no r (U+0072) in font nullfont!
Missing character: There is no i (U+0069) in font nullfont!
Missing character: There is no z (U+007A) in font nullfont!
Missing character: There is no a (U+0061) in font nullfont!
Missing character: There is no c (U+0063) in font nullfont!
Missing character: There is no i (U+0069) in font nullfont!
Missing character: There is no ó (U+00F3) in font nullfont!
Missing character: There is no n (U+006E) in font nullfont!

Overfull \hbox (20.0pt too wide) in paragraph at lines 56--58
[][Caracterización
 []

Missing character: There is no E (U+0045) in font nullfont!
Missing character: There is no s (U+0073) in font nullfont!
Missing character: There is no p (U+0070) in font nullfont!
Missing character: There is no e (U+0065) in font nullfont!
Missing character: There is no c (U+0063) in font nullfont!
Missing character: There is no t (U+0074) in font nullfont!
Missing character: There is no r (U+0072) in font nullfont!
Missing character: There is no a (U+0061) in font nullfont!
Missing character: There is no l (U+006C) in font nullfont!
Missing character: There is no d (U+0064) in font nullfont!
Missing character: There is no e (U+0065) in font nullfont!
Missing character: There is no l (U+006C) in font nullfont!
Missing character: There is no a (U+0061) in font nullfont!
Missing character: There is no E (U+0045) in font nullfont!
Missing character: There is no r (U+0072) in font nullfont!
Missing character: There is no g (U+0067) in font nullfont!
Missing character: There is no o (U+006F) in font nullfont!
Missing character: There is no d (U+0064) in font nullfont!
Missing character: There is no i (U+0069) in font nullfont!
Missing character: There is no c (U+0063) in font nullfont!
Missing character: There is no i (U+0069) in font nullfont!
Missing character: There is no d (U+0064) in font nullfont!
Missing character: There is no a (U+0061) in font nullfont!
Missing character: There is no d (U+0064) in font nullfont!
Missing character: There is no ] (U+005D) in font nullfont!
Missing character: There is no S (U+0053) in font nullfont!
Missing character: There is no e (U+0065) in font nullfont!
Missing character: There is no a (U+0061) in font nullfont!

Overfull \hbox (39.80042pt too wide) in paragraph at lines 56--58
\OT1/cmr/m/n/10 (\OML/cmm/m/it/10 M; \OMS/cmsy/m/n/10 B\OML/cmm/m/it/10 ; \OT1
/cmr/m/n/10 )$
 []

Missing character: There is no u (U+0075) in font nullfont!
Missing character: There is no n (U+006E) in font nullfont!
Missing character: There is no e (U+0065) in font nullfont!
Missing character: There is no s (U+0073) in font nullfont!
Missing character: There is no p (U+0070) in font nullfont!
Missing character: There is no a (U+0061) in font nullfont!
Missing character: There is no c (U+0063) in font nullfont!
Missing character: There is no i (U+0069) in font nullfont!
Missing character: There is no o (U+006F) in font nullfont!
Missing character: There is no d (U+0064) in font nullfont!
Missing character: There is no e (U+0065) in font nullfont!
Missing character: There is no p (U+0070) in font nullfont!
Missing character: There is no r (U+0072) in font nullfont!
Missing character: There is no o (U+006F) in font nullfont!
Missing character: There is no b (U+0062) in font nullfont!
Missing character: There is no a (U+0061) in font nullfont!
Missing character: There is no b (U+0062) in font nullfont!
Missing character: There is no i (U+0069) in font nullfont!
Missing character: There is no l (U+006C) in font nullfont!
Missing character: There is no i (U+0069) in font nullfont!
Missing character: There is no d (U+0064) in font nullfont!
Missing character: There is no a (U+0061) in font nullfont!
Missing character: There is no d (U+0064) in font nullfont!
Missing character: There is no y (U+0079) in font nullfont!

Overfull \hbox (11.52776pt too wide) in paragraph at lines 56--58
\OML/cmm/m/it/10 f \OT1/cmr/m/n/10 :
 []


Overfull \hbox (23.56938pt too wide) in paragraph at lines 56--58
\OML/cmm/m/it/10 M \OMS/cmsy/m/n/10 !
 []


Overfull \hbox (10.79166pt too wide) in paragraph at lines 56--58
\OML/cmm/m/it/10 M$
 []

Missing character: There is no u (U+0075) in font nullfont!
Missing character: There is no n (U+006E) in font nullfont!
Missing character: There is no a (U+0061) in font nullfont!
Missing character: There is no a (U+0061) in font nullfont!
Missing character: There is no p (U+0070) in font nullfont!
Missing character: There is no l (U+006C) in font nullfont!
Missing character: There is no i (U+0069) in font nullfont!
Missing character: There is no c (U+0063) in font nullfont!
Missing character: There is no a (U+0061) in font nullfont!
Missing character: There is no c (U+0063) in font nullfont!
Missing character: There is no i (U+0069) in font nullfont!
Missing character: There is no ó (U+00F3) in font nullfont!
Missing character: There is no n (U+006E) in font nullfont!
Missing character: There is no m (U+006D) in font nullfont!
Missing character: There is no e (U+0065) in font nullfont!
Missing character: There is no d (U+0064) in font nullfont!
Missing character: There is no i (U+0069) in font nullfont!
Missing character: There is no b (U+0062) in font nullfont!
Missing character: There is no l (U+006C) in font nullfont!
Missing character: There is no e (U+0065) in font nullfont!
Missing character: There is no q (U+0071) in font nullfont!
Missing character: There is no u (U+0075) in font nullfont!
Missing character: There is no e (U+0065) in font nullfont!
Missing character: There is no p (U+0070) in font nullfont!
Missing character: There is no r (U+0072) in font nullfont!
Missing character: There is no e (U+0065) in font nullfont!
Missing character: There is no s (U+0073) in font nullfont!
Missing character: There is no e (U+0065) in font nullfont!
Missing character: There is no r (U+0072) in font nullfont!
Missing character: There is no v (U+0076) in font nullfont!
Missing character: There is no a (U+0061) in font nullfont!
Missing character: There is no . (U+002E) in font nullfont!

Overfull \hbox (6.02548pt too wide) in paragraph at lines 56--58
\OML/cmm/m/it/10 $\nullfont .
 []

Missing character: There is no L (U+004C) in font nullfont!
Missing character: There is no a (U+0061) in font nullfont!
Missing character: There is no s (U+0073) in font nullfont!
Missing character: There is no s (U+0073) in font nullfont!
Missing character: There is no i (U+0069) in font nullfont!
Missing character: There is no g (U+0067) in font nullfont!
Missing character: There is no u (U+0075) in font nullfont!
Missing character: There is no i (U+0069) in font nullfont!
Missing character: There is no e (U+0065) in font nullfont!
Missing character: There is no n (U+006E) in font nullfont!
Missing character: There is no t (U+0074) in font nullfont!
Missing character: There is no e (U+0065) in font nullfont!
Missing character: There is no s (U+0073) in font nullfont!
Missing character: There is no a (U+0061) in font nullfont!
Missing character: There is no f (U+0066) in font nullfont!
Missing character: There is no i (U+0069) in font nullfont!
Missing character: There is no r (U+0072) in font nullfont!
Missing character: There is no m (U+006D) in font nullfont!
Missing character: There is no a (U+0061) in font nullfont!
Missing character: There is no c (U+0063) in font nullfont!
Missing character: There is no i (U+0069) in font nullfont!
Missing character: There is no o (U+006F) in font nullfont!
Missing character: There is no n (U+006E) in font nullfont!
Missing character: There is no e (U+0065) in font nullfont!
Missing character: There is no s (U+0073) in font nullfont!
Missing character: There is no s (U+0073) in font nullfont!
Missing character: There is no o (U+006F) in font nullfont!
Missing character: There is no n (U+006E) in font nullfont!
Missing character: There is no e (U+0065) in font nullfont!
Missing character: There is no q (U+0071) in font nullfont!
Missing character: There is no u (U+0075) in font nullfont!
Missing character: There is no i (U+0069) in font nullfont!
Missing character: There is no v (U+0076) in font nullfont!
Missing character: There is no a (U+0061) in font nullfont!
Missing character: There is no l (U+006C) in font nullfont!
Missing character: There is no e (U+0065) in font nullfont!
Missing character: There is no n (U+006E) in font nullfont!
Missing character: There is no t (U+0074) in font nullfont!
Missing character: There is no e (U+0065) in font nullfont!
Missing character: There is no s (U+0073) in font nullfont!
Missing character: There is no : (U+003A) in font nullfont!

! LaTeX Error: Something's wrong--perhaps a missing \item.

See the LaTeX manual or LaTeX Companion for explanation.
Type  H <return>  for immediate help.
 ...                                              
                                                  
l.59 		\item L
              a medida $\mu$ es ergódica respecto a $f$.
Try typing  <return>  to proceed.
If that doesn't work, type  X <return>  to quit.

Missing character: There is no [ (U+005B) in font nullfont!
Missing character: There is no a (U+0061) in font nullfont!
Missing character: There is no ) (U+0029) in font nullfont!
Missing character: There is no ] (U+005D) in font nullfont!
Missing character: There is no [ (U+005B) in font nullfont!
Missing character: There is no a (U+0061) in font nullfont!
Missing character: There is no ) (U+0029) in font nullfont!
Missing character: There is no ] (U+005D) in font nullfont!
Missing character: There is no L (U+004C) in font nullfont!
Missing character: There is no a (U+0061) in font nullfont!
Missing character: There is no m (U+006D) in font nullfont!
Missing character: There is no e (U+0065) in font nullfont!
Missing character: There is no d (U+0064) in font nullfont!
Missing character: There is no i (U+0069) in font nullfont!
Missing character: There is no d (U+0064) in font nullfont!
Missing character: There is no a (U+0061) in font nullfont!
Missing character: There is no L (U+004C) in font nullfont!
Missing character: There is no a (U+0061) in font nullfont!
Missing character: There is no m (U+006D) in font nullfont!
Missing character: There is no e (U+0065) in font nullfont!
Missing character: There is no d (U+0064) in font nullfont!
Missing character: There is no i (U+0069) in font nullfont!
Missing character: There is no d (U+0064) in font nullfont!
Missing character: There is no a (U+0061) in font nullfont!
Missing character: There is no e (U+0065) in font nullfont!
Missing character: There is no s (U+0073) in font nullfont!
Missing character: There is no e (U+0065) in font nullfont!
Missing character: There is no r (U+0072) in font nullfont!
Missing character: There is no g (U+0067) in font nullfont!
Missing character: There is no ó (U+00F3) in font nullfont!
Missing character: There is no d (U+0064) in font nullfont!
Missing character: There is no i (U+0069) in font nullfont!
Missing character: There is no c (U+0063) in font nullfont!
Missing character: There is no a (U+0061) in font nullfont!
Missing character: There is no r (U+0072) in font nullfont!
Missing character: There is no e (U+0065) in font nullfont!
Missing character: There is no s (U+0073) in font nullfont!
Missing character: There is no p (U+0070) in font nullfont!
Missing character: There is no e (U+0065) in font nullfont!
Missing character: There is no c (U+0063) in font nullfont!
Missing character: There is no t (U+0074) in font nullfont!
Missing character: There is no o (U+006F) in font nullfont!
Missing character: There is no a (U+0061) in font nullfont!
Missing character: There is no . (U+002E) in font nullfont!
Missing character: There is no L (U+004C) in font nullfont!
Missing character: There is no a (U+0061) in font nullfont!
Missing character: There is no m (U+006D) in font nullfont!
Missing character: There is no e (U+0065) in font nullfont!
Missing character: There is no d (U+0064) in font nullfont!
Missing character: There is no i (U+0069) in font nullfont!
Missing character: There is no d (U+0064) in font nullfont!
Missing character: There is no a (U+0061) in font nullfont!

Overfull \hbox (6.02548pt too wide) in paragraph at lines 59--60
\OML/cmm/m/it/10 $
 []

Missing character: There is no e (U+0065) in font nullfont!
Missing character: There is no s (U+0073) in font nullfont!
Missing character: There is no e (U+0065) in font nullfont!
Missing character: There is no r (U+0072) in font nullfont!
Missing character: There is no g (U+0067) in font nullfont!
Missing character: There is no ó (U+00F3) in font nullfont!
Missing character: There is no d (U+0064) in font nullfont!
Missing character: There is no i (U+0069) in font nullfont!
Missing character: There is no c (U+0063) in font nullfont!
Missing character: There is no a (U+0061) in font nullfont!
Missing character: There is no r (U+0072) in font nullfont!
Missing character: There is no e (U+0065) in font nullfont!
Missing character: There is no s (U+0073) in font nullfont!
Missing character: There is no p (U+0070) in font nullfont!
Missing character: There is no e (U+0065) in font nullfont!
Missing character: There is no c (U+0063) in font nullfont!
Missing character: There is no t (U+0074) in font nullfont!
Missing character: There is no o (U+006F) in font nullfont!
Missing character: There is no a (U+0061) in font nullfont!
Missing character: There is no . (U+002E) in font nullfont!

Overfull \hbox (5.97226pt too wide) in paragraph at lines 59--60
\OML/cmm/m/it/10 f$\nullfont . 
 []

Missing character: There is no P (U+0050) in font nullfont!
Missing character: There is no a (U+0061) in font nullfont!
Missing character: There is no r (U+0072) in font nullfont!
Missing character: There is no a (U+0061) in font nullfont!
Missing character: There is no t (U+0074) in font nullfont!
Missing character: There is no o (U+006F) in font nullfont!
Missing character: There is no d (U+0064) in font nullfont!
Missing character: There is no o (U+006F) in font nullfont!
Missing character: There is no p (U+0070) in font nullfont!
Missing character: There is no a (U+0061) in font nullfont!
Missing character: There is no r (U+0072) in font nullfont!
Missing character: There is no d (U+0064) in font nullfont!
Missing character: There is no e (U+0065) in font nullfont!
Missing character: There is no s (U+0073) in font nullfont!
Missing character: There is no u (U+0075) in font nullfont!
Missing character: There is no b (U+0062) in font nullfont!
Missing character: There is no c (U+0063) in font nullfont!
Missing character: There is no o (U+006F) in font nullfont!
Missing character: There is no n (U+006E) in font nullfont!
Missing character: There is no j (U+006A) in font nullfont!
Missing character: There is no u (U+0075) in font nullfont!
Missing character: There is no n (U+006E) in font nullfont!
Missing character: There is no t (U+0074) in font nullfont!
Missing character: There is no o (U+006F) in font nullfont!
Missing character: There is no s (U+0073) in font nullfont!
Missing character: There is no m (U+006D) in font nullfont!
Missing character: There is no e (U+0065) in font nullfont!
Missing character: There is no d (U+0064) in font nullfont!
Missing character: There is no i (U+0069) in font nullfont!
Missing character: There is no b (U+0062) in font nullfont!
Missing character: There is no l (U+006C) in font nullfont!
Missing character: There is no e (U+0065) in font nullfont!
Missing character: There is no s (U+0073) in font nullfont!
Missing character: There is no P (U+0050) in font nullfont!
Missing character: There is no a (U+0061) in font nullfont!
Missing character: There is no r (U+0072) in font nullfont!
Missing character: There is no a (U+0061) in font nullfont!
Missing character: There is no t (U+0074) in font nullfont!
Missing character: There is no o (U+006F) in font nullfont!
Missing character: There is no d (U+0064) in font nullfont!
Missing character: There is no o (U+006F) in font nullfont!
Missing character: There is no p (U+0070) in font nullfont!
Missing character: There is no a (U+0061) in font nullfont!
Missing character: There is no r (U+0072) in font nullfont!
Missing character: There is no d (U+0064) in font nullfont!
Missing character: There is no e (U+0065) in font nullfont!
Missing character: There is no s (U+0073) in font nullfont!
Missing character: There is no u (U+0075) in font nullfont!
Missing character: There is no b (U+0062) in font nullfont!
Missing character: There is no c (U+0063) in font nullfont!
Missing character: There is no o (U+006F) in font nullfont!
Missing character: There is no n (U+006E) in font nullfont!
Missing character: There is no j (U+006A) in font nullfont!
Missing character: There is no u (U+0075) in font nullfont!
Missing character: There is no n (U+006E) in font nullfont!
Missing character: There is no t (U+0074) in font nullfont!
Missing character: There is no o (U+006F) in font nullfont!
Missing character: There is no s (U+0073) in font nullfont!
Missing character: There is no m (U+006D) in font nullfont!
Missing character: There is no e (U+0065) in font nullfont!
Missing character: There is no d (U+0064) in font nullfont!
Missing character: There is no i (U+0069) in font nullfont!
Missing character: There is no b (U+0062) in font nullfont!
Missing character: There is no l (U+006C) in font nullfont!
Missing character: There is no e (U+0065) in font nullfont!
Missing character: There is no s (U+0073) in font nullfont!
Missing character: There is no , (U+002C) in font nullfont!
Missing character: There is no s (U+0073) in font nullfont!
Missing character: There is no e (U+0065) in font nullfont!
Missing character: There is no t (U+0074) in font nullfont!
Missing character: There is no i (U+0069) in font nullfont!
Missing character: There is no e (U+0065) in font nullfont!
Missing character: There is no n (U+006E) in font nullfont!
Missing character: There is no e (U+0065) in font nullfont!
Missing character: There is no l (U+006C) in font nullfont!
Missing character: There is no a (U+0061) in font nullfont!
Missing character: There is no c (U+0063) in font nullfont!
Missing character: There is no o (U+006F) in font nullfont!
Missing character: There is no n (U+006E) in font nullfont!
Missing character: There is no v (U+0076) in font nullfont!
Missing character: There is no e (U+0065) in font nullfont!
Missing character: There is no r (U+0072) in font nullfont!
Missing character: There is no g (U+0067) in font nullfont!
Missing character: There is no e (U+0065) in font nullfont!
Missing character: There is no n (U+006E) in font nullfont!
Missing character: There is no c (U+0063) in font nullfont!
Missing character: There is no i (U+0069) in font nullfont!
Missing character: There is no a (U+0061) in font nullfont!
Missing character: There is no d (U+0064) in font nullfont!
Missing character: There is no e (U+0065) in font nullfont!
Missing character: There is no C (U+0043) in font nullfont!
Missing character: There is no e (U+0065) in font nullfont!
Missing character: There is no s (U+0073) in font nullfont!
Missing character: There is no à (U+00E0) in font nullfont!
Missing character: There is no r (U+0072) in font nullfont!
Missing character: There is no o (U+006F) in font nullfont!
Missing character: There is no : (U+003A) in font nullfont!
Missing character: There is no P (U+0050) in font nullfont!
Missing character: There is no a (U+0061) in font nullfont!
Missing character: There is no r (U+0072) in font nullfont!
Missing character: There is no a (U+0061) in font nullfont!
Missing character: There is no t (U+0074) in font nullfont!
Missing character: There is no o (U+006F) in font nullfont!
Missing character: There is no d (U+0064) in font nullfont!
Missing character: There is no o (U+006F) in font nullfont!
Missing character: There is no p (U+0070) in font nullfont!
Missing character: There is no a (U+0061) in font nullfont!
Missing character: There is no r (U+0072) in font nullfont!
Missing character: There is no d (U+0064) in font nullfont!
Missing character: There is no e (U+0065) in font nullfont!
Missing character: There is no s (U+0073) in font nullfont!
Missing character: There is no u (U+0075) in font nullfont!
Missing character: There is no b (U+0062) in font nullfont!
Missing character: There is no c (U+0063) in font nullfont!
Missing character: There is no o (U+006F) in font nullfont!
Missing character: There is no n (U+006E) in font nullfont!
Missing character: There is no j (U+006A) in font nullfont!
Missing character: There is no u (U+0075) in font nullfont!
Missing character: There is no n (U+006E) in font nullfont!
Missing character: There is no t (U+0074) in font nullfont!
Missing character: There is no o (U+006F) in font nullfont!
Missing character: There is no s (U+0073) in font nullfont!
Missing character: There is no m (U+006D) in font nullfont!
Missing character: There is no e (U+0065) in font nullfont!
Missing character: There is no d (U+0064) in font nullfont!
Missing character: There is no i (U+0069) in font nullfont!
Missing character: There is no b (U+0062) in font nullfont!
Missing character: There is no l (U+006C) in font nullfont!
Missing character: There is no e (U+0065) in font nullfont!
Missing character: There is no s (U+0073) in font nullfont!

Overfull \hbox (29.47563pt too wide) in paragraph at lines 60--61
\OML/cmm/m/it/10 A; B \OMS/cmsy/m/n/10 2
 []

Missing character: There is no , (U+002C) in font nullfont!

Overfull \hbox (6.87221pt too wide) in paragraph at lines 60--61
\OMS/cmsy/m/n/10 B$\nullfont ,
 []

Missing character: There is no s (U+0073) in font nullfont!
Missing character: There is no e (U+0065) in font nullfont!
Missing character: There is no t (U+0074) in font nullfont!
Missing character: There is no i (U+0069) in font nullfont!
Missing character: There is no e (U+0065) in font nullfont!
Missing character: There is no n (U+006E) in font nullfont!
Missing character: There is no e (U+0065) in font nullfont!
Missing character: There is no l (U+006C) in font nullfont!
Missing character: There is no a (U+0061) in font nullfont!
Missing character: There is no c (U+0063) in font nullfont!
Missing character: There is no o (U+006F) in font nullfont!
Missing character: There is no n (U+006E) in font nullfont!
Missing character: There is no v (U+0076) in font nullfont!
Missing character: There is no e (U+0065) in font nullfont!
Missing character: There is no r (U+0072) in font nullfont!
Missing character: There is no g (U+0067) in font nullfont!
Missing character: There is no e (U+0065) in font nullfont!
Missing character: There is no n (U+006E) in font nullfont!
Missing character: There is no c (U+0063) in font nullfont!
Missing character: There is no i (U+0069) in font nullfont!
Missing character: There is no a (U+0061) in font nullfont!
Missing character: There is no d (U+0064) in font nullfont!
Missing character: There is no e (U+0065) in font nullfont!
Missing character: There is no C (U+0043) in font nullfont!
Missing character: There is no e (U+0065) in font nullfont!
Missing character: There is no s (U+0073) in font nullfont!
Missing character: There is no à (U+00E0) in font nullfont!
Missing character: There is no r (U+0072) in font nullfont!
Missing character: There is no o (U+006F) in font nullfont!
Missing character: There is no : (U+003A) in font nullfont!

Overfull \hbox (166.26656pt too wide) detected at line 61
[] [] [] \OML/cmm/m/it/10 \OT1/cmr/m/n/10 (\OML/cmm/m/it/10 f[]\OT1/cmr/m/n/10
 (\OML/cmm/m/it/10 A\OT1/cmr/m/n/10 ) \OMS/cmsy/m/n/10 \ \OML/cmm/m/it/10 B\OT1
/cmr/m/n/10 ) = \OML/cmm/m/it/10 \OT1/cmr/m/n/10 (\OML/cmm/m/it/10 A\OT1/cmr/m
/n/10 )\OML/cmm/m/it/10 \OT1/cmr/m/n/10 (\OML/cmm/m/it/10 B\OT1/cmr/m/n/10 )
 []

Missing character: There is no P (U+0050) in font nullfont!
Missing character: There is no a (U+0061) in font nullfont!
Missing character: There is no r (U+0072) in font nullfont!
Missing character: There is no a (U+0061) in font nullfont!
Missing character: There is no t (U+0074) in font nullfont!
Missing character: There is no o (U+006F) in font nullfont!
Missing character: There is no d (U+0064) in font nullfont!
Missing character: There is no o (U+006F) in font nullfont!
Missing character: There is no p (U+0070) in font nullfont!
Missing character: There is no a (U+0061) in font nullfont!
Missing character: There is no r (U+0072) in font nullfont!
Missing character: There is no d (U+0064) in font nullfont!
Missing character: There is no e (U+0065) in font nullfont!
Missing character: There is no e (U+0065) in font nullfont!
Missing character: There is no x (U+0078) in font nullfont!
Missing character: There is no p (U+0070) in font nullfont!
Missing character: There is no o (U+006F) in font nullfont!
Missing character: There is no n (U+006E) in font nullfont!
Missing character: There is no e (U+0065) in font nullfont!
Missing character: There is no n (U+006E) in font nullfont!
Missing character: There is no t (U+0074) in font nullfont!
Missing character: There is no e (U+0065) in font nullfont!
Missing character: There is no s (U+0073) in font nullfont!
Missing character: There is no c (U+0063) in font nullfont!
Missing character: There is no o (U+006F) in font nullfont!
Missing character: There is no n (U+006E) in font nullfont!
Missing character: There is no j (U+006A) in font nullfont!
Missing character: There is no u (U+0075) in font nullfont!
Missing character: There is no g (U+0067) in font nullfont!
Missing character: There is no a (U+0061) in font nullfont!
Missing character: There is no d (U+0064) in font nullfont!
Missing character: There is no o (U+006F) in font nullfont!
Missing character: There is no s (U+0073) in font nullfont!
Missing character: There is no P (U+0050) in font nullfont!
Missing character: There is no a (U+0061) in font nullfont!
Missing character: There is no r (U+0072) in font nullfont!
Missing character: There is no a (U+0061) in font nullfont!
Missing character: There is no t (U+0074) in font nullfont!
Missing character: There is no o (U+006F) in font nullfont!
Missing character: There is no d (U+0064) in font nullfont!
Missing character: There is no o (U+006F) in font nullfont!
Missing character: There is no p (U+0070) in font nullfont!
Missing character: There is no a (U+0061) in font nullfont!
Missing character: There is no r (U+0072) in font nullfont!
Missing character: There is no d (U+0064) in font nullfont!
Missing character: There is no e (U+0065) in font nullfont!
Missing character: There is no e (U+0065) in font nullfont!
Missing character: There is no x (U+0078) in font nullfont!
Missing character: There is no p (U+0070) in font nullfont!
Missing character: There is no o (U+006F) in font nullfont!
Missing character: There is no n (U+006E) in font nullfont!
Missing character: There is no e (U+0065) in font nullfont!
Missing character: There is no n (U+006E) in font nullfont!
Missing character: There is no t (U+0074) in font nullfont!
Missing character: There is no e (U+0065) in font nullfont!
Missing character: There is no s (U+0073) in font nullfont!
Missing character: There is no c (U+0063) in font nullfont!
Missing character: There is no o (U+006F) in font nullfont!
Missing character: There is no n (U+006E) in font nullfont!
Missing character: There is no j (U+006A) in font nullfont!
Missing character: There is no u (U+0075) in font nullfont!
Missing character: There is no g (U+0067) in font nullfont!
Missing character: There is no a (U+0061) in font nullfont!
Missing character: There is no d (U+0064) in font nullfont!
Missing character: There is no o (U+006F) in font nullfont!
Missing character: There is no s (U+0073) in font nullfont!
Missing character: There is no c (U+0063) in font nullfont!
Missing character: There is no o (U+006F) in font nullfont!
Missing character: There is no n (U+006E) in font nullfont!
Missing character: There is no , (U+002C) in font nullfont!
Missing character: There is no y (U+0079) in font nullfont!
Missing character: There is no p (U+0070) in font nullfont!
Missing character: There is no a (U+0061) in font nullfont!
Missing character: There is no r (U+0072) in font nullfont!
Missing character: There is no a (U+0061) in font nullfont!
Missing character: There is no c (U+0063) in font nullfont!
Missing character: There is no u (U+0075) in font nullfont!
Missing character: There is no a (U+0061) in font nullfont!
Missing character: There is no l (U+006C) in font nullfont!
Missing character: There is no e (U+0065) in font nullfont!
Missing character: There is no s (U+0073) in font nullfont!
Missing character: There is no q (U+0071) in font nullfont!
Missing character: There is no u (U+0075) in font nullfont!
Missing character: There is no i (U+0069) in font nullfont!
Missing character: There is no e (U+0065) in font nullfont!
Missing character: There is no r (U+0072) in font nullfont!
Missing character: There is no a (U+0061) in font nullfont!
Missing character: There is no f (U+0066) in font nullfont!
Missing character: There is no u (U+0075) in font nullfont!
Missing character: There is no n (U+006E) in font nullfont!
Missing character: There is no c (U+0063) in font nullfont!
Missing character: There is no i (U+0069) in font nullfont!
Missing character: There is no o (U+006F) in font nullfont!
Missing character: There is no n (U+006E) in font nullfont!
Missing character: There is no e (U+0065) in font nullfont!
Missing character: There is no s (U+0073) in font nullfont!
Missing character: There is no y (U+0079) in font nullfont!
Missing character: There is no , (U+002C) in font nullfont!
Missing character: There is no s (U+0073) in font nullfont!
Missing character: There is no e (U+0065) in font nullfont!
Missing character: There is no c (U+0063) in font nullfont!
Missing character: There is no u (U+0075) in font nullfont!
Missing character: There is no m (U+006D) in font nullfont!
Missing character: There is no p (U+0070) in font nullfont!
Missing character: There is no l (U+006C) in font nullfont!
Missing character: There is no e (U+0065) in font nullfont!
Missing character: There is no : (U+003A) in font nullfont!
Missing character: There is no P (U+0050) in font nullfont!
Missing character: There is no a (U+0061) in font nullfont!
Missing character: There is no r (U+0072) in font nullfont!
Missing character: There is no a (U+0061) in font nullfont!
Missing character: There is no t (U+0074) in font nullfont!
Missing character: There is no o (U+006F) in font nullfont!
Missing character: There is no d (U+0064) in font nullfont!
Missing character: There is no o (U+006F) in font nullfont!
Missing character: There is no p (U+0070) in font nullfont!
Missing character: There is no a (U+0061) in font nullfont!
Missing character: There is no r (U+0072) in font nullfont!
Missing character: There is no d (U+0064) in font nullfont!
Missing character: There is no e (U+0065) in font nullfont!
Missing character: There is no e (U+0065) in font nullfont!
Missing character: There is no x (U+0078) in font nullfont!
Missing character: There is no p (U+0070) in font nullfont!
Missing character: There is no o (U+006F) in font nullfont!
Missing character: There is no n (U+006E) in font nullfont!
Missing character: There is no e (U+0065) in font nullfont!
Missing character: There is no n (U+006E) in font nullfont!
Missing character: There is no t (U+0074) in font nullfont!
Missing character: There is no e (U+0065) in font nullfont!
Missing character: There is no s (U+0073) in font nullfont!
Missing character: There is no c (U+0063) in font nullfont!
Missing character: There is no o (U+006F) in font nullfont!
Missing character: There is no n (U+006E) in font nullfont!
Missing character: There is no j (U+006A) in font nullfont!
Missing character: There is no u (U+0075) in font nullfont!
Missing character: There is no g (U+0067) in font nullfont!
Missing character: There is no a (U+0061) in font nullfont!
Missing character: There is no d (U+0064) in font nullfont!
Missing character: There is no o (U+006F) in font nullfont!
Missing character: There is no s (U+0073) in font nullfont!

Overfull \hbox (23.74297pt too wide) in paragraph at lines 62--63
\OML/cmm/m/it/10 p; q \OMS/cmsy/m/n/10 2
 []


Overfull \hbox (32.77782pt too wide) in paragraph at lines 62--63
\OT1/cmr/m/n/10 [1\OML/cmm/m/it/10 ; \OT1/cmr/m/n/10 +\OMS/cmsy/m/n/10 1\OT1/cm
r/m/n/10 ]$
 []

Missing character: There is no c (U+0063) in font nullfont!
Missing character: There is no o (U+006F) in font nullfont!
Missing character: There is no n (U+006E) in font nullfont!

Overfull \hbox (14.30014pt too wide) in paragraph at lines 62--63
[] \OT1/cmr/m/n/10 +
 []


Overfull \hbox (16.94164pt too wide) in paragraph at lines 62--63
[] \OT1/cmr/m/n/10 =
 []

Missing character: There is no , (U+002C) in font nullfont!

Overfull \hbox (5.00002pt too wide) in paragraph at lines 62--63
\OT1/cmr/m/n/10 1$\nullfont ,
 []

Missing character: There is no y (U+0079) in font nullfont!
Missing character: There is no p (U+0070) in font nullfont!
Missing character: There is no a (U+0061) in font nullfont!
Missing character: There is no r (U+0072) in font nullfont!
Missing character: There is no a (U+0061) in font nullfont!
Missing character: There is no c (U+0063) in font nullfont!
Missing character: There is no u (U+0075) in font nullfont!
Missing character: There is no a (U+0061) in font nullfont!
Missing character: There is no l (U+006C) in font nullfont!
Missing character: There is no e (U+0065) in font nullfont!
Missing character: There is no s (U+0073) in font nullfont!
Missing character: There is no q (U+0071) in font nullfont!
Missing character: There is no u (U+0075) in font nullfont!
Missing character: There is no i (U+0069) in font nullfont!
Missing character: There is no e (U+0065) in font nullfont!
Missing character: There is no r (U+0072) in font nullfont!
Missing character: There is no a (U+0061) in font nullfont!
Missing character: There is no f (U+0066) in font nullfont!
Missing character: There is no u (U+0075) in font nullfont!
Missing character: There is no n (U+006E) in font nullfont!
Missing character: There is no c (U+0063) in font nullfont!
Missing character: There is no i (U+0069) in font nullfont!
Missing character: There is no o (U+006F) in font nullfont!
Missing character: There is no n (U+006E) in font nullfont!
Missing character: There is no e (U+0065) in font nullfont!
Missing character: There is no s (U+0073) in font nullfont!

Overfull \hbox (15.98607pt too wide) in paragraph at lines 62--63
\OML/cmm/m/it/10 ' \OMS/cmsy/m/n/10 2
 []


Overfull \hbox (51.32pt too wide) in paragraph at lines 62--63
\OMS/cmsy/m/n/10 L[]\OT1/cmr/m/n/10 (\OML/cmm/m/it/10 M; \OMS/cmsy/m/n/10 B\OML
/cmm/m/it/10 ; \OT1/cmr/m/n/10 )$
 []

Missing character: There is no y (U+0079) in font nullfont!

Overfull \hbox (16.3171pt too wide) in paragraph at lines 62--63
\OML/cmm/m/it/10   \OMS/cmsy/m/n/10 2
 []

Missing character: There is no , (U+002C) in font nullfont!

Overfull \hbox (51.114pt too wide) in paragraph at lines 62--63
\OMS/cmsy/m/n/10 L[]\OT1/cmr/m/n/10 (\OML/cmm/m/it/10 M; \OMS/cmsy/m/n/10 B\OML
/cmm/m/it/10 ; \OT1/cmr/m/n/10 )$\nullfont ,
 []

Missing character: There is no s (U+0073) in font nullfont!
Missing character: There is no e (U+0065) in font nullfont!
Missing character: There is no c (U+0063) in font nullfont!
Missing character: There is no u (U+0075) in font nullfont!
Missing character: There is no m (U+006D) in font nullfont!
Missing character: There is no p (U+0070) in font nullfont!
Missing character: There is no l (U+006C) in font nullfont!
Missing character: There is no e (U+0065) in font nullfont!
Missing character: There is no : (U+003A) in font nullfont!

! LaTeX Error: The font size command \normalsize is not defined:
               there is probably something wrong with the class file.

See the LaTeX manual or LaTeX Companion for explanation.
Type  H <return>  for immediate help.
 ...                                              
                                                  
l.63 		$$
          \lim_{n \to \infty} \frac{1}{n} \sum_{j=0}^{n-1} \int_M (\varphi \...
Your command was ignored.
Type  I <command> <return>  to replace it with another command,
or  <return>  to continue without it.

[1
Missing character: There is no S (U+0053) in font nullfont!
Missing character: There is no e (U+0065) in font nullfont!
Missing character: There is no m (U+006D) in font nullfont!
Missing character: There is no a (U+0061) in font nullfont!
Missing character: There is no n (U+006E) in font nullfont!
Missing character: There is no a (U+0061) in font nullfont!
Missing character: There is no 1 (U+0031) in font nullfont!
Missing character: There is no 2 (U+0032) in font nullfont!
Missing character: There is no : (U+003A) in font nullfont!
Missing character: There is no T (U+0054) in font nullfont!
Missing character: There is no e (U+0065) in font nullfont!
Missing character: There is no o (U+006F) in font nullfont!
Missing character: There is no r (U+0072) in font nullfont!
Missing character: There is no e (U+0065) in font nullfont!
Missing character: There is no m (U+006D) in font nullfont!
Missing character: There is no a (U+0061) in font nullfont!
Missing character: There is no E (U+0045) in font nullfont!
Missing character: There is no r (U+0072) in font nullfont!
Missing character: There is no g (U+0067) in font nullfont!
Missing character: There is no ó (U+00F3) in font nullfont!
Missing character: There is no d (U+0064) in font nullfont!
Missing character: There is no i (U+0069) in font nullfont!
Missing character: There is no c (U+0063) in font nullfont!
Missing character: There is no o (U+006F) in font nullfont!
Missing character: There is no d (U+0064) in font nullfont!
Missing character: There is no e (U+0065) in font nullfont!
Missing character: There is no B (U+0042) in font nullfont!
Missing character: There is no i (U+0069) in font nullfont!
Missing character: There is no r (U+0072) in font nullfont!
Missing character: There is no k (U+006B) in font nullfont!
Missing character: There is no h (U+0068) in font nullfont!
Missing character: There is no o (U+006F) in font nullfont!
Missing character: There is no f (U+0066) in font nullfont!
Missing character: There is no f (U+0066) in font nullfont!
Missing character: There is no y (U+0079) in font nullfont!
Missing character: There is no C (U+0043) in font nullfont!
Missing character: There is no a (U+0061) in font nullfont!
Missing character: There is no r (U+0072) in font nullfont!
Missing character: There is no a (U+0061) in font nullfont!
Missing character: There is no c (U+0063) in font nullfont!
Missing character: There is no t (U+0074) in font nullfont!
Missing character: There is no e (U+0065) in font nullfont!
Missing character: There is no r (U+0072) in font nullfont!
Missing character: There is no i (U+0069) in font nullfont!
Missing character: There is no z (U+007A) in font nullfont!
Missing character: There is no a (U+0061) in font nullfont!
Missing character: There is no c (U+0063) in font nullfont!
Missing character: There is no i (U+0069) in font nullfont!
Missing character: There is no ó (U+00F3) in font nullfont!
Missing character: There is no n (U+006E) in font nullfont!
Missing character: There is no T (U+0054) in font nullfont!
Missing character: There is no i (U+0069) in font nullfont!
Missing character: There is no e (U+0065) in font nullfont!
Missing character: There is no m (U+006D) in font nullfont!
Missing character: There is no p (U+0070) in font nullfont!
Missing character: There is no o (U+006F) in font nullfont!
Missing character: There is no M (U+004D) in font nullfont!
Missing character: There is no e (U+0065) in font nullfont!
Missing character: There is no d (U+0064) in font nullfont!
Missing character: There is no i (U+0069) in font nullfont!
Missing character: There is no o (U+006F) in font nullfont!
Missing character: There is no d (U+0064) in font nullfont!
Missing character: There is no e (U+0065) in font nullfont!
Missing character: There is no V (U+0056) in font nullfont!
Missing character: There is no i (U+0069) in font nullfont!
Missing character: There is no s (U+0073) in font nullfont!
Missing character: There is no i (U+0069) in font nullfont!
Missing character: There is no t (U+0074) in font nullfont!
Missing character: There is no a (U+0061) in font nullfont!
Missing character: There is no y (U+0079) in font nullfont!
Missing character: There is no M (U+004D) in font nullfont!
Missing character: There is no o (U+006F) in font nullfont!
Missing character: There is no t (U+0074) in font nullfont!
Missing character: There is no i (U+0069) in font nullfont!
Missing character: There is no v (U+0076) in font nullfont!
Missing character: There is no a (U+0061) in font nullfont!
Missing character: There is no c (U+0063) in font nullfont!
Missing character: There is no i (U+0069) in font nullfont!
Missing character: There is no ó (U+00F3) in font nullfont!
Missing character: There is no n (U+006E) in font nullfont!
Missing character: There is no S (U+0053) in font nullfont!
Missing character: There is no e (U+0065) in font nullfont!
Missing character: There is no a (U+0061) in font nullfont!
{C:/Users/Matiu/AppData/Local/MiKTeX/fonts/map/pdftex/pdftex.map}
Missing character: There is no u (U+0075) in font nullfont!
Missing character: There is no n (U+006E) in font nullfont!
Missing character: There is no e (U+0065) in font nullfont!
Missing character: There is no s (U+0073) in font nullfont!
Missing character: There is no p (U+0070) in font nullfont!
Missing character: There is no a (U+0061) in font nullfont!
Missing character: There is no c (U+0063) in font nullfont!
Missing character: There is no i (U+0069) in font nullfont!
Missing character: There is no o (U+006F) in font nullfont!
Missing character: There is no d (U+0064) in font nullfont!
Missing character: There is no e (U+0065) in font nullfont!
Missing character: There is no m (U+006D) in font nullfont!
Missing character: There is no e (U+0065) in font nullfont!
Missing character: There is no d (U+0064) in font nullfont!
Missing character: There is no i (U+0069) in font nullfont!
Missing character: There is no d (U+0064) in font nullfont!
Missing character: There is no a (U+0061) in font nullfont!
Missing character: There is no f (U+0066) in font nullfont!
Missing character: There is no i (U+0069) in font nullfont!
Missing character: There is no n (U+006E) in font nullfont!
Missing character: There is no i (U+0069) in font nullfont!
Missing character: There is no t (U+0074) in font nullfont!
Missing character: There is no a (U+0061) in font nullfont!
Missing character: There is no y (U+0079) in font nullfont!
Missing character: There is no u (U+0075) in font nullfont!
Missing character: There is no n (U+006E) in font nullfont!
Missing character: There is no a (U+0061) in font nullfont!
Missing character: There is no a (U+0061) in font nullfont!
Missing character: There is no p (U+0070) in font nullfont!
Missing character: There is no l (U+006C) in font nullfont!
Missing character: There is no i (U+0069) in font nullfont!
Missing character: There is no c (U+0063) in font nullfont!
Missing character: There is no a (U+0061) in font nullfont!
Missing character: There is no c (U+0063) in font nullfont!
Missing character: There is no i (U+0069) in font nullfont!
Missing character: There is no ó (U+00F3) in font nullfont!
Missing character: There is no n (U+006E) in font nullfont!
Missing character: There is no m (U+006D) in font nullfont!
Missing character: There is no e (U+0065) in font nullfont!
Missing character: There is no d (U+0064) in font nullfont!
Missing character: There is no i (U+0069) in font nullfont!
Missing character: There is no b (U+0062) in font nullfont!
Missing character: There is no l (U+006C) in font nullfont!
Missing character: There is no e (U+0065) in font nullfont!
Missing character: There is no q (U+0071) in font nullfont!
Missing character: There is no u (U+0075) in font nullfont!
Missing character: There is no e (U+0065) in font nullfont!
Missing character: There is no p (U+0070) in font nullfont!
Missing character: There is no r (U+0072) in font nullfont!
Missing character: There is no e (U+0065) in font nullfont!
Missing character: There is no s (U+0073) in font nullfont!
Missing character: There is no e (U+0065) in font nullfont!
Missing character: There is no r (U+0072) in font nullfont!
Missing character: There is no v (U+0076) in font nullfont!
Missing character: There is no a (U+0061) in font nullfont!
Missing character: There is no . (U+002E) in font nullfont!
Missing character: There is no S (U+0053) in font nullfont!
Missing character: There is no e (U+0065) in font nullfont!
Missing character: There is no a (U+0061) in font nullfont!
Missing character: There is no c (U+0063) in font nullfont!
Missing character: There is no o (U+006F) in font nullfont!
Missing character: There is no n (U+006E) in font nullfont!
Missing character: There is no . (U+002E) in font nullfont!
Missing character: There is no P (U+0050) in font nullfont!
Missing character: There is no o (U+006F) in font nullfont!
Missing character: There is no r (U+0072) in font nullfont!
Missing character: There is no e (U+0065) in font nullfont!
Missing character: There is no l (U+006C) in font nullfont!
Missing character: There is no T (U+0054) in font nullfont!
Missing character: There is no e (U+0065) in font nullfont!
Missing character: There is no o (U+006F) in font nullfont!
Missing character: There is no r (U+0072) in font nullfont!
Missing character: There is no e (U+0065) in font nullfont!
Missing character: There is no m (U+006D) in font nullfont!
Missing character: There is no a (U+0061) in font nullfont!
Missing character: There is no d (U+0064) in font nullfont!
Missing character: There is no e (U+0065) in font nullfont!
Missing character: There is no R (U+0052) in font nullfont!
Missing character: There is no e (U+0065) in font nullfont!
Missing character: There is no c (U+0063) in font nullfont!
Missing character: There is no u (U+0075) in font nullfont!
Missing character: There is no r (U+0072) in font nullfont!
Missing character: There is no r (U+0072) in font nullfont!
Missing character: There is no e (U+0065) in font nullfont!
Missing character: There is no n (U+006E) in font nullfont!
Missing character: There is no c (U+0063) in font nullfont!
Missing character: There is no i (U+0069) in font nullfont!
Missing character: There is no a (U+0061) in font nullfont!
Missing character: There is no d (U+0064) in font nullfont!
Missing character: There is no e (U+0065) in font nullfont!
Missing character: There is no P (U+0050) in font nullfont!
Missing character: There is no o (U+006F) in font nullfont!
Missing character: There is no i (U+0069) in font nullfont!
Missing character: There is no n (U+006E) in font nullfont!
Missing character: There is no c (U+0063) in font nullfont!
Missing character: There is no a (U+0061) in font nullfont!
Missing character: There is no r (U+0072) in font nullfont!
Missing character: There is no é (U+00E9) in font nullfont!
Missing character: There is no , (U+002C) in font nullfont!
Missing character: There is no p (U+0070) in font nullfont!
Missing character: There is no a (U+0061) in font nullfont!
Missing character: There is no r (U+0072) in font nullfont!
Missing character: There is no a (U+0061) in font nullfont!
Missing character: There is no - (U+002D) in font nullfont!
Missing character: There is no c (U+0063) in font nullfont!
Missing character: There is no . (U+002E) in font nullfont!
Missing character: There is no t (U+0074) in font nullfont!
Missing character: There is no . (U+002E) in font nullfont!
Missing character: There is no p (U+0070) in font nullfont!
Missing character: There is no . (U+002E) in font nullfont!
Missing character: There is no , (U+002C) in font nullfont!
Missing character: There is no s (U+0073) in font nullfont!
Missing character: There is no e (U+0065) in font nullfont!
Missing character: There is no t (U+0074) in font nullfont!
Missing character: There is no i (U+0069) in font nullfont!
Missing character: There is no e (U+0065) in font nullfont!
Missing character: There is no n (U+006E) in font nullfont!
Missing character: There is no e (U+0065) in font nullfont!
Missing character: There is no q (U+0071) in font nullfont!
Missing character: There is no u (U+0075) in font nullfont!
Missing character: There is no e (U+0065) in font nullfont!
Missing character: There is no p (U+0070) in font nullfont!
Missing character: There is no a (U+0061) in font nullfont!
Missing character: There is no r (U+0072) in font nullfont!
Missing character: There is no a (U+0061) in font nullfont!
Missing character: There is no i (U+0069) in font nullfont!
Missing character: There is no n (U+006E) in font nullfont!
Missing character: There is no f (U+0066) in font nullfont!
Missing character: There is no i (U+0069) in font nullfont!
Missing character: There is no n (U+006E) in font nullfont!
Missing character: There is no i (U+0069) in font nullfont!
Missing character: There is no t (U+0074) in font nullfont!
Missing character: There is no o (U+006F) in font nullfont!
Missing character: There is no s (U+0073) in font nullfont!
Missing character: There is no v (U+0076) in font nullfont!
Missing character: There is no a (U+0061) in font nullfont!
Missing character: There is no l (U+006C) in font nullfont!
Missing character: There is no o (U+006F) in font nullfont!
Missing character: There is no r (U+0072) in font nullfont!
Missing character: There is no e (U+0065) in font nullfont!
Missing character: There is no s (U+0073) in font nullfont!
Missing character: There is no d (U+0064) in font nullfont!
Missing character: There is no e (U+0065) in font nullfont!
Missing character: There is no . (U+002E) in font nullfont!
Missing character: There is no L (U+004C) in font nullfont!
Missing character: There is no l (U+006C) in font nullfont!
Missing character: There is no a (U+0061) in font nullfont!
Missing character: There is no m (U+006D) in font nullfont!
Missing character: There is no a (U+0061) in font nullfont!
Missing character: There is no m (U+006D) in font nullfont!
Missing character: There is no o (U+006F) in font nullfont!
Missing character: There is no s (U+0073) in font nullfont!
Missing character: There is no d (U+0064) in font nullfont!
Missing character: There is no e (U+0065) in font nullfont!
Missing character: There is no a (U+0061) in font nullfont!
Missing character: There is no a (U+0061) in font nullfont!
Missing character: There is no l (U+006C) in font nullfont!
Missing character: There is no v (U+0076) in font nullfont!
Missing character: There is no a (U+0061) in font nullfont!
Missing character: There is no l (U+006C) in font nullfont!
Missing character: There is no o (U+006F) in font nullfont!
Missing character: There is no r (U+0072) in font nullfont!
Missing character: There is no d (U+0064) in font nullfont!
Missing character: There is no e (U+0065) in font nullfont!
Missing character: There is no l (U+006C) in font nullfont!
Missing character: There is no l (U+006C) in font nullfont!
Missing character: There is no í (U+00ED) in font nullfont!
Missing character: There is no m (U+006D) in font nullfont!
Missing character: There is no i (U+0069) in font nullfont!
Missing character: There is no t (U+0074) in font nullfont!
Missing character: There is no e (U+0065) in font nullfont!
Missing character: There is no : (U+003A) in font nullfont!
Missing character: There is no e (U+0065) in font nullfont!
Missing character: There is no l (U+006C) in font nullfont!
Missing character: There is no c (U+0063) in font nullfont!
Missing character: There is no u (U+0075) in font nullfont!
Missing character: There is no a (U+0061) in font nullfont!
Missing character: There is no l (U+006C) in font nullfont!
Missing character: There is no c (U+0063) in font nullfont!
Missing character: There is no u (U+0075) in font nullfont!
Missing character: There is no a (U+0061) in font nullfont!
Missing character: There is no n (U+006E) in font nullfont!
Missing character: There is no t (U+0074) in font nullfont!
Missing character: There is no i (U+0069) in font nullfont!
Missing character: There is no f (U+0066) in font nullfont!
Missing character: There is no i (U+0069) in font nullfont!
Missing character: There is no c (U+0063) in font nullfont!
Missing character: There is no a (U+0061) in font nullfont!
Missing character: There is no c (U+0063) in font nullfont!
Missing character: There is no u (U+0075) in font nullfont!
Missing character: There is no á (U+00E1) in font nullfont!
Missing character: There is no n (U+006E) in font nullfont!
Missing character: There is no t (U+0074) in font nullfont!
Missing character: There is no a (U+0061) in font nullfont!
Missing character: There is no s (U+0073) in font nullfont!
Missing character: There is no v (U+0076) in font nullfont!
Missing character: There is no e (U+0065) in font nullfont!
Missing character: There is no c (U+0063) in font nullfont!
Missing character: There is no e (U+0065) in font nullfont!
Missing character: There is no s (U+0073) in font nullfont!
Missing character: There is no r (U+0072) in font nullfont!
Missing character: There is no e (U+0065) in font nullfont!
Missing character: There is no t (U+0074) in font nullfont!
Missing character: There is no o (U+006F) in font nullfont!
Missing character: There is no r (U+0072) in font nullfont!
Missing character: There is no n (U+006E) in font nullfont!
Missing character: There is no a (U+0061) in font nullfont!
Missing character: There is no a (U+0061) in font nullfont!
Missing character: There is no e (U+0065) in font nullfont!
Missing character: There is no n (U+006E) in font nullfont!
Missing character: There is no e (U+0065) in font nullfont!
Missing character: There is no l (U+006C) in font nullfont!
Missing character: There is no i (U+0069) in font nullfont!
Missing character: There is no n (U+006E) in font nullfont!
Missing character: There is no t (U+0074) in font nullfont!
Missing character: There is no e (U+0065) in font nullfont!
Missing character: There is no r (U+0072) in font nullfont!
Missing character: There is no v (U+0076) in font nullfont!
Missing character: There is no a (U+0061) in font nullfont!
Missing character: There is no l (U+006C) in font nullfont!
Missing character: There is no o (U+006F) in font nullfont!
Missing character: There is no d (U+0064) in font nullfont!
Missing character: There is no e (U+0065) in font nullfont!
Missing character: There is no i (U+0069) in font nullfont!
Missing character: There is no t (U+0074) in font nullfont!
Missing character: There is no e (U+0065) in font nullfont!
Missing character: There is no r (U+0072) in font nullfont!
Missing character: There is no a (U+0061) in font nullfont!
Missing character: There is no c (U+0063) in font nullfont!
Missing character: There is no i (U+0069) in font nullfont!
Missing character: There is no o (U+006F) in font nullfont!
Missing character: There is no n (U+006E) in font nullfont!
Missing character: There is no e (U+0065) in font nullfont!
Missing character: There is no s (U+0073) in font nullfont!
Missing character: There is no d (U+0064) in font nullfont!
Missing character: There is no e (U+0065) in font nullfont!
Missing character: There is no a (U+0061) in font nullfont!
Missing character: There is no . (U+002E) in font nullfont!
Missing character: There is no ¿ (U+00BF) in font nullfont!
Missing character: There is no E (U+0045) in font nullfont!
Missing character: There is no l (U+006C) in font nullfont!
Missing character: There is no l (U+006C) in font nullfont!
Missing character: There is no í (U+00ED) in font nullfont!
Missing character: There is no m (U+006D) in font nullfont!
Missing character: There is no i (U+0069) in font nullfont!
Missing character: There is no t (U+0074) in font nullfont!
Missing character: There is no e (U+0065) in font nullfont!
Missing character: There is no a (U+0061) in font nullfont!
Missing character: There is no n (U+006E) in font nullfont!
Missing character: There is no t (U+0074) in font nullfont!
Missing character: There is no e (U+0065) in font nullfont!
Missing character: There is no r (U+0072) in font nullfont!
Missing character: There is no i (U+0069) in font nullfont!
Missing character: There is no o (U+006F) in font nullfont!
Missing character: There is no r (U+0072) in font nullfont!
Missing character: There is no e (U+0065) in font nullfont!
Missing character: There is no x (U+0078) in font nullfont!
Missing character: There is no i (U+0069) in font nullfont!
Missing character: There is no s (U+0073) in font nullfont!
Missing character: There is no t (U+0074) in font nullfont!
Missing character: There is no e (U+0065) in font nullfont!
Missing character: There is no s (U+0073) in font nullfont!
Missing character: There is no i (U+0069) in font nullfont!
Missing character: There is no e (U+0065) in font nullfont!
Missing character: There is no m (U+006D) in font nullfont!
Missing character: There is no p (U+0070) in font nullfont!
Missing character: There is no r (U+0072) in font nullfont!
Missing character: There is no e (U+0065) in font nullfont!
Missing character: There is no ? (U+003F) in font nullfont!
Missing character: There is no L (U+004C) in font nullfont!
Missing character: There is no a (U+0061) in font nullfont!
Missing character: There is no r (U+0072) in font nullfont!
Missing character: There is no e (U+0065) in font nullfont!
Missing character: There is no s (U+0073) in font nullfont!
Missing character: There is no p (U+0070) in font nullfont!
Missing character: There is no u (U+0075) in font nullfont!
Missing character: There is no e (U+0065) in font nullfont!
Missing character: There is no s (U+0073) in font nullfont!
Missing character: There is no t (U+0074) in font nullfont!
Missing character: There is no a (U+0061) in font nullfont!
Missing character: There is no e (U+0065) in font nullfont!
Missing character: There is no s (U+0073) in font nullfont!
Missing character: There is no . (U+002E) in font nullfont!
Missing character: There is no E (U+0045) in font nullfont!
Missing character: There is no l (U+006C) in font nullfont!
Missing character: There is no s (U+0073) in font nullfont!
Missing character: There is no i (U+0069) in font nullfont!
Missing character: There is no g (U+0067) in font nullfont!
Missing character: There is no u (U+0075) in font nullfont!
Missing character: There is no i (U+0069) in font nullfont!
Missing character: There is no e (U+0065) in font nullfont!
Missing character: There is no n (U+006E) in font nullfont!
Missing character: There is no t (U+0074) in font nullfont!
Missing character: There is no e (U+0065) in font nullfont!
Missing character: There is no e (U+0065) in font nullfont!
Missing character: There is no j (U+006A) in font nullfont!
Missing character: There is no e (U+0065) in font nullfont!
Missing character: There is no m (U+006D) in font nullfont!
Missing character: There is no p (U+0070) in font nullfont!
Missing character: There is no l (U+006C) in font nullfont!
Missing character: There is no o (U+006F) in font nullfont!
Missing character: There is no m (U+006D) in font nullfont!
Missing character: There is no u (U+0075) in font nullfont!
Missing character: There is no e (U+0065) in font nullfont!
Missing character: There is no s (U+0073) in font nullfont!
Missing character: There is no t (U+0074) in font nullfont!
Missing character: There is no r (U+0072) in font nullfont!
Missing character: There is no a (U+0061) in font nullfont!
Missing character: There is no q (U+0071) in font nullfont!
Missing character: There is no u (U+0075) in font nullfont!
Missing character: There is no e (U+0065) in font nullfont!
Missing character: There is no , (U+002C) in font nullfont!
Missing character: There is no e (U+0065) in font nullfont!
Missing character: There is no n (U+006E) in font nullfont!
Missing character: There is no g (U+0067) in font nullfont!
Missing character: There is no e (U+0065) in font nullfont!
Missing character: There is no n (U+006E) in font nullfont!
Missing character: There is no e (U+0065) in font nullfont!
Missing character: There is no r (U+0072) in font nullfont!
Missing character: There is no a (U+0061) in font nullfont!
Missing character: There is no l (U+006C) in font nullfont!
Missing character: There is no , (U+002C) in font nullfont!
Missing character: There is no p (U+0070) in font nullfont!
Missing character: There is no o (U+006F) in font nullfont!
Missing character: There is no d (U+0064) in font nullfont!
Missing character: There is no r (U+0072) in font nullfont!
Missing character: There is no í (U+00ED) in font nullfont!
Missing character: There is no a (U+0061) in font nullfont!
Missing character: There is no n (U+006E) in font nullfont!
Missing character: There is no o (U+006F) in font nullfont!
Missing character: There is no e (U+0065) in font nullfont!
Missing character: There is no x (U+0078) in font nullfont!
Missing character: There is no i (U+0069) in font nullfont!
Missing character: There is no s (U+0073) in font nullfont!
Missing character: There is no t (U+0074) in font nullfont!
Missing character: There is no i (U+0069) in font nullfont!
Missing character: There is no r (U+0072) in font nullfont!
Missing character: There is no s (U+0073) in font nullfont!
Missing character: There is no i (U+0069) in font nullfont!
Missing character: There is no l (U+006C) in font nullfont!
Missing character: There is no a (U+0061) in font nullfont!
Missing character: There is no t (U+0074) in font nullfont!
Missing character: There is no r (U+0072) in font nullfont!
Missing character: There is no a (U+0061) in font nullfont!
Missing character: There is no n (U+006E) in font nullfont!
Missing character: There is no s (U+0073) in font nullfont!
Missing character: There is no f (U+0066) in font nullfont!
Missing character: There is no o (U+006F) in font nullfont!
Missing character: There is no r (U+0072) in font nullfont!
Missing character: There is no m (U+006D) in font nullfont!
Missing character: There is no a (U+0061) in font nullfont!
Missing character: There is no c (U+0063) in font nullfont!
Missing character: There is no i (U+0069) in font nullfont!
Missing character: There is no ó (U+00F3) in font nullfont!
Missing character: There is no n (U+006E) in font nullfont!
Missing character: There is no n (U+006E) in font nullfont!
Missing character: There is no o (U+006F) in font nullfont!
Missing character: There is no p (U+0070) in font nullfont!
Missing character: There is no r (U+0072) in font nullfont!
Missing character: There is no e (U+0065) in font nullfont!
Missing character: There is no s (U+0073) in font nullfont!
Missing character: There is no e (U+0065) in font nullfont!
Missing character: There is no r (U+0072) in font nullfont!
Missing character: There is no v (U+0076) in font nullfont!
Missing character: There is no a (U+0061) in font nullfont!
Missing character: There is no m (U+006D) in font nullfont!
Missing character: There is no e (U+0065) in font nullfont!
Missing character: There is no d (U+0064) in font nullfont!
Missing character: There is no i (U+0069) in font nullfont!
Missing character: There is no d (U+0064) in font nullfont!
Missing character: There is no a (U+0061) in font nullfont!
Missing character: There is no . (U+002E) in font nullfont!
Missing character: There is no C (U+0043) in font nullfont!
Missing character: There is no o (U+006F) in font nullfont!
Missing character: There is no n (U+006E) in font nullfont!
Missing character: There is no s (U+0073) in font nullfont!
Missing character: There is no i (U+0069) in font nullfont!
Missing character: There is no d (U+0064) in font nullfont!
Missing character: There is no e (U+0065) in font nullfont!
Missing character: There is no r (U+0072) in font nullfont!
Missing character: There is no a (U+0061) in font nullfont!
Missing character: There is no m (U+006D) in font nullfont!
Missing character: There is no o (U+006F) in font nullfont!
Missing character: There is no s (U+0073) in font nullfont!
Missing character: There is no l (U+006C) in font nullfont!
Missing character: There is no a (U+0061) in font nullfont!
Missing character: There is no t (U+0074) in font nullfont!
Missing character: There is no r (U+0072) in font nullfont!
Missing character: There is no a (U+0061) in font nullfont!
Missing character: There is no n (U+006E) in font nullfont!
Missing character: There is no s (U+0073) in font nullfont!
Missing character: There is no f (U+0066) in font nullfont!
Missing character: There is no o (U+006F) in font nullfont!
Missing character: There is no r (U+0072) in font nullfont!
Missing character: There is no m (U+006D) in font nullfont!
Missing character: There is no a (U+0061) in font nullfont!
Missing character: There is no c (U+0063) in font nullfont!
Missing character: There is no i (U+0069) in font nullfont!
Missing character: There is no ó (U+00F3) in font nullfont!
Missing character: There is no n (U+006E) in font nullfont!
Missing character: There is no d (U+0064) in font nullfont!
Missing character: There is no e (U+0065) in font nullfont!
Missing character: There is no c (U+0063) in font nullfont!
Missing character: There is no i (U+0069) in font nullfont!
Missing character: There is no m (U+006D) in font nullfont!
Missing character: There is no a (U+0061) in font nullfont!
Missing character: There is no l (U+006C) in font nullfont!
Missing character: There is no m (U+006D) in font nullfont!
Missing character: There is no u (U+0075) in font nullfont!
Missing character: There is no l (U+006C) in font nullfont!
Missing character: There is no t (U+0074) in font nullfont!
Missing character: There is no i (U+0069) in font nullfont!
Missing character: There is no p (U+0070) in font nullfont!
Missing character: There is no l (U+006C) in font nullfont!
Missing character: There is no i (U+0069) in font nullfont!
Missing character: There is no c (U+0063) in font nullfont!
Missing character: There is no a (U+0061) in font nullfont!
Missing character: There is no t (U+0074) in font nullfont!
Missing character: There is no i (U+0069) in font nullfont!
Missing character: There is no v (U+0076) in font nullfont!
Missing character: There is no a (U+0061) in font nullfont!
Missing character: There is no d (U+0064) in font nullfont!
Missing character: There is no e (U+0065) in font nullfont!
Missing character: There is no f (U+0066) in font nullfont!
Missing character: There is no i (U+0069) in font nullfont!
Missing character: There is no n (U+006E) in font nullfont!
Missing character: There is no i (U+0069) in font nullfont!
Missing character: There is no d (U+0064) in font nullfont!
Missing character: There is no a (U+0061) in font nullfont!
Missing character: There is no p (U+0070) in font nullfont!
Missing character: There is no o (U+006F) in font nullfont!
Missing character: There is no r (U+0072) in font nullfont!
Missing character: There is no : (U+003A) in font nullfont!
Missing character: There is no C (U+0043) in font nullfont!
Missing character: There is no o (U+006F) in font nullfont!
Missing character: There is no n (U+006E) in font nullfont!
Missing character: There is no s (U+0073) in font nullfont!
Missing character: There is no i (U+0069) in font nullfont!
Missing character: There is no d (U+0064) in font nullfont!
Missing character: There is no e (U+0065) in font nullfont!
Missing character: There is no r (U+0072) in font nullfont!
Missing character: There is no e (U+0065) in font nullfont!
Missing character: There is no e (U+0065) in font nullfont!
Missing character: There is no l (U+006C) in font nullfont!
Missing character: There is no i (U+0069) in font nullfont!
Missing character: There is no n (U+006E) in font nullfont!
Missing character: There is no t (U+0074) in font nullfont!
Missing character: There is no e (U+0065) in font nullfont!
Missing character: There is no r (U+0072) in font nullfont!
Missing character: There is no v (U+0076) in font nullfont!
Missing character: There is no a (U+0061) in font nullfont!
Missing character: There is no l (U+006C) in font nullfont!
Missing character: There is no o (U+006F) in font nullfont!
Missing character: There is no e (U+0065) in font nullfont!
Missing character: There is no l (U+006C) in font nullfont!
Missing character: There is no e (U+0065) in font nullfont!
Missing character: There is no m (U+006D) in font nullfont!
Missing character: There is no e (U+0065) in font nullfont!
Missing character: There is no n (U+006E) in font nullfont!
Missing character: There is no t (U+0074) in font nullfont!
Missing character: There is no a (U+0061) in font nullfont!
Missing character: There is no l (U+006C) in font nullfont!
Missing character: There is no . (U+002E) in font nullfont!
Missing character: There is no O (U+004F) in font nullfont!
Missing character: There is no b (U+0062) in font nullfont!
Missing character: There is no s (U+0073) in font nullfont!
Missing character: There is no e (U+0065) in font nullfont!
Missing character: There is no r (U+0072) in font nullfont!
Missing character: There is no v (U+0076) in font nullfont!
Missing character: There is no e (U+0065) in font nullfont!
Missing character: There is no q (U+0071) in font nullfont!
Missing character: There is no u (U+0075) in font nullfont!
Missing character: There is no e (U+0065) in font nullfont!
Missing character: There is no u (U+0075) in font nullfont!
Missing character: There is no n (U+006E) in font nullfont!
Missing character: There is no p (U+0070) in font nullfont!
Missing character: There is no u (U+0075) in font nullfont!
Missing character: There is no n (U+006E) in font nullfont!
Missing character: There is no t (U+0074) in font nullfont!
Missing character: There is no o (U+006F) in font nullfont!
Missing character: There is no c (U+0063) in font nullfont!
Missing character: There is no a (U+0061) in font nullfont!
Missing character: There is no e (U+0065) in font nullfont!
Missing character: There is no e (U+0065) in font nullfont!
Missing character: There is no n (U+006E) in font nullfont!
Missing character: There is no e (U+0065) in font nullfont!
Missing character: There is no s (U+0073) in font nullfont!
Missing character: There is no t (U+0074) in font nullfont!
Missing character: There is no e (U+0065) in font nullfont!
Missing character: There is no i (U+0069) in font nullfont!
Missing character: There is no n (U+006E) in font nullfont!
Missing character: There is no t (U+0074) in font nullfont!
Missing character: There is no e (U+0065) in font nullfont!
Missing character: There is no r (U+0072) in font nullfont!
Missing character: There is no v (U+0076) in font nullfont!
Missing character: There is no a (U+0061) in font nullfont!
Missing character: There is no l (U+006C) in font nullfont!
Missing character: There is no o (U+006F) in font nullfont!
Missing character: There is no d (U+0064) in font nullfont!
Missing character: There is no e (U+0065) in font nullfont!
Missing character: There is no p (U+0070) in font nullfont!
Missing character: There is no e (U+0065) in font nullfont!
Missing character: There is no n (U+006E) in font nullfont!
Missing character: There is no d (U+0064) in font nullfont!
Missing character: There is no i (U+0069) in font nullfont!
Missing character: There is no e (U+0065) in font nullfont!
Missing character: There is no n (U+006E) in font nullfont!
Missing character: There is no d (U+0064) in font nullfont!
Missing character: There is no o (U+006F) in font nullfont!
Missing character: There is no d (U+0064) in font nullfont!
Missing character: There is no e (U+0065) in font nullfont!
Missing character: There is no s (U+0073) in font nullfont!
Missing character: There is no u (U+0075) in font nullfont!
Missing character: There is no p (U+0070) in font nullfont!
Missing character: There is no r (U+0072) in font nullfont!
Missing character: There is no i (U+0069) in font nullfont!
Missing character: There is no m (U+006D) in font nullfont!
Missing character: There is no e (U+0065) in font nullfont!
Missing character: There is no r (U+0072) in font nullfont!
Missing character: There is no d (U+0064) in font nullfont!
Missing character: There is no í (U+00ED) in font nullfont!
Missing character: There is no g (U+0067) in font nullfont!
Missing character: There is no i (U+0069) in font nullfont!
Missing character: There is no t (U+0074) in font nullfont!
Missing character: There is no o (U+006F) in font nullfont!
Missing character: There is no d (U+0064) in font nullfont!
Missing character: There is no e (U+0065) in font nullfont!
Missing character: There is no c (U+0063) in font nullfont!
Missing character: There is no i (U+0069) in font nullfont!
Missing character: There is no m (U+006D) in font nullfont!
Missing character: There is no a (U+0061) in font nullfont!
Missing character: There is no l (U+006C) in font nullfont!
Missing character: There is no : (U+003A) in font nullfont!
Missing character: There is no C (U+0043) in font nullfont!
Missing character: There is no o (U+006F) in font nullfont!
Missing character: There is no n (U+006E) in font nullfont!
Missing character: There is no s (U+0073) in font nullfont!
Missing character: There is no t (U+0074) in font nullfont!
Missing character: There is no r (U+0072) in font nullfont!
Missing character: There is no u (U+0075) in font nullfont!
Missing character: There is no y (U+0079) in font nullfont!
Missing character: There is no a (U+0061) in font nullfont!
Missing character: There is no m (U+006D) in font nullfont!
Missing character: There is no o (U+006F) in font nullfont!
Missing character: There is no s (U+0073) in font nullfont!
Missing character: There is no u (U+0075) in font nullfont!
Missing character: There is no n (U+006E) in font nullfont!
Missing character: There is no n (U+006E) in font nullfont!
Missing character: There is no ú (U+00FA) in font nullfont!
Missing character: There is no m (U+006D) in font nullfont!
Missing character: There is no e (U+0065) in font nullfont!
Missing character: There is no r (U+0072) in font nullfont!
Missing character: There is no o (U+006F) in font nullfont!
Missing character: There is no r (U+0072) in font nullfont!
Missing character: There is no e (U+0065) in font nullfont!
Missing character: There is no a (U+0061) in font nullfont!
Missing character: There is no l (U+006C) in font nullfont!
Missing character: There is no e (U+0065) in font nullfont!
Missing character: There is no s (U+0073) in font nullfont!
Missing character: There is no p (U+0070) in font nullfont!
Missing character: There is no e (U+0065) in font nullfont!
Missing character: There is no c (U+0063) in font nullfont!
Missing character: There is no í (U+00ED) in font nullfont!
Missing character: There is no f (U+0066) in font nullfont!
Missing character: There is no i (U+0069) in font nullfont!
Missing character: There is no c (U+0063) in font nullfont!
Missing character: There is no o (U+006F) in font nullfont!
Missing character: There is no d (U+0064) in font nullfont!
Missing character: There is no e (U+0065) in font nullfont!
Missing character: There is no l (U+006C) in font nullfont!
Missing character: There is no a (U+0061) in font nullfont!
Missing character: There is no f (U+0066) in font nullfont!
Missing character: There is no o (U+006F) in font nullfont!
Missing character: There is no r (U+0072) in font nullfont!
Missing character: There is no m (U+006D) in font nullfont!
Missing character: There is no a (U+0061) in font nullfont!
Missing character: There is no d (U+0064) in font nullfont!
Missing character: There is no o (U+006F) in font nullfont!
Missing character: There is no n (U+006E) in font nullfont!
Missing character: There is no d (U+0064) in font nullfont!
Missing character: There is no e (U+0065) in font nullfont!
Missing character: There is no l (U+006C) in font nullfont!
Missing character: There is no o (U+006F) in font nullfont!
Missing character: There is no s (U+0073) in font nullfont!
Missing character: There is no b (U+0062) in font nullfont!
Missing character: There is no l (U+006C) in font nullfont!
Missing character: There is no o (U+006F) in font nullfont!
Missing character: There is no q (U+0071) in font nullfont!
Missing character: There is no u (U+0075) in font nullfont!
Missing character: There is no e (U+0065) in font nullfont!
Missing character: There is no s (U+0073) in font nullfont!
Missing character: There is no d (U+0064) in font nullfont!
Missing character: There is no e (U+0065) in font nullfont!
Missing character: There is no d (U+0064) in font nullfont!
Missing character: There is no í (U+00ED) in font nullfont!
Missing character: There is no g (U+0067) in font nullfont!
Missing character: There is no i (U+0069) in font nullfont!
Missing character: There is no t (U+0074) in font nullfont!
Missing character: There is no o (U+006F) in font nullfont!
Missing character: There is no s (U+0073) in font nullfont!
Missing character: There is no s (U+0073) in font nullfont!
Missing character: There is no e (U+0065) in font nullfont!
Missing character: There is no a (U+0061) in font nullfont!
Missing character: There is no l (U+006C) in font nullfont!
Missing character: There is no t (U+0074) in font nullfont!
Missing character: There is no e (U+0065) in font nullfont!
Missing character: There is no r (U+0072) in font nullfont!
Missing character: There is no n (U+006E) in font nullfont!
Missing character: There is no a (U+0061) in font nullfont!
Missing character: There is no n (U+006E) in font nullfont!
Missing character: There is no e (U+0065) in font nullfont!
Missing character: There is no n (U+006E) in font nullfont!
Missing character: There is no t (U+0074) in font nullfont!
Missing character: There is no a (U+0061) in font nullfont!
Missing character: There is no m (U+006D) in font nullfont!
Missing character: There is no a (U+0061) in font nullfont!
Missing character: There is no ñ (U+00F1) in font nullfont!
Missing character: There is no o (U+006F) in font nullfont!
Missing character: There is no s (U+0073) in font nullfont!
Missing character: There is no d (U+0064) in font nullfont!
Missing character: There is no e (U+0065) in font nullfont!
Missing character: There is no p (U+0070) in font nullfont!
Missing character: There is no o (U+006F) in font nullfont!
Missing character: There is no t (U+0074) in font nullfont!
Missing character: There is no e (U+0065) in font nullfont!
Missing character: There is no n (U+006E) in font nullfont!
Missing character: There is no c (U+0063) in font nullfont!
Missing character: There is no i (U+0069) in font nullfont!
Missing character: There is no a (U+0061) in font nullfont!
Missing character: There is no s (U+0073) in font nullfont!
Missing character: There is no d (U+0064) in font nullfont!
Missing character: There is no e (U+0065) in font nullfont!
Missing character: There is no 2 (U+0032) in font nullfont!
Missing character: There is no : (U+003A) in font nullfont!
Missing character: There is no E (U+0045) in font nullfont!
Missing character: There is no x (U+0078) in font nullfont!
Missing character: There is no p (U+0070) in font nullfont!
Missing character: There is no l (U+006C) in font nullfont!
Missing character: There is no í (U+00ED) in font nullfont!
Missing character: There is no c (U+0063) in font nullfont!
Missing character: There is no i (U+0069) in font nullfont!
Missing character: There is no t (U+0074) in font nullfont!
Missing character: There is no a (U+0061) in font nullfont!
Missing character: There is no m (U+006D) in font nullfont!
Missing character: There is no e (U+0065) in font nullfont!
Missing character: There is no n (U+006E) in font nullfont!
Missing character: There is no t (U+0074) in font nullfont!
Missing character: There is no e (U+0065) in font nullfont!
Missing character: There is no , (U+002C) in font nullfont!
Missing character: There is no l (U+006C) in font nullfont!
Missing character: There is no o (U+006F) in font nullfont!
Missing character: There is no s (U+0073) in font nullfont!
Missing character: There is no d (U+0064) in font nullfont!
Missing character: There is no í (U+00ED) in font nullfont!
Missing character: There is no g (U+0067) in font nullfont!
Missing character: There is no i (U+0069) in font nullfont!
Missing character: There is no t (U+0074) in font nullfont!
Missing character: There is no o (U+006F) in font nullfont!
Missing character: There is no s (U+0073) in font nullfont!
Missing character: There is no d (U+0064) in font nullfont!
Missing character: There is no e (U+0065) in font nullfont!
Missing character: There is no e (U+0065) in font nullfont!
Missing character: There is no s (U+0073) in font nullfont!
Missing character: There is no t (U+0074) in font nullfont!
Missing character: There is no e (U+0065) in font nullfont!
Missing character: There is no n (U+006E) in font nullfont!
Missing character: There is no ú (U+00FA) in font nullfont!
Missing character: There is no m (U+006D) in font nullfont!
Missing character: There is no e (U+0065) in font nullfont!
Missing character: There is no r (U+0072) in font nullfont!
Missing character: There is no o (U+006F) in font nullfont!
Missing character: There is no e (U+0065) in font nullfont!
Missing character: There is no s (U+0073) in font nullfont!
Missing character: There is no t (U+0074) in font nullfont!
Missing character: There is no á (U+00E1) in font nullfont!
Missing character: There is no n (U+006E) in font nullfont!
Missing character: There is no d (U+0064) in font nullfont!
Missing character: There is no a (U+0061) in font nullfont!
Missing character: There is no d (U+0064) in font nullfont!
Missing character: There is no o (U+006F) in font nullfont!
Missing character: There is no s (U+0073) in font nullfont!
Missing character: There is no p (U+0070) in font nullfont!
Missing character: There is no o (U+006F) in font nullfont!
Missing character: There is no r (U+0072) in font nullfont!
Missing character: There is no l (U+006C) in font nullfont!
Missing character: There is no a (U+0061) in font nullfont!
Missing character: There is no s (U+0073) in font nullfont!
Missing character: There is no e (U+0065) in font nullfont!
Missing character: There is no c (U+0063) in font nullfont!
Missing character: There is no u (U+0075) in font nullfont!
Missing character: There is no e (U+0065) in font nullfont!
Missing character: There is no n (U+006E) in font nullfont!
Missing character: There is no c (U+0063) in font nullfont!
Missing character: There is no i (U+0069) in font nullfont!
Missing character: There is no a (U+0061) in font nullfont!
Missing character: There is no d (U+0064) in font nullfont!
Missing character: There is no e (U+0065) in font nullfont!
Missing character: There is no b (U+0062) in font nullfont!
Missing character: There is no l (U+006C) in font nullfont!
Missing character: There is no o (U+006F) in font nullfont!
Missing character: There is no q (U+0071) in font nullfont!
Missing character: There is no u (U+0075) in font nullfont!
Missing character: There is no e (U+0065) in font nullfont!
Missing character: There is no s (U+0073) in font nullfont!
Missing character: There is no : (U+003A) in font nullfont!
Missing character: There is no E (U+0045) in font nullfont!
Missing character: There is no v (U+0076) in font nullfont!
Missing character: There is no a (U+0061) in font nullfont!
Missing character: There is no l (U+006C) in font nullfont!
Missing character: There is no u (U+0075) in font nullfont!
Missing character: There is no e (U+0065) in font nullfont!
Missing character: There is no m (U+006D) in font nullfont!
Missing character: There is no o (U+006F) in font nullfont!
Missing character: There is no s (U+0073) in font nullfont!
Missing character: There is no l (U+006C) in font nullfont!
Missing character: There is no a (U+0061) in font nullfont!
Missing character: There is no p (U+0070) in font nullfont!
Missing character: There is no r (U+0072) in font nullfont!
Missing character: There is no o (U+006F) in font nullfont!
Missing character: There is no p (U+0070) in font nullfont!
Missing character: There is no o (U+006F) in font nullfont!
Missing character: There is no r (U+0072) in font nullfont!
Missing character: There is no c (U+0063) in font nullfont!
Missing character: There is no i (U+0069) in font nullfont!
Missing character: There is no ó (U+00F3) in font nullfont!
Missing character: There is no n (U+006E) in font nullfont!
Missing character: There is no d (U+0064) in font nullfont!
Missing character: There is no e (U+0065) in font nullfont!
Missing character: There is no v (U+0076) in font nullfont!
Missing character: There is no i (U+0069) in font nullfont!
Missing character: There is no s (U+0073) in font nullfont!
Missing character: There is no i (U+0069) in font nullfont!
Missing character: There is no t (U+0074) in font nullfont!
Missing character: There is no a (U+0061) in font nullfont!
Missing character: There is no s (U+0073) in font nullfont!
Missing character: There is no p (U+0070) in font nullfont!
Missing character: There is no a (U+0061) in font nullfont!
Missing character: There is no r (U+0072) in font nullfont!
Missing character: There is no a (U+0061) in font nullfont!
Missing character: There is no d (U+0064) in font nullfont!
Missing character: There is no o (U+006F) in font nullfont!
Missing character: There is no s (U+0073) in font nullfont!
Missing character: There is no s (U+0073) in font nullfont!
Missing character: There is no u (U+0075) in font nullfont!
Missing character: There is no b (U+0062) in font nullfont!
Missing character: There is no s (U+0073) in font nullfont!
Missing character: There is no u (U+0075) in font nullfont!
Missing character: There is no c (U+0063) in font nullfont!
Missing character: There is no e (U+0065) in font nullfont!
Missing character: There is no s (U+0073) in font nullfont!
Missing character: There is no i (U+0069) in font nullfont!
Missing character: There is no o (U+006F) in font nullfont!
Missing character: There is no n (U+006E) in font nullfont!
Missing character: There is no e (U+0065) in font nullfont!
Missing character: There is no s (U+0073) in font nullfont!
Missing character: There is no d (U+0064) in font nullfont!
Missing character: There is no e (U+0065) in font nullfont!
Missing character: There is no t (U+0074) in font nullfont!
Missing character: There is no i (U+0069) in font nullfont!
Missing character: There is no e (U+0065) in font nullfont!
Missing character: There is no m (U+006D) in font nullfont!
Missing character: There is no p (U+0070) in font nullfont!
Missing character: There is no o (U+006F) in font nullfont!
Missing character: There is no s (U+0073) in font nullfont!
Missing character: There is no d (U+0064) in font nullfont!
Missing character: There is no i (U+0069) in font nullfont!
Missing character: There is no s (U+0073) in font nullfont!
Missing character: There is no t (U+0074) in font nullfont!
Missing character: There is no i (U+0069) in font nullfont!
Missing character: There is no n (U+006E) in font nullfont!
Missing character: There is no t (U+0074) in font nullfont!
Missing character: There is no a (U+0061) in font nullfont!
Missing character: There is no s (U+0073) in font nullfont!
Missing character: There is no : (U+003A) in font nullfont!
Missing character: There is no T (U+0054) in font nullfont!
Missing character: There is no o (U+006F) in font nullfont!
Missing character: There is no m (U+006D) in font nullfont!
Missing character: There is no e (U+0065) in font nullfont!
Missing character: There is no m (U+006D) in font nullfont!
Missing character: There is no o (U+006F) in font nullfont!
Missing character: There is no s (U+0073) in font nullfont!
Missing character: There is no l (U+006C) in font nullfont!
Missing character: There is no a (U+0061) in font nullfont!
Missing character: There is no s (U+0073) in font nullfont!
Missing character: There is no u (U+0075) in font nullfont!
Missing character: There is no b (U+0062) in font nullfont!
Missing character: There is no s (U+0073) in font nullfont!
Missing character: There is no u (U+0075) in font nullfont!
Missing character: There is no c (U+0063) in font nullfont!
Missing character: There is no e (U+0065) in font nullfont!
Missing character: There is no s (U+0073) in font nullfont!
Missing character: There is no i (U+0069) in font nullfont!
Missing character: There is no ó (U+00F3) in font nullfont!
Missing character: There is no n (U+006E) in font nullfont!
Missing character: There is no d (U+0064) in font nullfont!
Missing character: There is no e (U+0065) in font nullfont!
Missing character: There is no t (U+0074) in font nullfont!
Missing character: There is no i (U+0069) in font nullfont!
Missing character: There is no e (U+0065) in font nullfont!
Missing character: There is no m (U+006D) in font nullfont!
Missing character: There is no p (U+0070) in font nullfont!
Missing character: There is no o (U+006F) in font nullfont!
Missing character: There is no s (U+0073) in font nullfont!
Missing character: There is no p (U+0070) in font nullfont!
Missing character: There is no a (U+0061) in font nullfont!
Missing character: There is no r (U+0072) in font nullfont!
Missing character: There is no a (U+0061) in font nullfont!
Missing character: There is no . (U+002E) in font nullfont!
Missing character: There is no E (U+0045) in font nullfont!
Missing character: There is no l (U+006C) in font nullfont!
Missing character: There is no n (U+006E) in font nullfont!
Missing character: There is no ú (U+00FA) in font nullfont!
Missing character: There is no m (U+006D) in font nullfont!
Missing character: There is no e (U+0065) in font nullfont!
Missing character: There is no r (U+0072) in font nullfont!
Missing character: There is no o (U+006F) in font nullfont!
Missing character: There is no t (U+0074) in font nullfont!
Missing character: There is no o (U+006F) in font nullfont!
Missing character: There is no t (U+0074) in font nullfont!
Missing character: There is no a (U+0061) in font nullfont!
Missing character: There is no l (U+006C) in font nullfont!
Missing character: There is no d (U+0064) in font nullfont!
Missing character: There is no e (U+0065) in font nullfont!
Missing character: There is no u (U+0075) in font nullfont!
Missing character: There is no n (U+006E) in font nullfont!
Missing character: There is no o (U+006F) in font nullfont!
Missing character: There is no s (U+0073) in font nullfont!
Missing character: There is no a (U+0061) in font nullfont!
Missing character: There is no c (U+0063) in font nullfont!
Missing character: There is no u (U+0075) in font nullfont!
Missing character: There is no m (U+006D) in font nullfont!
Missing character: There is no u (U+0075) in font nullfont!
Missing character: There is no l (U+006C) in font nullfont!
Missing character: There is no a (U+0061) in font nullfont!
Missing character: There is no d (U+0064) in font nullfont!
Missing character: There is no o (U+006F) in font nullfont!
Missing character: There is no s (U+0073) in font nullfont!
Missing character: There is no h (U+0068) in font nullfont!
Missing character: There is no a (U+0061) in font nullfont!
Missing character: There is no s (U+0073) in font nullfont!
Missing character: There is no t (U+0074) in font nullfont!
Missing character: There is no a (U+0061) in font nullfont!
Missing character: There is no e (U+0065) in font nullfont!
Missing character: There is no s (U+0073) in font nullfont!
Missing character: There is no t (U+0074) in font nullfont!
Missing character: There is no a (U+0061) in font nullfont!
Missing character: There is no i (U+0069) in font nullfont!
Missing character: There is no t (U+0074) in font nullfont!
Missing character: There is no e (U+0065) in font nullfont!
Missing character: There is no r (U+0072) in font nullfont!
Missing character: There is no a (U+0061) in font nullfont!
Missing character: There is no c (U+0063) in font nullfont!
Missing character: There is no i (U+0069) in font nullfont!
Missing character: There is no ó (U+00F3) in font nullfont!
Missing character: There is no n (U+006E) in font nullfont!
Missing character: There is no e (U+0065) in font nullfont!
Missing character: There is no s (U+0073) in font nullfont!
Missing character: There is no l (U+006C) in font nullfont!
Missing character: There is no a (U+0061) in font nullfont!
Missing character: There is no s (U+0073) in font nullfont!
Missing character: There is no u (U+0075) in font nullfont!
Missing character: There is no m (U+006D) in font nullfont!
Missing character: There is no a (U+0061) in font nullfont!
Missing character: There is no g (U+0067) in font nullfont!
Missing character: There is no e (U+0065) in font nullfont!
Missing character: There is no o (U+006F) in font nullfont!
Missing character: There is no m (U+006D) in font nullfont!
Missing character: There is no é (U+00E9) in font nullfont!
Missing character: There is no t (U+0074) in font nullfont!
Missing character: There is no r (U+0072) in font nullfont!
Missing character: There is no i (U+0069) in font nullfont!
Missing character: There is no c (U+0063) in font nullfont!
Missing character: There is no a (U+0061) in font nullfont!
Missing character: There is no d (U+0064) in font nullfont!
Missing character: There is no e (U+0065) in font nullfont!
Missing character: There is no l (U+006C) in font nullfont!
Missing character: There is no a (U+0061) in font nullfont!
Missing character: There is no s (U+0073) in font nullfont!
Missing character: There is no p (U+0070) in font nullfont!
Missing character: There is no o (U+006F) in font nullfont!
Missing character: There is no t (U+0074) in font nullfont!
Missing character: There is no e (U+0065) in font nullfont!
Missing character: There is no n (U+006E) in font nullfont!
Missing character: There is no c (U+0063) in font nullfont!
Missing character: There is no i (U+0069) in font nullfont!
Missing character: There is no a (U+0061) in font nullfont!
Missing character: There is no s (U+0073) in font nullfont!
Missing character: There is no p (U+0070) in font nullfont!
Missing character: There is no a (U+0061) in font nullfont!
Missing character: There is no r (U+0072) in font nullfont!
Missing character: There is no e (U+0065) in font nullfont!
Missing character: There is no s (U+0073) in font nullfont!
Missing character: There is no : (U+003A) in font nullfont!
Missing character: There is no T (U+0054) in font nullfont!
Missing character: There is no o (U+006F) in font nullfont!
Missing character: There is no m (U+006D) in font nullfont!
Missing character: There is no e (U+0065) in font nullfont!
Missing character: There is no m (U+006D) in font nullfont!
Missing character: There is no o (U+006F) in font nullfont!
Missing character: There is no s (U+0073) in font nullfont!
Missing character: There is no a (U+0061) in font nullfont!
Missing character: There is no h (U+0068) in font nullfont!
Missing character: There is no o (U+006F) in font nullfont!
Missing character: There is no r (U+0072) in font nullfont!
Missing character: There is no a (U+0061) in font nullfont!
Missing character: There is no l (U+006C) in font nullfont!
Missing character: There is no a (U+0061) in font nullfont!
Missing character: There is no s (U+0073) in font nullfont!
Missing character: There is no u (U+0075) in font nullfont!
Missing character: There is no b (U+0062) in font nullfont!
Missing character: There is no s (U+0073) in font nullfont!
Missing character: There is no u (U+0075) in font nullfont!
Missing character: There is no c (U+0063) in font nullfont!
Missing character: There is no e (U+0065) in font nullfont!
Missing character: There is no s (U+0073) in font nullfont!
Missing character: There is no i (U+0069) in font nullfont!
Missing character: There is no ó (U+00F3) in font nullfont!
Missing character: There is no n (U+006E) in font nullfont!
Missing character: There is no d (U+0064) in font nullfont!
Missing character: There is no e (U+0065) in font nullfont!
Missing character: There is no t (U+0074) in font nullfont!
Missing character: There is no i (U+0069) in font nullfont!
Missing character: There is no e (U+0065) in font nullfont!
Missing character: There is no m (U+006D) in font nullfont!
Missing character: There is no p (U+0070) in font nullfont!
Missing character: There is no o (U+006F) in font nullfont!
Missing character: There is no s (U+0073) in font nullfont!
Missing character: There is no p (U+0070) in font nullfont!
Missing character: There is no a (U+0061) in font nullfont!
Missing character: There is no r (U+0072) in font nullfont!
Missing character: There is no a (U+0061) in font nullfont!
Missing character: There is no . (U+002E) in font nullfont!
Missing character: There is no I (U+0049) in font nullfont!
Missing character: There is no n (U+006E) in font nullfont!
Missing character: There is no c (U+0063) in font nullfont!
Missing character: There is no o (U+006F) in font nullfont!
Missing character: There is no r (U+0072) in font nullfont!
Missing character: There is no p (U+0070) in font nullfont!
Missing character: There is no o (U+006F) in font nullfont!
Missing character: There is no r (U+0072) in font nullfont!
Missing character: There is no a (U+0061) in font nullfont!
Missing character: There is no n (U+006E) in font nullfont!
Missing character: There is no d (U+0064) in font nullfont!
Missing character: There is no o (U+006F) in font nullfont!
Missing character: There is no e (U+0065) in font nullfont!
Missing character: There is no l (U+006C) in font nullfont!
Missing character: There is no s (U+0073) in font nullfont!
Missing character: There is no i (U+0069) in font nullfont!
Missing character: There is no g (U+0067) in font nullfont!
Missing character: There is no u (U+0075) in font nullfont!
Missing character: There is no i (U+0069) in font nullfont!
Missing character: There is no e (U+0065) in font nullfont!
Missing character: There is no n (U+006E) in font nullfont!
Missing character: There is no t (U+0074) in font nullfont!
Missing character: There is no e (U+0065) in font nullfont!
Missing character: There is no b (U+0062) in font nullfont!
Missing character: There is no l (U+006C) in font nullfont!
Missing character: There is no o (U+006F) in font nullfont!
Missing character: There is no q (U+0071) in font nullfont!
Missing character: There is no u (U+0075) in font nullfont!
Missing character: There is no e (U+0065) in font nullfont!
Missing character: There is no p (U+0070) in font nullfont!
Missing character: There is no a (U+0061) in font nullfont!
Missing character: There is no r (U+0072) in font nullfont!
Missing character: There is no d (U+0064) in font nullfont!
Missing character: There is no e (U+0065) in font nullfont!
Missing character: There is no u (U+0075) in font nullfont!
Missing character: There is no n (U+006E) in font nullfont!
Missing character: There is no o (U+006F) in font nullfont!
Missing character: There is no s (U+0073) in font nullfont!
Missing character: There is no q (U+0071) in font nullfont!
Missing character: There is no u (U+0075) in font nullfont!
Missing character: There is no e (U+0065) in font nullfont!
Missing character: There is no v (U+0076) in font nullfont!
Missing character: There is no a (U+0061) in font nullfont!
Missing character: There is no d (U+0064) in font nullfont!
Missing character: There is no e (U+0065) in font nullfont!
Missing character: There is no s (U+0073) in font nullfont!
Missing character: There is no d (U+0064) in font nullfont!
Missing character: There is no e (U+0065) in font nullfont!
Missing character: There is no h (U+0068) in font nullfont!
Missing character: There is no a (U+0061) in font nullfont!
Missing character: There is no s (U+0073) in font nullfont!
Missing character: There is no t (U+0074) in font nullfont!
Missing character: There is no a (U+0061) in font nullfont!
Missing character: There is no : (U+003A) in font nullfont!
Missing character: There is no C (U+0043) in font nullfont!
Missing character: There is no o (U+006F) in font nullfont!
Missing character: There is no m (U+006D) in font nullfont!
Missing character: There is no o (U+006F) in font nullfont!
Missing character: There is no l (U+006C) in font nullfont!
Missing character: There is no o (U+006F) in font nullfont!
Missing character: There is no s (U+0073) in font nullfont!
Missing character: There is no l (U+006C) in font nullfont!
Missing character: There is no í (U+00ED) in font nullfont!
Missing character: There is no m (U+006D) in font nullfont!
Missing character: There is no i (U+0069) in font nullfont!
Missing character: There is no t (U+0074) in font nullfont!
Missing character: There is no e (U+0065) in font nullfont!
Missing character: There is no s (U+0073) in font nullfont!
Missing character: There is no p (U+0070) in font nullfont!
Missing character: There is no o (U+006F) in font nullfont!
Missing character: There is no r (U+0072) in font nullfont!
Missing character: There is no a (U+0061) in font nullfont!
Missing character: There is no m (U+006D) in font nullfont!
Missing character: There is no b (U+0062) in font nullfont!
Missing character: There is no a (U+0061) in font nullfont!
Missing character: There is no s (U+0073) in font nullfont!
Missing character: There is no s (U+0073) in font nullfont!
Missing character: There is no u (U+0075) in font nullfont!
Missing character: There is no b (U+0062) in font nullfont!
Missing character: There is no s (U+0073) in font nullfont!
Missing character: There is no u (U+0075) in font nullfont!
Missing character: There is no c (U+0063) in font nullfont!
Missing character: There is no e (U+0065) in font nullfont!
Missing character: There is no s (U+0073) in font nullfont!
Missing character: There is no i (U+0069) in font nullfont!
Missing character: There is no o (U+006F) in font nullfont!
Missing character: There is no n (U+006E) in font nullfont!
Missing character: There is no e (U+0065) in font nullfont!
Missing character: There is no s (U+0073) in font nullfont!
Missing character: There is no s (U+0073) in font nullfont!
Missing character: There is no o (U+006F) in font nullfont!
Missing character: There is no n (U+006E) in font nullfont!
Missing character: There is no d (U+0064) in font nullfont!
Missing character: There is no i (U+0069) in font nullfont!
Missing character: There is no s (U+0073) in font nullfont!
Missing character: There is no t (U+0074) in font nullfont!
Missing character: There is no i (U+0069) in font nullfont!
Missing character: There is no n (U+006E) in font nullfont!
Missing character: There is no t (U+0074) in font nullfont!
Missing character: There is no o (U+006F) in font nullfont!
Missing character: There is no s (U+0073) in font nullfont!
Missing character: There is no ( (U+0028) in font nullfont!
Missing character: There is no ) (U+0029) in font nullfont!
Missing character: There is no , (U+002C) in font nullfont!
Missing character: There is no e (U+0065) in font nullfont!
Missing character: There is no l (U+006C) in font nullfont!
Missing character: There is no l (U+006C) in font nullfont!
Missing character: There is no í (U+00ED) in font nullfont!
Missing character: There is no m (U+006D) in font nullfont!
Missing character: There is no i (U+0069) in font nullfont!
Missing character: There is no t (U+0074) in font nullfont!
Missing character: There is no e (U+0065) in font nullfont!
Missing character: There is no d (U+0064) in font nullfont!
Missing character: There is no e (U+0065) in font nullfont!
Missing character: There is no l (U+006C) in font nullfont!
Missing character: There is no p (U+0070) in font nullfont!
Missing character: There is no r (U+0072) in font nullfont!
Missing character: There is no o (U+006F) in font nullfont!
Missing character: There is no m (U+006D) in font nullfont!
Missing character: There is no e (U+0065) in font nullfont!
Missing character: There is no d (U+0064) in font nullfont!
Missing character: There is no i (U+0069) in font nullfont!
Missing character: There is no o (U+006F) in font nullfont!
Missing character: There is no n (U+006E) in font nullfont!
Missing character: There is no o (U+006F) in font nullfont!
Missing character: There is no e (U+0065) in font nullfont!
Missing character: There is no x (U+0078) in font nullfont!
Missing character: There is no i (U+0069) in font nullfont!
Missing character: There is no s (U+0073) in font nullfont!
Missing character: There is no t (U+0074) in font nullfont!
Missing character: There is no e (U+0065) in font nullfont!
Missing character: There is no . (U+002E) in font nullfont!
Missing character: There is no E (U+0045) in font nullfont!
Missing character: There is no s (U+0073) in font nullfont!
Missing character: There is no t (U+0074) in font nullfont!
Missing character: There is no o (U+006F) in font nullfont!
Missing character: There is no o (U+006F) in font nullfont!
Missing character: There is no c (U+0063) in font nullfont!
Missing character: There is no u (U+0075) in font nullfont!
Missing character: There is no r (U+0072) in font nullfont!
Missing character: There is no r (U+0072) in font nullfont!
Missing character: There is no e (U+0065) in font nullfont!
Missing character: There is no p (U+0070) in font nullfont!
Missing character: There is no o (U+006F) in font nullfont!
Missing character: There is no r (U+0072) in font nullfont!
Missing character: There is no q (U+0071) in font nullfont!
Missing character: There is no u (U+0075) in font nullfont!
Missing character: There is no e (U+0065) in font nullfont!
Missing character: There is no a (U+0061) in font nullfont!
Missing character: There is no l (U+006C) in font nullfont!
Missing character: There is no c (U+0063) in font nullfont!
Missing character: There is no o (U+006F) in font nullfont!
Missing character: There is no n (U+006E) in font nullfont!
Missing character: There is no s (U+0073) in font nullfont!
Missing character: There is no t (U+0074) in font nullfont!
Missing character: There is no r (U+0072) in font nullfont!
Missing character: There is no u (U+0075) in font nullfont!
Missing character: There is no i (U+0069) in font nullfont!
Missing character: There is no r (U+0072) in font nullfont!
Missing character: There is no e (U+0065) in font nullfont!
Missing character: There is no s (U+0073) in font nullfont!
Missing character: There is no t (U+0074) in font nullfont!
Missing character: There is no e (U+0065) in font nullfont!
Missing character: There is no p (U+0070) in font nullfont!
Missing character: There is no u (U+0075) in font nullfont!
Missing character: There is no n (U+006E) in font nullfont!
Missing character: There is no t (U+0074) in font nullfont!
Missing character: There is no o (U+006F) in font nullfont!
Missing character: There is no p (U+0070) in font nullfont!
Missing character: There is no a (U+0061) in font nullfont!
Missing character: There is no t (U+0074) in font nullfont!
Missing character: There is no o (U+006F) in font nullfont!
Missing character: There is no l (U+006C) in font nullfont!
Missing character: There is no ó (U+00F3) in font nullfont!
Missing character: There is no g (U+0067) in font nullfont!
Missing character: There is no i (U+0069) in font nullfont!
Missing character: There is no c (U+0063) in font nullfont!
Missing character: There is no o (U+006F) in font nullfont!
Missing character: There is no , (U+002C) in font nullfont!
Missing character: There is no n (U+006E) in font nullfont!
Missing character: There is no o (U+006F) in font nullfont!
Missing character: There is no e (U+0065) in font nullfont!
Missing character: There is no s (U+0073) in font nullfont!
Missing character: There is no t (U+0074) in font nullfont!
Missing character: There is no a (U+0061) in font nullfont!
Missing character: There is no m (U+006D) in font nullfont!
Missing character: There is no o (U+006F) in font nullfont!
Missing character: There is no s (U+0073) in font nullfont!
Missing character: There is no p (U+0070) in font nullfont!
Missing character: There is no r (U+0072) in font nullfont!
Missing character: There is no e (U+0065) in font nullfont!
Missing character: There is no s (U+0073) in font nullfont!
Missing character: There is no e (U+0065) in font nullfont!
Missing character: There is no r (U+0072) in font nullfont!
Missing character: There is no v (U+0076) in font nullfont!
Missing character: There is no a (U+0061) in font nullfont!
Missing character: There is no n (U+006E) in font nullfont!
Missing character: There is no d (U+0064) in font nullfont!
Missing character: There is no o (U+006F) in font nullfont!
Missing character: There is no n (U+006E) in font nullfont!
Missing character: There is no i (U+0069) in font nullfont!
Missing character: There is no n (U+006E) in font nullfont!
Missing character: There is no g (U+0067) in font nullfont!
Missing character: There is no u (U+0075) in font nullfont!
Missing character: There is no n (U+006E) in font nullfont!
Missing character: There is no a (U+0061) in font nullfont!
Missing character: There is no m (U+006D) in font nullfont!
Missing character: There is no e (U+0065) in font nullfont!
Missing character: There is no d (U+0064) in font nullfont!
Missing character: There is no i (U+0069) in font nullfont!
Missing character: There is no d (U+0064) in font nullfont!
Missing character: There is no a (U+0061) in font nullfont!
Missing character: There is no i (U+0069) in font nullfont!
Missing character: There is no n (U+006E) in font nullfont!
Missing character: There is no v (U+0076) in font nullfont!
Missing character: There is no a (U+0061) in font nullfont!
Missing character: There is no r (U+0072) in font nullfont!
Missing character: There is no i (U+0069) in font nullfont!
Missing character: There is no a (U+0061) in font nullfont!
Missing character: There is no n (U+006E) in font nullfont!
Missing character: There is no t (U+0074) in font nullfont!
Missing character: There is no e (U+0065) in font nullfont!
Missing character: There is no e (U+0065) in font nullfont!
Missing character: There is no n (U+006E) in font nullfont!
Missing character: There is no l (U+006C) in font nullfont!
Missing character: There is no a (U+0061) in font nullfont!
Missing character: There is no d (U+0064) in font nullfont!
Missing character: There is no i (U+0069) in font nullfont!
Missing character: There is no n (U+006E) in font nullfont!
Missing character: There is no á (U+00E1) in font nullfont!
Missing character: There is no m (U+006D) in font nullfont!
Missing character: There is no i (U+0069) in font nullfont!
Missing character: There is no c (U+0063) in font nullfont!
Missing character: There is no a (U+0061) in font nullfont!
Missing character: There is no . (U+002E) in font nullfont!
Missing character: There is no T (U+0054) in font nullfont!
Missing character: There is no e (U+0065) in font nullfont!
Missing character: There is no o (U+006F) in font nullfont!
Missing character: There is no r (U+0072) in font nullfont!
Missing character: There is no e (U+0065) in font nullfont!
Missing character: There is no m (U+006D) in font nullfont!
Missing character: There is no a (U+0061) in font nullfont!
Missing character: There is no E (U+0045) in font nullfont!
Missing character: There is no r (U+0072) in font nullfont!
Missing character: There is no g (U+0067) in font nullfont!
Missing character: There is no ó (U+00F3) in font nullfont!
Missing character: There is no d (U+0064) in font nullfont!
Missing character: There is no i (U+0069) in font nullfont!
Missing character: There is no c (U+0063) in font nullfont!
Missing character: There is no o (U+006F) in font nullfont!
Missing character: There is no d (U+0064) in font nullfont!
Missing character: There is no e (U+0065) in font nullfont!
Missing character: There is no B (U+0042) in font nullfont!
Missing character: There is no i (U+0069) in font nullfont!
Missing character: There is no r (U+0072) in font nullfont!
Missing character: There is no k (U+006B) in font nullfont!
Missing character: There is no h (U+0068) in font nullfont!
Missing character: There is no o (U+006F) in font nullfont!
Missing character: There is no f (U+0066) in font nullfont!
Missing character: There is no f (U+0066) in font nullfont!
Missing character: There is no [ (U+005B) in font nullfont!
Missing character: There is no T (U+0054) in font nullfont!
Missing character: There is no e (U+0065) in font nullfont!
Missing character: There is no o (U+006F) in font nullfont!
Missing character: There is no r (U+0072) in font nullfont!
Missing character: There is no e (U+0065) in font nullfont!
Missing character: There is no m (U+006D) in font nullfont!
Missing character: There is no a (U+0061) in font nullfont!
Missing character: There is no E (U+0045) in font nullfont!
Missing character: There is no r (U+0072) in font nullfont!
Missing character: There is no g (U+0067) in font nullfont!
Missing character: There is no ó (U+00F3) in font nullfont!
Missing character: There is no d (U+0064) in font nullfont!
Missing character: There is no i (U+0069) in font nullfont!
Missing character: There is no c (U+0063) in font nullfont!
Missing character: There is no o (U+006F) in font nullfont!
Missing character: There is no d (U+0064) in font nullfont!
Missing character: There is no e (U+0065) in font nullfont!
Missing character: There is no B (U+0042) in font nullfont!
Missing character: There is no i (U+0069) in font nullfont!
Missing character: There is no r (U+0072) in font nullfont!
Missing character: There is no k (U+006B) in font nullfont!
Missing character: There is no h (U+0068) in font nullfont!
Missing character: There is no o (U+006F) in font nullfont!
Missing character: There is no f (U+0066) in font nullfont!
Missing character: There is no f (U+0066) in font nullfont!
Missing character: There is no ] (U+005D) in font nullfont!
Missing character: There is no S (U+0053) in font nullfont!
Missing character: There is no e (U+0065) in font nullfont!
Missing character: There is no a (U+0061) in font nullfont!
Missing character: There is no u (U+0075) in font nullfont!
Missing character: There is no n (U+006E) in font nullfont!
Missing character: There is no e (U+0065) in font nullfont!
Missing character: There is no s (U+0073) in font nullfont!
Missing character: There is no p (U+0070) in font nullfont!
Missing character: There is no a (U+0061) in font nullfont!
Missing character: There is no c (U+0063) in font nullfont!
Missing character: There is no i (U+0069) in font nullfont!
Missing character: There is no o (U+006F) in font nullfont!
Missing character: There is no d (U+0064) in font nullfont!
Missing character: There is no e (U+0065) in font nullfont!
Missing character: There is no p (U+0070) in font nullfont!
Missing character: There is no r (U+0072) in font nullfont!
Missing character: There is no o (U+006F) in font nullfont!
Missing character: There is no b (U+0062) in font nullfont!
Missing character: There is no a (U+0061) in font nullfont!
Missing character: There is no b (U+0062) in font nullfont!
Missing character: There is no i (U+0069) in font nullfont!
Missing character: There is no l (U+006C) in font nullfont!
Missing character: There is no i (U+0069) in font nullfont!
Missing character: There is no d (U+0064) in font nullfont!
Missing character: There is no a (U+0061) in font nullfont!
Missing character: There is no d (U+0064) in font nullfont!
Missing character: There is no ( (U+0028) in font nullfont!
Missing character: There is no o (U+006F) in font nullfont!
Missing character: There is no m (U+006D) in font nullfont!
Missing character: There is no e (U+0065) in font nullfont!
Missing character: There is no d (U+0064) in font nullfont!
Missing character: There is no i (U+0069) in font nullfont!
Missing character: There is no d (U+0064) in font nullfont!
Missing character: There is no a (U+0061) in font nullfont!
Missing character: There is no f (U+0066) in font nullfont!
Missing character: There is no i (U+0069) in font nullfont!
Missing character: There is no n (U+006E) in font nullfont!
Missing character: There is no i (U+0069) in font nullfont!
Missing character: There is no t (U+0074) in font nullfont!
Missing character: There is no a (U+0061) in font nullfont!
Missing character: There is no ) (U+0029) in font nullfont!
Missing character: There is no y (U+0079) in font nullfont!
Missing character: There is no u (U+0075) in font nullfont!
Missing character: There is no n (U+006E) in font nullfont!
Missing character: There is no a (U+0061) in font nullfont!
Missing character: There is no a (U+0061) in font nullfont!
Missing character: There is no p (U+0070) in font nullfont!
Missing character: There is no l (U+006C) in font nullfont!
Missing character: There is no i (U+0069) in font nullfont!
Missing character: There is no c (U+0063) in font nullfont!
Missing character: There is no a (U+0061) in font nullfont!
Missing character: There is no c (U+0063) in font nullfont!
Missing character: There is no i (U+0069) in font nullfont!
Missing character: There is no ó (U+00F3) in font nullfont!
Missing character: There is no n (U+006E) in font nullfont!
Missing character: There is no m (U+006D) in font nullfont!
Missing character: There is no e (U+0065) in font nullfont!
Missing character: There is no d (U+0064) in font nullfont!
Missing character: There is no i (U+0069) in font nullfont!
Missing character: There is no b (U+0062) in font nullfont!
Missing character: There is no l (U+006C) in font nullfont!
Missing character: There is no e (U+0065) in font nullfont!
Missing character: There is no q (U+0071) in font nullfont!
Missing character: There is no u (U+0075) in font nullfont!
Missing character: There is no e (U+0065) in font nullfont!
Missing character: There is no p (U+0070) in font nullfont!
Missing character: There is no r (U+0072) in font nullfont!
Missing character: There is no e (U+0065) in font nullfont!
Missing character: There is no s (U+0073) in font nullfont!
Missing character: There is no e (U+0065) in font nullfont!
Missing character: There is no r (U+0072) in font nullfont!
Missing character: There is no v (U+0076) in font nullfont!
Missing character: There is no a (U+0061) in font nullfont!
Missing character: There is no . (U+002E) in font nullfont!
Missing character: There is no S (U+0053) in font nullfont!
Missing character: There is no i (U+0069) in font nullfont!
Missing character: There is no , (U+002C) in font nullfont!
Missing character: There is no e (U+0065) in font nullfont!
Missing character: There is no n (U+006E) in font nullfont!
Missing character: There is no t (U+0074) in font nullfont!
Missing character: There is no o (U+006F) in font nullfont!
Missing character: There is no n (U+006E) in font nullfont!
Missing character: There is no c (U+0063) in font nullfont!
Missing character: There is no e (U+0065) in font nullfont!
Missing character: There is no s (U+0073) in font nullfont!
Missing character: There is no : (U+003A) in font nullfont!
Missing character: There is no [ (U+005B) in font nullfont!
Missing character: There is no 1 (U+0031) in font nullfont!
Missing character: There is no ) (U+0029) in font nullfont!
Missing character: There is no ] (U+005D) in font nullfont!
Missing character: There is no E (U+0045) in font nullfont!
Missing character: There is no l (U+006C) in font nullfont!
Missing character: There is no p (U+0070) in font nullfont!
Missing character: There is no r (U+0072) in font nullfont!
Missing character: There is no o (U+006F) in font nullfont!
Missing character: There is no m (U+006D) in font nullfont!
Missing character: There is no e (U+0065) in font nullfont!
Missing character: There is no d (U+0064) in font nullfont!
Missing character: There is no i (U+0069) in font nullfont!
Missing character: There is no o (U+006F) in font nullfont!
Missing character: There is no e (U+0065) in font nullfont!
Missing character: There is no s (U+0073) in font nullfont!
Missing character: There is no p (U+0070) in font nullfont!
Missing character: There is no a (U+0061) in font nullfont!
Missing character: There is no c (U+0063) in font nullfont!
Missing character: There is no i (U+0069) in font nullfont!
Missing character: There is no a (U+0061) in font nullfont!
Missing character: There is no l (U+006C) in font nullfont!
Missing character: There is no t (U+0074) in font nullfont!
Missing character: There is no e (U+0065) in font nullfont!
Missing character: There is no m (U+006D) in font nullfont!
Missing character: There is no p (U+0070) in font nullfont!
Missing character: There is no o (U+006F) in font nullfont!
Missing character: There is no r (U+0072) in font nullfont!
Missing character: There is no a (U+0061) in font nullfont!
Missing character: There is no l (U+006C) in font nullfont!
Missing character: There is no c (U+0063) in font nullfont!
Missing character: There is no o (U+006F) in font nullfont!
Missing character: There is no n (U+006E) in font nullfont!
Missing character: There is no v (U+0076) in font nullfont!
Missing character: There is no e (U+0065) in font nullfont!
Missing character: There is no r (U+0072) in font nullfont!
Missing character: There is no g (U+0067) in font nullfont!
Missing character: There is no e (U+0065) in font nullfont!
Missing character: There is no c (U+0063) in font nullfont!
Missing character: There is no a (U+0061) in font nullfont!
Missing character: There is no s (U+0073) in font nullfont!
Missing character: There is no i (U+0069) in font nullfont!
Missing character: There is no s (U+0073) in font nullfont!
Missing character: There is no i (U+0069) in font nullfont!
Missing character: There is no e (U+0065) in font nullfont!
Missing character: There is no m (U+006D) in font nullfont!
Missing character: There is no p (U+0070) in font nullfont!
Missing character: There is no r (U+0072) in font nullfont!
Missing character: There is no e (U+0065) in font nullfont!
Missing character: There is no : (U+003A) in font nullfont!
Missing character: There is no L (U+004C) in font nullfont!
Missing character: There is no a (U+0061) in font nullfont!
Missing character: There is no f (U+0066) in font nullfont!
Missing character: There is no u (U+0075) in font nullfont!
Missing character: There is no n (U+006E) in font nullfont!
Missing character: There is no c (U+0063) in font nullfont!
Missing character: There is no i (U+0069) in font nullfont!
Missing character: There is no ó (U+00F3) in font nullfont!
Missing character: There is no n (U+006E) in font nullfont!
Missing character: There is no l (U+006C) in font nullfont!
Missing character: There is no í (U+00ED) in font nullfont!
Missing character: There is no m (U+006D) in font nullfont!
Missing character: There is no i (U+0069) in font nullfont!
Missing character: There is no t (U+0074) in font nullfont!
Missing character: There is no e (U+0065) in font nullfont!
Missing character: There is no e (U+0065) in font nullfont!
Missing character: There is no s (U+0073) in font nullfont!
Missing character: There is no i (U+0069) in font nullfont!
Missing character: There is no n (U+006E) in font nullfont!
Missing character: There is no v (U+0076) in font nullfont!
Missing character: There is no a (U+0061) in font nullfont!
Missing character: There is no r (U+0072) in font nullfont!
Missing character: There is no i (U+0069) in font nullfont!
Missing character: There is no a (U+0061) in font nullfont!
Missing character: There is no n (U+006E) in font nullfont!
Missing character: There is no t (U+0074) in font nullfont!
Missing character: There is no e (U+0065) in font nullfont!
Missing character: There is no , (U+002C) in font nullfont!
Missing character: There is no e (U+0065) in font nullfont!
Missing character: There is no s (U+0073) in font nullfont!
Missing character: There is no d (U+0064) in font nullfont!
Missing character: There is no e (U+0065) in font nullfont!
Missing character: There is no c (U+0063) in font nullfont!
Missing character: There is no i (U+0069) in font nullfont!
Missing character: There is no r (U+0072) in font nullfont!
Missing character: There is no , (U+002C) in font nullfont!
Missing character: There is no p (U+0070) in font nullfont!
Missing character: There is no a (U+0061) in font nullfont!
Missing character: There is no r (U+0072) in font nullfont!
Missing character: There is no a (U+0061) in font nullfont!
Missing character: There is no - (U+002D) in font nullfont!
Missing character: There is no c (U+0063) in font nullfont!
Missing character: There is no . (U+002E) in font nullfont!
Missing character: There is no t (U+0074) in font nullfont!
Missing character: There is no . (U+002E) in font nullfont!
Missing character: There is no p (U+0070) in font nullfont!
Missing character: There is no . (U+002E) in font nullfont!
Missing character: There is no e (U+0065) in font nullfont!
Missing character: There is no n (U+006E) in font nullfont!
Missing character: There is no . (U+002E) in font nullfont!
Missing character: There is no L (U+004C) in font nullfont!
Missing character: There is no a (U+0061) in font nullfont!
Missing character: There is no i (U+0069) in font nullfont!
Missing character: There is no n (U+006E) in font nullfont!
Missing character: There is no t (U+0074) in font nullfont!
Missing character: There is no e (U+0065) in font nullfont!
Missing character: There is no g (U+0067) in font nullfont!
Missing character: There is no r (U+0072) in font nullfont!
Missing character: There is no a (U+0061) in font nullfont!
Missing character: There is no l (U+006C) in font nullfont!
Missing character: There is no d (U+0064) in font nullfont!
Missing character: There is no e (U+0065) in font nullfont!
Missing character: There is no l (U+006C) in font nullfont!
Missing character: There is no a (U+0061) in font nullfont!
Missing character: There is no f (U+0066) in font nullfont!
Missing character: There is no u (U+0075) in font nullfont!
Missing character: There is no n (U+006E) in font nullfont!
Missing character: There is no c (U+0063) in font nullfont!
Missing character: There is no i (U+0069) in font nullfont!
Missing character: There is no ó (U+00F3) in font nullfont!
Missing character: There is no n (U+006E) in font nullfont!
Missing character: There is no l (U+006C) in font nullfont!
Missing character: There is no í (U+00ED) in font nullfont!
Missing character: There is no m (U+006D) in font nullfont!
Missing character: There is no i (U+0069) in font nullfont!
Missing character: There is no t (U+0074) in font nullfont!
Missing character: There is no e (U+0065) in font nullfont!
Missing character: There is no c (U+0063) in font nullfont!
Missing character: There is no o (U+006F) in font nullfont!
Missing character: There is no i (U+0069) in font nullfont!
Missing character: There is no n (U+006E) in font nullfont!
Missing character: There is no c (U+0063) in font nullfont!
Missing character: There is no i (U+0069) in font nullfont!
Missing character: There is no d (U+0064) in font nullfont!
Missing character: There is no e (U+0065) in font nullfont!
Missing character: There is no c (U+0063) in font nullfont!
Missing character: There is no o (U+006F) in font nullfont!
Missing character: There is no n (U+006E) in font nullfont!
Missing character: There is no l (U+006C) in font nullfont!
Missing character: There is no a (U+0061) in font nullfont!
Missing character: There is no i (U+0069) in font nullfont!
Missing character: There is no n (U+006E) in font nullfont!
Missing character: There is no t (U+0074) in font nullfont!
Missing character: There is no e (U+0065) in font nullfont!
Missing character: There is no g (U+0067) in font nullfont!
Missing character: There is no r (U+0072) in font nullfont!
Missing character: There is no a (U+0061) in font nullfont!
Missing character: There is no l (U+006C) in font nullfont!
Missing character: There is no o (U+006F) in font nullfont!
Missing character: There is no r (U+0072) in font nullfont!
Missing character: There is no i (U+0069) in font nullfont!
Missing character: There is no g (U+0067) in font nullfont!
Missing character: There is no i (U+0069) in font nullfont!
Missing character: There is no n (U+006E) in font nullfont!
Missing character: There is no a (U+0061) in font nullfont!
Missing character: There is no l (U+006C) in font nullfont!
Missing character: There is no : (U+003A) in font nullfont!
Missing character: There is no S (U+0053) in font nullfont!
Missing character: There is no i (U+0069) in font nullfont!
Missing character: There is no a (U+0061) in font nullfont!
Missing character: There is no d (U+0064) in font nullfont!
Missing character: There is no e (U+0065) in font nullfont!
Missing character: There is no m (U+006D) in font nullfont!
Missing character: There is no á (U+00E1) in font nullfont!
Missing character: There is no s (U+0073) in font nullfont!
Missing character: There is no e (U+0065) in font nullfont!
Missing character: There is no s (U+0073) in font nullfont!
Missing character: There is no e (U+0065) in font nullfont!
Missing character: There is no r (U+0072) in font nullfont!
Missing character: There is no g (U+0067) in font nullfont!
Missing character: There is no ó (U+00F3) in font nullfont!
Missing character: There is no d (U+0064) in font nullfont!
Missing character: There is no i (U+0069) in font nullfont!
Missing character: There is no c (U+0063) in font nullfont!
Missing character: There is no a (U+0061) in font nullfont!
Missing character: There is no r (U+0072) in font nullfont!
Missing character: There is no e (U+0065) in font nullfont!
Missing character: There is no s (U+0073) in font nullfont!
Missing character: There is no p (U+0070) in font nullfont!
Missing character: There is no e (U+0065) in font nullfont!
Missing character: There is no c (U+0063) in font nullfont!
Missing character: There is no t (U+0074) in font nullfont!
Missing character: There is no o (U+006F) in font nullfont!
Missing character: There is no a (U+0061) in font nullfont!
Missing character: There is no , (U+002C) in font nullfont!
Missing character: There is no e (U+0065) in font nullfont!
Missing character: There is no n (U+006E) in font nullfont!
Missing character: There is no t (U+0074) in font nullfont!
Missing character: There is no o (U+006F) in font nullfont!
Missing character: There is no n (U+006E) in font nullfont!
Missing character: There is no c (U+0063) in font nullfont!
Missing character: There is no e (U+0065) in font nullfont!
Missing character: There is no s (U+0073) in font nullfont!
Missing character: There is no l (U+006C) in font nullfont!
Missing character: There is no a (U+0061) in font nullfont!
Missing character: There is no f (U+0066) in font nullfont!
Missing character: There is no u (U+0075) in font nullfont!
Missing character: There is no n (U+006E) in font nullfont!
Missing character: There is no c (U+0063) in font nullfont!
Missing character: There is no i (U+0069) in font nullfont!
Missing character: There is no ó (U+00F3) in font nullfont!
Missing character: There is no n (U+006E) in font nullfont!
Missing character: There is no l (U+006C) in font nullfont!
Missing character: There is no í (U+00ED) in font nullfont!
Missing character: There is no m (U+006D) in font nullfont!
Missing character: There is no i (U+0069) in font nullfont!
Missing character: There is no t (U+0074) in font nullfont!
Missing character: There is no e (U+0065) in font nullfont!
Missing character: There is no e (U+0065) in font nullfont!
Missing character: There is no s (U+0073) in font nullfont!
Missing character: There is no c (U+0063) in font nullfont!
Missing character: There is no o (U+006F) in font nullfont!
Missing character: There is no n (U+006E) in font nullfont!
Missing character: There is no s (U+0073) in font nullfont!
Missing character: There is no t (U+0074) in font nullfont!
Missing character: There is no a (U+0061) in font nullfont!
Missing character: There is no n (U+006E) in font nullfont!
Missing character: There is no t (U+0074) in font nullfont!
Missing character: There is no e (U+0065) in font nullfont!
Missing character: There is no c (U+0063) in font nullfont!
Missing character: There is no a (U+0061) in font nullfont!
Missing character: There is no s (U+0073) in font nullfont!
Missing character: There is no i (U+0069) in font nullfont!
Missing character: There is no s (U+0073) in font nullfont!
Missing character: There is no i (U+0069) in font nullfont!
Missing character: There is no e (U+0065) in font nullfont!
Missing character: There is no m (U+006D) in font nullfont!
Missing character: There is no p (U+0070) in font nullfont!
Missing character: There is no r (U+0072) in font nullfont!
Missing character: There is no e (U+0065) in font nullfont!
Missing character: There is no y (U+0079) in font nullfont!
Missing character: There is no c (U+0063) in font nullfont!
Missing character: There is no o (U+006F) in font nullfont!
Missing character: There is no i (U+0069) in font nullfont!
Missing character: There is no n (U+006E) in font nullfont!
Missing character: There is no c (U+0063) in font nullfont!
Missing character: There is no i (U+0069) in font nullfont!
Missing character: There is no d (U+0064) in font nullfont!
Missing character: There is no e (U+0065) in font nullfont!
Missing character: There is no c (U+0063) in font nullfont!
Missing character: There is no o (U+006F) in font nullfont!
Missing character: There is no n (U+006E) in font nullfont!
Missing character: There is no l (U+006C) in font nullfont!
Missing character: There is no a (U+0061) in font nullfont!
Missing character: There is no i (U+0069) in font nullfont!
Missing character: There is no n (U+006E) in font nullfont!
Missing character: There is no t (U+0074) in font nullfont!
Missing character: There is no e (U+0065) in font nullfont!
Missing character: There is no g (U+0067) in font nullfont!
Missing character: There is no r (U+0072) in font nullfont!
Missing character: There is no a (U+0061) in font nullfont!
Missing character: There is no l (U+006C) in font nullfont!
Missing character: There is no ( (U+0028) in font nullfont!
Missing character: There is no s (U+0073) in font nullfont!
Missing character: There is no i (U+0069) in font nullfont!
Missing character: There is no ) (U+0029) in font nullfont!
Missing character: There is no : (U+003A) in font nullfont!
Missing character: There is no C (U+0043) in font nullfont!
Missing character: There is no a (U+0061) in font nullfont!
Missing character: There is no r (U+0072) in font nullfont!
Missing character: There is no a (U+0061) in font nullfont!
Missing character: There is no c (U+0063) in font nullfont!
Missing character: There is no t (U+0074) in font nullfont!
Missing character: There is no e (U+0065) in font nullfont!
Missing character: There is no r (U+0072) in font nullfont!
Missing character: There is no i (U+0069) in font nullfont!
Missing character: There is no z (U+007A) in font nullfont!
Missing character: There is no a (U+0061) in font nullfont!
Missing character: There is no c (U+0063) in font nullfont!
Missing character: There is no i (U+0069) in font nullfont!
Missing character: There is no ó (U+00F3) in font nullfont!
Missing character: There is no n (U+006E) in font nullfont!
Missing character: There is no E (U+0045) in font nullfont!
Missing character: There is no s (U+0073) in font nullfont!
Missing character: There is no p (U+0070) in font nullfont!
Missing character: There is no e (U+0065) in font nullfont!
Missing character: There is no c (U+0063) in font nullfont!
Missing character: There is no t (U+0074) in font nullfont!
Missing character: There is no r (U+0072) in font nullfont!
Missing character: There is no a (U+0061) in font nullfont!
Missing character: There is no l (U+006C) in font nullfont!
Missing character: There is no d (U+0064) in font nullfont!
Missing character: There is no e (U+0065) in font nullfont!
Missing character: There is no l (U+006C) in font nullfont!
Missing character: There is no a (U+0061) in font nullfont!
Missing character: There is no E (U+0045) in font nullfont!
Missing character: There is no r (U+0072) in font nullfont!
Missing character: There is no g (U+0067) in font nullfont!
Missing character: There is no o (U+006F) in font nullfont!
Missing character: There is no d (U+0064) in font nullfont!
Missing character: There is no i (U+0069) in font nullfont!
Missing character: There is no c (U+0063) in font nullfont!
Missing character: There is no i (U+0069) in font nullfont!
Missing character: There is no d (U+0064) in font nullfont!
Missing character: There is no a (U+0061) in font nullfont!
Missing character: There is no d (U+0064) in font nullfont!
Missing character: There is no [ (U+005B) in font nullfont!
Missing character: There is no C (U+0043) in font nullfont!
Missing character: There is no a (U+0061) in font nullfont!
Missing character: There is no r (U+0072) in font nullfont!
Missing character: There is no a (U+0061) in font nullfont!
Missing character: There is no c (U+0063) in font nullfont!
Missing character: There is no t (U+0074) in font nullfont!
Missing character: There is no e (U+0065) in font nullfont!
Missing character: There is no r (U+0072) in font nullfont!
Missing character: There is no i (U+0069) in font nullfont!
Missing character: There is no z (U+007A) in font nullfont!
Missing character: There is no a (U+0061) in font nullfont!
Missing character: There is no c (U+0063) in font nullfont!
Missing character: There is no i (U+0069) in font nullfont!
Missing character: There is no ó (U+00F3) in font nullfont!
Missing character: There is no n (U+006E) in font nullfont!
Missing character: There is no E (U+0045) in font nullfont!
Missing character: There is no s (U+0073) in font nullfont!
Missing character: There is no p (U+0070) in font nullfont!
Missing character: There is no e (U+0065) in font nullfont!
Missing character: There is no c (U+0063) in font nullfont!
Missing character: There is no t (U+0074) in font nullfont!
Missing character: There is no r (U+0072) in font nullfont!
Missing character: There is no a (U+0061) in font nullfont!
Missing character: There is no l (U+006C) in font nullfont!
Missing character: There is no d (U+0064) in font nullfont!
Missing character: There is no e (U+0065) in font nullfont!
Missing character: There is no l (U+006C) in font nullfont!
Missing character: There is no a (U+0061) in font nullfont!
Missing character: There is no E (U+0045) in font nullfont!
Missing character: There is no r (U+0072) in font nullfont!
Missing character: There is no g (U+0067) in font nullfont!
Missing character: There is no o (U+006F) in font nullfont!
Missing character: There is no d (U+0064) in font nullfont!
Missing character: There is no i (U+0069) in font nullfont!
Missing character: There is no c (U+0063) in font nullfont!
Missing character: There is no i (U+0069) in font nullfont!
Missing character: There is no d (U+0064) in font nullfont!
Missing character: There is no a (U+0061) in font nullfont!
Missing character: There is no d (U+0064) in font nullfont!
Missing character: There is no ] (U+005D) in font nullfont!
Missing character: There is no S (U+0053) in font nullfont!
Missing character: There is no e (U+0065) in font nullfont!
Missing character: There is no a (U+0061) in font nullfont!
Missing character: There is no u (U+0075) in font nullfont!
Missing character: There is no n (U+006E) in font nullfont!
Missing character: There is no e (U+0065) in font nullfont!
Missing character: There is no s (U+0073) in font nullfont!
Missing character: There is no p (U+0070) in font nullfont!
Missing character: There is no a (U+0061) in font nullfont!
Missing character: There is no c (U+0063) in font nullfont!
Missing character: There is no i (U+0069) in font nullfont!
Missing character: There is no o (U+006F) in font nullfont!
Missing character: There is no d (U+0064) in font nullfont!
Missing character: There is no e (U+0065) in font nullfont!
Missing character: There is no p (U+0070) in font nullfont!
Missing character: There is no r (U+0072) in font nullfont!
Missing character: There is no o (U+006F) in font nullfont!
Missing character: There is no b (U+0062) in font nullfont!
Missing character: There is no a (U+0061) in font nullfont!
Missing character: There is no b (U+0062) in font nullfont!
Missing character: There is no i (U+0069) in font nullfont!
Missing character: There is no l (U+006C) in font nullfont!
Missing character: There is no i (U+0069) in font nullfont!
Missing character: There is no d (U+0064) in font nullfont!
Missing character: There is no a (U+0061) in font nullfont!
Missing character: There is no d (U+0064) in font nullfont!
Missing character: There is no y (U+0079) in font nullfont!
]
Overfull \hbox (229.02641pt too wide) detected at line 63
[] [] [] [][]\OT1/cmr/m/n/10 (\OML/cmm/m/it/10 ' \OMS/cmsy/m/n/10  \OML/cmm/m/
it/10 f[]\OT1/cmr/m/n/10 )\OML/cmm/m/it/10   d \OT1/cmr/m/n/10 = [] []
 []


! LaTeX Error: \begin{document} ended by \end{teorema}.

See the LaTeX manual or LaTeX Companion for explanation.
Type  H <return>  for immediate help.
 ...                                              
                                                  
l.65 \end{teorema}
                  
Your command was ignored.
Type  I <command> <return>  to replace it with another command,
or  <return>  to continue without it.


! LaTeX Error: Environment proof undefined.

See the LaTeX manual or LaTeX Companion for explanation.
Type  H <return>  for immediate help.
 ...                                              
                                                  
l.67 \begin{proof}
                  [Demostración]
Your command was ignored.
Type  I <command> <return>  to replace it with another command,
or  <return>  to continue without it.

! Undefined control sequence.
<argument> $c) \implies 
                        b)$:
l.68 	\textbf{$c) \implies b)$:}
                                
The control sequence at the end of the top line
of your error message was never \def'ed. If you have
misspelled it (e.g., `\hobx'), type `I' and the correct
spelling (e.g., `I\hbox'). Otherwise just continue,
and I'll forget about whatever was undefined.

Missing character: There is no [ (U+005B) in font nullfont!
Missing character: There is no D (U+0044) in font nullfont!
Missing character: There is no e (U+0065) in font nullfont!
Missing character: There is no m (U+006D) in font nullfont!
Missing character: There is no o (U+006F) in font nullfont!
Missing character: There is no s (U+0073) in font nullfont!
Missing character: There is no t (U+0074) in font nullfont!
Missing character: There is no r (U+0072) in font nullfont!
Missing character: There is no a (U+0061) in font nullfont!
Missing character: There is no c (U+0063) in font nullfont!
Missing character: There is no i (U+0069) in font nullfont!
Missing character: There is no ó (U+00F3) in font nullfont!
Missing character: There is no n (U+006E) in font nullfont!
Missing character: There is no ] (U+005D) in font nullfont!
Missing character: There is no [ (U+005B) in font nullfont!
Missing character: There is no D (U+0044) in font nullfont!
Missing character: There is no e (U+0065) in font nullfont!
Missing character: There is no m (U+006D) in font nullfont!
Missing character: There is no o (U+006F) in font nullfont!
Missing character: There is no s (U+0073) in font nullfont!
Missing character: There is no t (U+0074) in font nullfont!
Missing character: There is no r (U+0072) in font nullfont!
Missing character: There is no a (U+0061) in font nullfont!
Missing character: There is no c (U+0063) in font nullfont!
Missing character: There is no i (U+0069) in font nullfont!
Missing character: There is no ó (U+00F3) in font nullfont!
Missing character: There is no n (U+006E) in font nullfont!
Missing character: There is no ] (U+005D) in font nullfont!
Missing character: There is no S (U+0053) in font nullfont!
Missing character: There is no e (U+0065) in font nullfont!
Missing character: There is no a (U+0061) in font nullfont!
Missing character: There is no n (U+006E) in font nullfont!
Missing character: There is no d (U+0064) in font nullfont!
Missing character: There is no o (U+006F) in font nullfont!
Missing character: There is no s (U+0073) in font nullfont!
Missing character: There is no c (U+0063) in font nullfont!
Missing character: There is no o (U+006F) in font nullfont!
Missing character: There is no n (U+006E) in font nullfont!
Missing character: There is no j (U+006A) in font nullfont!
Missing character: There is no u (U+0075) in font nullfont!
Missing character: There is no n (U+006E) in font nullfont!
Missing character: There is no t (U+0074) in font nullfont!
Missing character: There is no o (U+006F) in font nullfont!
Missing character: There is no s (U+0073) in font nullfont!
Missing character: There is no m (U+006D) in font nullfont!
Missing character: There is no e (U+0065) in font nullfont!
Missing character: There is no d (U+0064) in font nullfont!
Missing character: There is no i (U+0069) in font nullfont!
Missing character: There is no b (U+0062) in font nullfont!
Missing character: There is no l (U+006C) in font nullfont!
Missing character: There is no e (U+0065) in font nullfont!
Missing character: There is no s (U+0073) in font nullfont!
Missing character: There is no a (U+0061) in font nullfont!
Missing character: There is no r (U+0072) in font nullfont!
Missing character: There is no b (U+0062) in font nullfont!
Missing character: There is no i (U+0069) in font nullfont!
Missing character: There is no t (U+0074) in font nullfont!
Missing character: There is no r (U+0072) in font nullfont!
Missing character: There is no a (U+0061) in font nullfont!
Missing character: There is no r (U+0072) in font nullfont!
Missing character: There is no i (U+0069) in font nullfont!
Missing character: There is no o (U+006F) in font nullfont!
Missing character: There is no s (U+0073) in font nullfont!
Missing character: There is no . (U+002E) in font nullfont!
Missing character: There is no T (U+0054) in font nullfont!
Missing character: There is no o (U+006F) in font nullfont!
Missing character: There is no m (U+006D) in font nullfont!
Missing character: There is no e (U+0065) in font nullfont!
Missing character: There is no m (U+006D) in font nullfont!
Missing character: There is no o (U+006F) in font nullfont!
Missing character: There is no s (U+0073) in font nullfont!
Missing character: There is no s (U+0073) in font nullfont!
Missing character: There is no u (U+0075) in font nullfont!
Missing character: There is no s (U+0073) in font nullfont!
Missing character: There is no f (U+0066) in font nullfont!
Missing character: There is no u (U+0075) in font nullfont!
Missing character: There is no n (U+006E) in font nullfont!
Missing character: There is no c (U+0063) in font nullfont!
Missing character: There is no i (U+0069) in font nullfont!
Missing character: There is no o (U+006F) in font nullfont!
Missing character: There is no n (U+006E) in font nullfont!
Missing character: There is no e (U+0065) in font nullfont!
Missing character: There is no s (U+0073) in font nullfont!
Missing character: There is no c (U+0063) in font nullfont!
Missing character: There is no a (U+0061) in font nullfont!
Missing character: There is no r (U+0072) in font nullfont!
Missing character: There is no a (U+0061) in font nullfont!
Missing character: There is no c (U+0063) in font nullfont!
Missing character: There is no t (U+0074) in font nullfont!
Missing character: There is no e (U+0065) in font nullfont!
Missing character: There is no r (U+0072) in font nullfont!
Missing character: There is no í (U+00ED) in font nullfont!
Missing character: There is no s (U+0073) in font nullfont!
Missing character: There is no t (U+0074) in font nullfont!
Missing character: There is no i (U+0069) in font nullfont!
Missing character: There is no c (U+0063) in font nullfont!
Missing character: There is no a (U+0061) in font nullfont!
Missing character: There is no s (U+0073) in font nullfont!
Missing character: There is no y (U+0079) in font nullfont!
Missing character: There is no ( (U+0028) in font nullfont!
Missing character: There is no l (U+006C) in font nullfont!
Missing character: There is no o (U+006F) in font nullfont!
Missing character: There is no c (U+0063) in font nullfont!
Missing character: There is no u (U+0075) in font nullfont!
Missing character: There is no a (U+0061) in font nullfont!
Missing character: There is no l (U+006C) in font nullfont!
Missing character: There is no e (U+0065) in font nullfont!
Missing character: There is no s (U+0073) in font nullfont!
Missing character: There is no v (U+0076) in font nullfont!
Missing character: There is no á (U+00E1) in font nullfont!
Missing character: There is no l (U+006C) in font nullfont!
Missing character: There is no i (U+0069) in font nullfont!
Missing character: There is no d (U+0064) in font nullfont!
Missing character: There is no o (U+006F) in font nullfont!
Missing character: There is no d (U+0064) in font nullfont!
Missing character: There is no a (U+0061) in font nullfont!
Missing character: There is no d (U+0064) in font nullfont!
Missing character: There is no o (U+006F) in font nullfont!
Missing character: There is no q (U+0071) in font nullfont!
Missing character: There is no u (U+0075) in font nullfont!
Missing character: There is no e (U+0065) in font nullfont!
Missing character: There is no e (U+0065) in font nullfont!
Missing character: There is no n (U+006E) in font nullfont!
Missing character: There is no u (U+0075) in font nullfont!
Missing character: There is no n (U+006E) in font nullfont!
Missing character: There is no e (U+0065) in font nullfont!
Missing character: There is no s (U+0073) in font nullfont!
Missing character: There is no p (U+0070) in font nullfont!
Missing character: There is no a (U+0061) in font nullfont!
Missing character: There is no c (U+0063) in font nullfont!
Missing character: There is no i (U+0069) in font nullfont!
Missing character: There is no o (U+006F) in font nullfont!
Missing character: There is no d (U+0064) in font nullfont!
Missing character: There is no e (U+0065) in font nullfont!
Missing character: There is no p (U+0070) in font nullfont!
Missing character: There is no r (U+0072) in font nullfont!
Missing character: There is no o (U+006F) in font nullfont!
Missing character: There is no b (U+0062) in font nullfont!
Missing character: There is no a (U+0061) in font nullfont!
Missing character: There is no b (U+0062) in font nullfont!
Missing character: There is no i (U+0069) in font nullfont!
Missing character: There is no l (U+006C) in font nullfont!
Missing character: There is no i (U+0069) in font nullfont!
Missing character: There is no d (U+0064) in font nullfont!
Missing character: There is no a (U+0061) in font nullfont!
Missing character: There is no d (U+0064) in font nullfont!
Missing character: There is no t (U+0074) in font nullfont!
Missing character: There is no o (U+006F) in font nullfont!
Missing character: There is no d (U+0064) in font nullfont!
Missing character: There is no a (U+0061) in font nullfont!
Missing character: There is no f (U+0066) in font nullfont!
Missing character: There is no u (U+0075) in font nullfont!
Missing character: There is no n (U+006E) in font nullfont!
Missing character: There is no c (U+0063) in font nullfont!
Missing character: There is no i (U+0069) in font nullfont!
Missing character: There is no ó (U+00F3) in font nullfont!
Missing character: There is no n (U+006E) in font nullfont!
Missing character: There is no c (U+0063) in font nullfont!
Missing character: There is no a (U+0061) in font nullfont!
Missing character: There is no r (U+0072) in font nullfont!
Missing character: There is no a (U+0061) in font nullfont!
Missing character: There is no c (U+0063) in font nullfont!
Missing character: There is no t (U+0074) in font nullfont!
Missing character: There is no e (U+0065) in font nullfont!
Missing character: There is no r (U+0072) in font nullfont!
Missing character: There is no í (U+00ED) in font nullfont!
Missing character: There is no s (U+0073) in font nullfont!
Missing character: There is no t (U+0074) in font nullfont!
Missing character: There is no i (U+0069) in font nullfont!
Missing character: There is no c (U+0063) in font nullfont!
Missing character: There is no a (U+0061) in font nullfont!
Missing character: There is no e (U+0065) in font nullfont!
Missing character: There is no s (U+0073) in font nullfont!
Missing character: There is no a (U+0061) in font nullfont!
Missing character: There is no c (U+0063) in font nullfont!
Missing character: There is no o (U+006F) in font nullfont!
Missing character: There is no t (U+0074) in font nullfont!
Missing character: There is no a (U+0061) in font nullfont!
Missing character: There is no d (U+0064) in font nullfont!
Missing character: There is no a (U+0061) in font nullfont!
Missing character: There is no e (U+0065) in font nullfont!
Missing character: There is no i (U+0069) in font nullfont!
Missing character: There is no n (U+006E) in font nullfont!
Missing character: There is no t (U+0074) in font nullfont!
Missing character: There is no e (U+0065) in font nullfont!
Missing character: There is no g (U+0067) in font nullfont!
Missing character: There is no r (U+0072) in font nullfont!
Missing character: There is no a (U+0061) in font nullfont!
Missing character: There is no b (U+0062) in font nullfont!
Missing character: There is no l (U+006C) in font nullfont!
Missing character: There is no e (U+0065) in font nullfont!
Missing character: There is no p (U+0070) in font nullfont!
Missing character: There is no a (U+0061) in font nullfont!
Missing character: There is no r (U+0072) in font nullfont!
Missing character: There is no a (U+0061) in font nullfont!
Missing character: There is no c (U+0063) in font nullfont!
Missing character: There is no u (U+0075) in font nullfont!
Missing character: There is no a (U+0061) in font nullfont!
Missing character: There is no l (U+006C) in font nullfont!
Missing character: There is no q (U+0071) in font nullfont!
Missing character: There is no u (U+0075) in font nullfont!
Missing character: There is no i (U+0069) in font nullfont!
Missing character: There is no e (U+0065) in font nullfont!
Missing character: There is no r (U+0072) in font nullfont!
Missing character: There is no e (U+0065) in font nullfont!
Missing character: There is no x (U+0078) in font nullfont!
Missing character: There is no p (U+0070) in font nullfont!
Missing character: There is no o (U+006F) in font nullfont!
Missing character: There is no n (U+006E) in font nullfont!
Missing character: There is no e (U+0065) in font nullfont!
Missing character: There is no n (U+006E) in font nullfont!
Missing character: There is no t (U+0074) in font nullfont!
Missing character: There is no e (U+0065) in font nullfont!
Missing character: There is no ) (U+0029) in font nullfont!
Missing character: There is no . (U+002E) in font nullfont!
Missing character: There is no [ (U+005B) in font nullfont!
Missing character: There is no D (U+0044) in font nullfont!
Missing character: There is no e (U+0065) in font nullfont!
Missing character: There is no m (U+006D) in font nullfont!
Missing character: There is no o (U+006F) in font nullfont!
Missing character: There is no s (U+0073) in font nullfont!
Missing character: There is no t (U+0074) in font nullfont!
Missing character: There is no r (U+0072) in font nullfont!
Missing character: There is no a (U+0061) in font nullfont!
Missing character: There is no c (U+0063) in font nullfont!
Missing character: There is no i (U+0069) in font nullfont!
Missing character: There is no ó (U+00F3) in font nullfont!
Missing character: There is no n (U+006E) in font nullfont!
Missing character: There is no ] (U+005D) in font nullfont!

Overfull \hbox (20.0pt too wide) in paragraph at lines 67--70
[][Demostración]
 []


Overfull \hbox (19.58702pt too wide) in paragraph at lines 67--70
\OML/cmm/m/it/10 c\OT1/cmr/m/n/10 )\OML/cmm/m/it/10 b\OT1/cmr/m/n/10 )$\TU/lmr/
bx/n/10 :
 []

Missing character: There is no S (U+0053) in font nullfont!
Missing character: There is no e (U+0065) in font nullfont!
Missing character: There is no a (U+0061) in font nullfont!
Missing character: There is no n (U+006E) in font nullfont!

Overfull \hbox (29.47563pt too wide) in paragraph at lines 67--70
\OML/cmm/m/it/10 A; B \OMS/cmsy/m/n/10 2
 []


Overfull \hbox (6.87221pt too wide) in paragraph at lines 67--70
\OMS/cmsy/m/n/10 B$
 []

Missing character: There is no d (U+0064) in font nullfont!
Missing character: There is no o (U+006F) in font nullfont!
Missing character: There is no s (U+0073) in font nullfont!
Missing character: There is no c (U+0063) in font nullfont!
Missing character: There is no o (U+006F) in font nullfont!
Missing character: There is no n (U+006E) in font nullfont!
Missing character: There is no j (U+006A) in font nullfont!
Missing character: There is no u (U+0075) in font nullfont!
Missing character: There is no n (U+006E) in font nullfont!
Missing character: There is no t (U+0074) in font nullfont!
Missing character: There is no o (U+006F) in font nullfont!
Missing character: There is no s (U+0073) in font nullfont!
Missing character: There is no m (U+006D) in font nullfont!
Missing character: There is no e (U+0065) in font nullfont!
Missing character: There is no d (U+0064) in font nullfont!
Missing character: There is no i (U+0069) in font nullfont!
Missing character: There is no b (U+0062) in font nullfont!
Missing character: There is no l (U+006C) in font nullfont!
Missing character: There is no e (U+0065) in font nullfont!
Missing character: There is no s (U+0073) in font nullfont!
Missing character: There is no a (U+0061) in font nullfont!
Missing character: There is no r (U+0072) in font nullfont!
Missing character: There is no b (U+0062) in font nullfont!
Missing character: There is no i (U+0069) in font nullfont!
Missing character: There is no t (U+0074) in font nullfont!
Missing character: There is no r (U+0072) in font nullfont!
Missing character: There is no a (U+0061) in font nullfont!
Missing character: There is no r (U+0072) in font nullfont!
Missing character: There is no i (U+0069) in font nullfont!
Missing character: There is no o (U+006F) in font nullfont!
Missing character: There is no s (U+0073) in font nullfont!
Missing character: There is no . (U+002E) in font nullfont!
Missing character: There is no T (U+0054) in font nullfont!
Missing character: There is no o (U+006F) in font nullfont!
Missing character: There is no m (U+006D) in font nullfont!
Missing character: There is no e (U+0065) in font nullfont!
Missing character: There is no m (U+006D) in font nullfont!
Missing character: There is no o (U+006F) in font nullfont!
Missing character: There is no s (U+0073) in font nullfont!
Missing character: There is no s (U+0073) in font nullfont!
Missing character: There is no u (U+0075) in font nullfont!
Missing character: There is no s (U+0073) in font nullfont!
Missing character: There is no f (U+0066) in font nullfont!
Missing character: There is no u (U+0075) in font nullfont!
Missing character: There is no n (U+006E) in font nullfont!
Missing character: There is no c (U+0063) in font nullfont!
Missing character: There is no i (U+0069) in font nullfont!
Missing character: There is no o (U+006F) in font nullfont!
Missing character: There is no n (U+006E) in font nullfont!
Missing character: There is no e (U+0065) in font nullfont!
Missing character: There is no s (U+0073) in font nullfont!
Missing character: There is no c (U+0063) in font nullfont!
Missing character: There is no a (U+0061) in font nullfont!
Missing character: There is no r (U+0072) in font nullfont!
Missing character: There is no a (U+0061) in font nullfont!
Missing character: There is no c (U+0063) in font nullfont!
Missing character: There is no t (U+0074) in font nullfont!
Missing character: There is no e (U+0065) in font nullfont!
Missing character: There is no r (U+0072) in font nullfont!
Missing character: There is no í (U+00ED) in font nullfont!
Missing character: There is no s (U+0073) in font nullfont!
Missing character: There is no t (U+0074) in font nullfont!
Missing character: There is no i (U+0069) in font nullfont!
Missing character: There is no c (U+0063) in font nullfont!
Missing character: There is no a (U+0061) in font nullfont!
Missing character: There is no s (U+0073) in font nullfont!

Overfull \hbox (17.09718pt too wide) in paragraph at lines 67--70
\OML/cmm/m/it/10 ' \OT1/cmr/m/n/10 =
 []


Overfull \hbox (22.21523pt too wide) in paragraph at lines 67--70
\OML/cmm/m/it/10 [] \OMS/cmsy/m/n/10 2
 []


Overfull \hbox (51.32pt too wide) in paragraph at lines 67--70
\OMS/cmsy/m/n/10 L[]\OT1/cmr/m/n/10 (\OML/cmm/m/it/10 M; \OMS/cmsy/m/n/10 B\OML
/cmm/m/it/10 ; \OT1/cmr/m/n/10 )$
 []

Missing character: There is no y (U+0079) in font nullfont!

Overfull \hbox (17.4282pt too wide) in paragraph at lines 67--70
\OML/cmm/m/it/10   \OT1/cmr/m/n/10 =
 []


Overfull \hbox (22.5843pt too wide) in paragraph at lines 67--70
\OML/cmm/m/it/10 [] \OMS/cmsy/m/n/10 2
 []


Overfull \hbox (51.114pt too wide) in paragraph at lines 67--70
\OMS/cmsy/m/n/10 L[]\OT1/cmr/m/n/10 (\OML/cmm/m/it/10 M; \OMS/cmsy/m/n/10 B\OML
/cmm/m/it/10 ; \OT1/cmr/m/n/10 )$
 []

Missing character: There is no ( (U+0028) in font nullfont!
Missing character: There is no l (U+006C) in font nullfont!
Missing character: There is no o (U+006F) in font nullfont!
Missing character: There is no c (U+0063) in font nullfont!
Missing character: There is no u (U+0075) in font nullfont!
Missing character: There is no a (U+0061) in font nullfont!
Missing character: There is no l (U+006C) in font nullfont!
Missing character: There is no e (U+0065) in font nullfont!
Missing character: There is no s (U+0073) in font nullfont!
Missing character: There is no v (U+0076) in font nullfont!
Missing character: There is no á (U+00E1) in font nullfont!
Missing character: There is no l (U+006C) in font nullfont!
Missing character: There is no i (U+0069) in font nullfont!
Missing character: There is no d (U+0064) in font nullfont!
Missing character: There is no o (U+006F) in font nullfont!
Missing character: There is no d (U+0064) in font nullfont!
Missing character: There is no a (U+0061) in font nullfont!
Missing character: There is no d (U+0064) in font nullfont!
Missing character: There is no o (U+006F) in font nullfont!
Missing character: There is no q (U+0071) in font nullfont!
Missing character: There is no u (U+0075) in font nullfont!
Missing character: There is no e (U+0065) in font nullfont!
Missing character: There is no e (U+0065) in font nullfont!
Missing character: There is no n (U+006E) in font nullfont!
Missing character: There is no u (U+0075) in font nullfont!
Missing character: There is no n (U+006E) in font nullfont!
Missing character: There is no e (U+0065) in font nullfont!
Missing character: There is no s (U+0073) in font nullfont!
Missing character: There is no p (U+0070) in font nullfont!
Missing character: There is no a (U+0061) in font nullfont!
Missing character: There is no c (U+0063) in font nullfont!
Missing character: There is no i (U+0069) in font nullfont!
Missing character: There is no o (U+006F) in font nullfont!
Missing character: There is no d (U+0064) in font nullfont!
Missing character: There is no e (U+0065) in font nullfont!
Missing character: There is no p (U+0070) in font nullfont!
Missing character: There is no r (U+0072) in font nullfont!
Missing character: There is no o (U+006F) in font nullfont!
Missing character: There is no b (U+0062) in font nullfont!
Missing character: There is no a (U+0061) in font nullfont!
Missing character: There is no b (U+0062) in font nullfont!
Missing character: There is no i (U+0069) in font nullfont!
Missing character: There is no l (U+006C) in font nullfont!
Missing character: There is no i (U+0069) in font nullfont!
Missing character: There is no d (U+0064) in font nullfont!
Missing character: There is no a (U+0061) in font nullfont!
Missing character: There is no d (U+0064) in font nullfont!
Missing character: There is no t (U+0074) in font nullfont!
Missing character: There is no o (U+006F) in font nullfont!
Missing character: There is no d (U+0064) in font nullfont!
Missing character: There is no a (U+0061) in font nullfont!
Missing character: There is no f (U+0066) in font nullfont!
Missing character: There is no u (U+0075) in font nullfont!
Missing character: There is no n (U+006E) in font nullfont!
Missing character: There is no c (U+0063) in font nullfont!
Missing character: There is no i (U+0069) in font nullfont!
Missing character: There is no ó (U+00F3) in font nullfont!
Missing character: There is no n (U+006E) in font nullfont!
Missing character: There is no c (U+0063) in font nullfont!
Missing character: There is no a (U+0061) in font nullfont!
Missing character: There is no r (U+0072) in font nullfont!
Missing character: There is no a (U+0061) in font nullfont!
Missing character: There is no c (U+0063) in font nullfont!
Missing character: There is no t (U+0074) in font nullfont!
Missing character: There is no e (U+0065) in font nullfont!
Missing character: There is no r (U+0072) in font nullfont!
Missing character: There is no í (U+00ED) in font nullfont!
Missing character: There is no s (U+0073) in font nullfont!
Missing character: There is no t (U+0074) in font nullfont!
Missing character: There is no i (U+0069) in font nullfont!
Missing character: There is no c (U+0063) in font nullfont!
Missing character: There is no a (U+0061) in font nullfont!
Missing character: There is no e (U+0065) in font nullfont!
Missing character: There is no s (U+0073) in font nullfont!
Missing character: There is no a (U+0061) in font nullfont!
Missing character: There is no c (U+0063) in font nullfont!
Missing character: There is no o (U+006F) in font nullfont!
Missing character: There is no t (U+0074) in font nullfont!
Missing character: There is no a (U+0061) in font nullfont!
Missing character: There is no d (U+0064) in font nullfont!
Missing character: There is no a (U+0061) in font nullfont!
Missing character: There is no e (U+0065) in font nullfont!
Missing character: There is no i (U+0069) in font nullfont!
Missing character: There is no n (U+006E) in font nullfont!
Missing character: There is no t (U+0074) in font nullfont!
Missing character: There is no e (U+0065) in font nullfont!
Missing character: There is no g (U+0067) in font nullfont!
Missing character: There is no r (U+0072) in font nullfont!
Missing character: There is no a (U+0061) in font nullfont!
Missing character: There is no b (U+0062) in font nullfont!
Missing character: There is no l (U+006C) in font nullfont!
Missing character: There is no e (U+0065) in font nullfont!
Missing character: There is no p (U+0070) in font nullfont!
Missing character: There is no a (U+0061) in font nullfont!
Missing character: There is no r (U+0072) in font nullfont!
Missing character: There is no a (U+0061) in font nullfont!
Missing character: There is no c (U+0063) in font nullfont!
Missing character: There is no u (U+0075) in font nullfont!
Missing character: There is no a (U+0061) in font nullfont!
Missing character: There is no l (U+006C) in font nullfont!
Missing character: There is no q (U+0071) in font nullfont!
Missing character: There is no u (U+0075) in font nullfont!
Missing character: There is no i (U+0069) in font nullfont!
Missing character: There is no e (U+0065) in font nullfont!
Missing character: There is no r (U+0072) in font nullfont!
Missing character: There is no e (U+0065) in font nullfont!
Missing character: There is no x (U+0078) in font nullfont!
Missing character: There is no p (U+0070) in font nullfont!
Missing character: There is no o (U+006F) in font nullfont!
Missing character: There is no n (U+006E) in font nullfont!
Missing character: There is no e (U+0065) in font nullfont!
Missing character: There is no n (U+006E) in font nullfont!
Missing character: There is no t (U+0074) in font nullfont!
Missing character: There is no e (U+0065) in font nullfont!
Missing character: There is no ) (U+0029) in font nullfont!
Missing character: There is no . (U+002E) in font nullfont!

! LaTeX Error: Environment align* undefined.

See the LaTeX manual or LaTeX Companion for explanation.
Type  H <return>  for immediate help.
 ...                                              
                                                  
l.72 	\begin{align*}
                    
Your command was ignored.
Type  I <command> <return>  to replace it with another command,
or  <return>  to continue without it.

! Missing $ inserted.
<inserted text> 
                $
l.73 		\lim
           _{n \to \infty} \frac{1}{n} \sum_{j=0}^{n-1} \int_M (\chi_A \circ...
I've inserted a begin-math/end-math symbol since I think
you left one out. Proceed, with fingers crossed.

! Misplaced alignment tab character &.
l.73 ... \int_M (\chi_A \circ f^j)\chi_B \, d\mu &
                                                  = \left( \int_M \chi_A \, ...
I can't figure out why you would want to use a tab mark
here. If you just want an ampersand, the remedy is
simple: Just type `I\&' now. But if some right brace
up above has ended a previous alignment prematurely,
you're probably due for more error messages, and you
might try typing `S' now just to see what is salvageable.

! Misplaced alignment tab character &.
l.74 ...t_M \chi_{f^{-j}(A)}(x)\chi_B(x) \, d\mu &
                                                  = \mu(A)\mu(B) \\
I can't figure out why you would want to use a tab mark
here. If you just want an ampersand, the remedy is
simple: Just type `I\&' now. But if some right brace
up above has ended a previous alignment prematurely,
you're probably due for more error messages, and you
might try typing `S' now just to see what is salvageable.

! Misplaced alignment tab character &.
l.75 ...} \sum_{j=0}^{n-1} \mu(f^{-j}(A) \cap B) &
                                                  = \mu(A)\mu(B)
I can't figure out why you would want to use a tab mark
here. If you just want an ampersand, the remedy is
simple: Just type `I\&' now. But if some right brace
up above has ended a previous alignment prematurely,
you're probably due for more error messages, and you
might try typing `S' now just to see what is salvageable.


! LaTeX Error: \begin{document} ended by \end{align*}.

See the LaTeX manual or LaTeX Companion for explanation.
Type  H <return>  for immediate help.
 ...                                              
                                                  
l.76 	\end{align*}
                  
Your command was ignored.
Type  I <command> <return>  to replace it with another command,
or  <return>  to continue without it.

! Missing $ inserted.
<inserted text> 
                $
l.76 	\end{align*}
                  
I've inserted something that you may have forgotten.
(See the <inserted text> above.)
With luck, this will get me unwedged. But if you
really didn't forget anything, try typing `2' now; then
my insertion and my current dilemma will both disappear.

Missing character: There is no I (U+0049) in font nullfont!
Missing character: There is no n (U+006E) in font nullfont!
Missing character: There is no v (U+0076) in font nullfont!
Missing character: There is no o (U+006F) in font nullfont!
Missing character: There is no c (U+0063) in font nullfont!
Missing character: There is no a (U+0061) in font nullfont!
Missing character: There is no n (U+006E) in font nullfont!
Missing character: There is no d (U+0064) in font nullfont!
Missing character: There is no o (U+006F) in font nullfont!
Missing character: There is no I (U+0049) in font nullfont!
Missing character: There is no n (U+006E) in font nullfont!
Missing character: There is no v (U+0076) in font nullfont!
Missing character: There is no o (U+006F) in font nullfont!
Missing character: There is no c (U+0063) in font nullfont!
Missing character: There is no a (U+0061) in font nullfont!
Missing character: There is no n (U+006E) in font nullfont!
Missing character: There is no d (U+0064) in font nullfont!
Missing character: There is no o (U+006F) in font nullfont!
Missing character: There is no l (U+006C) in font nullfont!
Missing character: There is no a (U+0061) in font nullfont!
Missing character: There is no h (U+0068) in font nullfont!
Missing character: There is no i (U+0069) in font nullfont!
Missing character: There is no p (U+0070) in font nullfont!
Missing character: There is no ó (U+00F3) in font nullfont!
Missing character: There is no t (U+0074) in font nullfont!
Missing character: There is no e (U+0065) in font nullfont!
Missing character: There is no s (U+0073) in font nullfont!
Missing character: There is no i (U+0069) in font nullfont!
Missing character: There is no s (U+0073) in font nullfont!
Missing character: There is no p (U+0070) in font nullfont!
Missing character: There is no a (U+0061) in font nullfont!
Missing character: There is no r (U+0072) in font nullfont!
Missing character: There is no a (U+0061) in font nullfont!
Missing character: There is no e (U+0065) in font nullfont!
Missing character: There is no s (U+0073) in font nullfont!
Missing character: There is no t (U+0074) in font nullfont!
Missing character: There is no e (U+0065) in font nullfont!
Missing character: There is no p (U+0070) in font nullfont!
Missing character: There is no a (U+0061) in font nullfont!
Missing character: There is no r (U+0072) in font nullfont!
Missing character: There is no d (U+0064) in font nullfont!
Missing character: There is no e (U+0065) in font nullfont!
Missing character: There is no f (U+0066) in font nullfont!
Missing character: There is no u (U+0075) in font nullfont!
Missing character: There is no n (U+006E) in font nullfont!
Missing character: There is no c (U+0063) in font nullfont!
Missing character: There is no i (U+0069) in font nullfont!
Missing character: There is no o (U+006F) in font nullfont!
Missing character: There is no n (U+006E) in font nullfont!
Missing character: There is no e (U+0065) in font nullfont!
Missing character: There is no s (U+0073) in font nullfont!
Missing character: There is no : (U+003A) in font nullfont!
Missing character: There is no l (U+006C) in font nullfont!
Missing character: There is no o (U+006F) in font nullfont!
Missing character: There is no c (U+0063) in font nullfont!
Missing character: There is no u (U+0075) in font nullfont!
Missing character: There is no a (U+0061) in font nullfont!
Missing character: There is no l (U+006C) in font nullfont!
Missing character: There is no d (U+0064) in font nullfont!
Missing character: There is no e (U+0065) in font nullfont!
Missing character: There is no m (U+006D) in font nullfont!
Missing character: There is no u (U+0075) in font nullfont!
Missing character: There is no e (U+0065) in font nullfont!
Missing character: There is no s (U+0073) in font nullfont!
Missing character: There is no t (U+0074) in font nullfont!
Missing character: There is no r (U+0072) in font nullfont!
Missing character: There is no a (U+0061) in font nullfont!
Missing character: There is no e (U+0065) in font nullfont!
Missing character: There is no x (U+0078) in font nullfont!
Missing character: There is no a (U+0061) in font nullfont!
Missing character: There is no c (U+0063) in font nullfont!
Missing character: There is no t (U+0074) in font nullfont!
Missing character: There is no a (U+0061) in font nullfont!
Missing character: There is no m (U+006D) in font nullfont!
Missing character: There is no e (U+0065) in font nullfont!
Missing character: There is no n (U+006E) in font nullfont!
Missing character: There is no t (U+0074) in font nullfont!
Missing character: There is no e (U+0065) in font nullfont!
Missing character: There is no l (U+006C) in font nullfont!
Missing character: There is no a (U+0061) in font nullfont!
Missing character: There is no c (U+0063) in font nullfont!
Missing character: There is no o (U+006F) in font nullfont!
Missing character: There is no n (U+006E) in font nullfont!
Missing character: There is no d (U+0064) in font nullfont!
Missing character: There is no i (U+0069) in font nullfont!
Missing character: There is no c (U+0063) in font nullfont!
Missing character: There is no i (U+0069) in font nullfont!
Missing character: There is no ó (U+00F3) in font nullfont!
Missing character: There is no n (U+006E) in font nullfont!
Missing character: There is no . (U+002E) in font nullfont!
Missing character: There is no I (U+0049) in font nullfont!
Missing character: There is no n (U+006E) in font nullfont!
Missing character: There is no v (U+0076) in font nullfont!
Missing character: There is no o (U+006F) in font nullfont!
Missing character: There is no c (U+0063) in font nullfont!
Missing character: There is no a (U+0061) in font nullfont!
Missing character: There is no n (U+006E) in font nullfont!
Missing character: There is no d (U+0064) in font nullfont!
Missing character: There is no o (U+006F) in font nullfont!

Overfull \hbox (20.0pt too wide) in paragraph at lines 71--78
[]Invocando
 []

Missing character: There is no l (U+006C) in font nullfont!
Missing character: There is no a (U+0061) in font nullfont!
Missing character: There is no h (U+0068) in font nullfont!
Missing character: There is no i (U+0069) in font nullfont!
Missing character: There is no p (U+0070) in font nullfont!
Missing character: There is no ó (U+00F3) in font nullfont!
Missing character: There is no t (U+0074) in font nullfont!
Missing character: There is no e (U+0065) in font nullfont!
Missing character: There is no s (U+0073) in font nullfont!
Missing character: There is no i (U+0069) in font nullfont!
Missing character: There is no s (U+0073) in font nullfont!

Overfull \hbox (8.21646pt too wide) in paragraph at lines 71--78
\OML/cmm/m/it/10 c\OT1/cmr/m/n/10 )$
 []

Missing character: There is no p (U+0070) in font nullfont!
Missing character: There is no a (U+0061) in font nullfont!
Missing character: There is no r (U+0072) in font nullfont!
Missing character: There is no a (U+0061) in font nullfont!
Missing character: There is no e (U+0065) in font nullfont!
Missing character: There is no s (U+0073) in font nullfont!
Missing character: There is no t (U+0074) in font nullfont!
Missing character: There is no e (U+0065) in font nullfont!
Missing character: There is no p (U+0070) in font nullfont!
Missing character: There is no a (U+0061) in font nullfont!
Missing character: There is no r (U+0072) in font nullfont!
Missing character: There is no d (U+0064) in font nullfont!
Missing character: There is no e (U+0065) in font nullfont!
Missing character: There is no f (U+0066) in font nullfont!
Missing character: There is no u (U+0075) in font nullfont!
Missing character: There is no n (U+006E) in font nullfont!
Missing character: There is no c (U+0063) in font nullfont!
Missing character: There is no i (U+0069) in font nullfont!
Missing character: There is no o (U+006F) in font nullfont!
Missing character: There is no n (U+006E) in font nullfont!
Missing character: There is no e (U+0065) in font nullfont!
Missing character: There is no s (U+0073) in font nullfont!
Missing character: There is no : (U+003A) in font nullfont!

Overfull \hbox (109.11339pt too wide) in paragraph at lines 71--78
[][] [] [][] [][]\OT1/cmr/m/n/10 (\OML/cmm/m/it/10 [] \OMS/cmsy/m/n/10 
 []


Overfull \hbox (50.66711pt too wide) in paragraph at lines 71--78
\OML/cmm/m/it/10 f[]\OT1/cmr/m/n/10 )\OML/cmm/m/it/10 [] d \OT1/cmr/m/n/10 =
 []


Overfull \hbox (112.79077pt too wide) in paragraph at lines 71--78
[] [] \OT1/cmr/m/n/10 =
 []


Overfull \hbox (43.19339pt too wide) in paragraph at lines 71--78
\OML/cmm/m/it/10 \OT1/cmr/m/n/10 (\OML/cmm/m/it/10 A\OT1/cmr/m/n/10 )\OML/cmm/
m/it/10 \OT1/cmr/m/n/10 (\OML/cmm/m/it/10 B\OT1/cmr/m/n/10 )[] 
 []


Overfull \hbox (16.11119pt too wide) in paragraph at lines 71--78
[][]\OMS/cmsy/m/n/10 )
 []


Overfull \hbox (185.55634pt too wide) in paragraph at lines 71--78
[][] [] [][] [][] \OML/cmm/m/it/10 []\OT1/cmr/m/n/10 (\OML/cmm/m/it/10 x\OT1/c
mr/m/n/10 )\OML/cmm/m/it/10 []\OT1/cmr/m/n/10 (\OML/cmm/m/it/10 x\OT1/cmr/m/n/
10 ) \OML/cmm/m/it/10 d \OT1/cmr/m/n/10 =
 []


Overfull \hbox (43.19339pt too wide) in paragraph at lines 71--78
\OML/cmm/m/it/10 \OT1/cmr/m/n/10 (\OML/cmm/m/it/10 A\OT1/cmr/m/n/10 )\OML/cmm/
m/it/10 \OT1/cmr/m/n/10 (\OML/cmm/m/it/10 B\OT1/cmr/m/n/10 )[] 
 []


Overfull \hbox (16.11119pt too wide) in paragraph at lines 71--78
[][]\OMS/cmsy/m/n/10 )
 []


Overfull \hbox (122.14973pt too wide) in paragraph at lines 71--78
[][] [] [][] \OML/cmm/m/it/10 \OT1/cmr/m/n/10 (\OML/cmm/m/it/10 f[]\OT1/cmr/m/
n/10 (\OML/cmm/m/it/10 A\OT1/cmr/m/n/10 ) \OMS/cmsy/m/n/10 \
 []


Overfull \hbox (22.53122pt too wide) in paragraph at lines 71--78
\OML/cmm/m/it/10 B\OT1/cmr/m/n/10 ) =
 []


Overfull \hbox (43.19339pt too wide) in paragraph at lines 71--78
\OML/cmm/m/it/10 \OT1/cmr/m/n/10 (\OML/cmm/m/it/10 A\OT1/cmr/m/n/10 )\OML/cmm/
m/it/10 \OT1/cmr/m/n/10 (\OML/cmm/m/it/10 B\OT1/cmr/m/n/10 )$
 []

Missing character: There is no l (U+006C) in font nullfont!
Missing character: There is no o (U+006F) in font nullfont!
Missing character: There is no c (U+0063) in font nullfont!
Missing character: There is no u (U+0075) in font nullfont!
Missing character: There is no a (U+0061) in font nullfont!
Missing character: There is no l (U+006C) in font nullfont!
Missing character: There is no d (U+0064) in font nullfont!
Missing character: There is no e (U+0065) in font nullfont!
Missing character: There is no m (U+006D) in font nullfont!
Missing character: There is no u (U+0075) in font nullfont!
Missing character: There is no e (U+0065) in font nullfont!
Missing character: There is no s (U+0073) in font nullfont!
Missing character: There is no t (U+0074) in font nullfont!
Missing character: There is no r (U+0072) in font nullfont!
Missing character: There is no a (U+0061) in font nullfont!
Missing character: There is no e (U+0065) in font nullfont!
Missing character: There is no x (U+0078) in font nullfont!
Missing character: There is no a (U+0061) in font nullfont!
Missing character: There is no c (U+0063) in font nullfont!
Missing character: There is no t (U+0074) in font nullfont!
Missing character: There is no a (U+0061) in font nullfont!
Missing character: There is no m (U+006D) in font nullfont!
Missing character: There is no e (U+0065) in font nullfont!
Missing character: There is no n (U+006E) in font nullfont!
Missing character: There is no t (U+0074) in font nullfont!
Missing character: There is no e (U+0065) in font nullfont!
Missing character: There is no l (U+006C) in font nullfont!
Missing character: There is no a (U+0061) in font nullfont!
Missing character: There is no c (U+0063) in font nullfont!
Missing character: There is no o (U+006F) in font nullfont!
Missing character: There is no n (U+006E) in font nullfont!
Missing character: There is no d (U+0064) in font nullfont!
Missing character: There is no i (U+0069) in font nullfont!
Missing character: There is no c (U+0063) in font nullfont!
Missing character: There is no i (U+0069) in font nullfont!
Missing character: There is no ó (U+00F3) in font nullfont!
Missing character: There is no n (U+006E) in font nullfont!
Missing character: There is no . (U+002E) in font nullfont!

Overfull \hbox (8.18056pt too wide) in paragraph at lines 71--78
\OML/cmm/m/it/10 b\OT1/cmr/m/n/10 )$\nullfont . 
 []

! Undefined control sequence.
<argument> $b) \implies 
                        a)$:
l.79 	\textbf{$b) \implies a)$:}
                                
The control sequence at the end of the top line
of your error message was never \def'ed. If you have
misspelled it (e.g., `\hobx'), type `I' and the correct
spelling (e.g., `I\hbox'). Otherwise just continue,
and I'll forget about whatever was undefined.

! Undefined control sequence.
l.80 ...e $f^{-j}(E) = E$ para todo $j \in \mathbb
                                                  {N} \cup \{0\}$.
The control sequence at the end of the top line
of your error message was never \def'ed. If you have
misspelled it (e.g., `\hobx'), type `I' and the correct
spelling (e.g., `I\hbox'). Otherwise just continue,
and I'll forget about whatever was undefined.

Missing character: There is no S (U+0053) in font nullfont!
Missing character: There is no e (U+0065) in font nullfont!
Missing character: There is no a (U+0061) in font nullfont!
Missing character: There is no u (U+0075) in font nullfont!
Missing character: There is no n (U+006E) in font nullfont!
Missing character: There is no c (U+0063) in font nullfont!
Missing character: There is no o (U+006F) in font nullfont!
Missing character: There is no n (U+006E) in font nullfont!
Missing character: There is no j (U+006A) in font nullfont!
Missing character: There is no u (U+0075) in font nullfont!
Missing character: There is no n (U+006E) in font nullfont!
Missing character: There is no t (U+0074) in font nullfont!
Missing character: There is no o (U+006F) in font nullfont!
Missing character: There is no e (U+0065) in font nullfont!
Missing character: There is no s (U+0073) in font nullfont!
Missing character: There is no t (U+0074) in font nullfont!
Missing character: There is no r (U+0072) in font nullfont!
Missing character: There is no i (U+0069) in font nullfont!
Missing character: There is no c (U+0063) in font nullfont!
Missing character: There is no t (U+0074) in font nullfont!
Missing character: There is no a (U+0061) in font nullfont!
Missing character: There is no m (U+006D) in font nullfont!
Missing character: There is no e (U+0065) in font nullfont!
Missing character: There is no n (U+006E) in font nullfont!
Missing character: There is no t (U+0074) in font nullfont!
Missing character: There is no e (U+0065) in font nullfont!
Missing character: There is no i (U+0069) in font nullfont!
Missing character: There is no n (U+006E) in font nullfont!
Missing character: There is no v (U+0076) in font nullfont!
Missing character: There is no a (U+0061) in font nullfont!
Missing character: There is no r (U+0072) in font nullfont!
Missing character: There is no i (U+0069) in font nullfont!
Missing character: There is no a (U+0061) in font nullfont!
Missing character: There is no n (U+006E) in font nullfont!
Missing character: There is no t (U+0074) in font nullfont!
Missing character: There is no e (U+0065) in font nullfont!
Missing character: There is no p (U+0070) in font nullfont!
Missing character: There is no o (U+006F) in font nullfont!
Missing character: There is no r (U+0072) in font nullfont!
Missing character: There is no l (U+006C) in font nullfont!
Missing character: There is no a (U+0061) in font nullfont!
Missing character: There is no d (U+0064) in font nullfont!
Missing character: There is no i (U+0069) in font nullfont!
Missing character: There is no n (U+006E) in font nullfont!
Missing character: There is no á (U+00E1) in font nullfont!
Missing character: There is no m (U+006D) in font nullfont!
Missing character: There is no i (U+0069) in font nullfont!
Missing character: There is no c (U+0063) in font nullfont!
Missing character: There is no a (U+0061) in font nullfont!
Missing character: There is no , (U+002C) in font nullfont!
Missing character: There is no e (U+0065) in font nullfont!
Missing character: There is no s (U+0073) in font nullfont!
Missing character: There is no d (U+0064) in font nullfont!
Missing character: There is no e (U+0065) in font nullfont!
Missing character: There is no c (U+0063) in font nullfont!
Missing character: There is no i (U+0069) in font nullfont!
Missing character: There is no r (U+0072) in font nullfont!
Missing character: There is no , (U+002C) in font nullfont!
Missing character: There is no . (U+002E) in font nullfont!
Missing character: There is no P (U+0050) in font nullfont!
Missing character: There is no o (U+006F) in font nullfont!
Missing character: There is no r (U+0072) in font nullfont!
Missing character: There is no i (U+0069) in font nullfont!
Missing character: There is no n (U+006E) in font nullfont!
Missing character: There is no d (U+0064) in font nullfont!
Missing character: There is no u (U+0075) in font nullfont!
Missing character: There is no c (U+0063) in font nullfont!
Missing character: There is no c (U+0063) in font nullfont!
Missing character: There is no i (U+0069) in font nullfont!
Missing character: There is no ó (U+00F3) in font nullfont!
Missing character: There is no n (U+006E) in font nullfont!
Missing character: There is no m (U+006D) in font nullfont!
Missing character: There is no a (U+0061) in font nullfont!
Missing character: There is no t (U+0074) in font nullfont!
Missing character: There is no e (U+0065) in font nullfont!
Missing character: There is no m (U+006D) in font nullfont!
Missing character: There is no á (U+00E1) in font nullfont!
Missing character: There is no t (U+0074) in font nullfont!
Missing character: There is no i (U+0069) in font nullfont!
Missing character: There is no c (U+0063) in font nullfont!
Missing character: There is no a (U+0061) in font nullfont!
Missing character: There is no , (U+002C) in font nullfont!
Missing character: There is no e (U+0065) in font nullfont!
Missing character: There is no s (U+0073) in font nullfont!
Missing character: There is no t (U+0074) in font nullfont!
Missing character: There is no o (U+006F) in font nullfont!
Missing character: There is no i (U+0069) in font nullfont!
Missing character: There is no m (U+006D) in font nullfont!
Missing character: There is no p (U+0070) in font nullfont!
Missing character: There is no l (U+006C) in font nullfont!
Missing character: There is no i (U+0069) in font nullfont!
Missing character: There is no c (U+0063) in font nullfont!
Missing character: There is no a (U+0061) in font nullfont!
Missing character: There is no q (U+0071) in font nullfont!
Missing character: There is no u (U+0075) in font nullfont!
Missing character: There is no e (U+0065) in font nullfont!
Missing character: There is no p (U+0070) in font nullfont!
Missing character: There is no a (U+0061) in font nullfont!
Missing character: There is no r (U+0072) in font nullfont!
Missing character: There is no a (U+0061) in font nullfont!
Missing character: There is no t (U+0074) in font nullfont!
Missing character: There is no o (U+006F) in font nullfont!
Missing character: There is no d (U+0064) in font nullfont!
Missing character: There is no o (U+006F) in font nullfont!
Missing character: There is no . (U+002E) in font nullfont!

Overfull \hbox (40.54535pt too wide) in paragraph at lines 79--81
[]$\OML/cmm/m/it/10 b\OT1/cmr/m/n/10 )\OML/cmm/m/it/10 a\OT1/cmr/m/n/10 )$\TU/l
mr/bx/n/10 :
 []

Missing character: There is no S (U+0053) in font nullfont!
Missing character: There is no e (U+0065) in font nullfont!
Missing character: There is no a (U+0061) in font nullfont!

Overfull \hbox (17.40271pt too wide) in paragraph at lines 79--81
\OML/cmm/m/it/10 E \OMS/cmsy/m/n/10 2
 []


Overfull \hbox (6.87221pt too wide) in paragraph at lines 79--81
\OMS/cmsy/m/n/10 B$
 []

Missing character: There is no u (U+0075) in font nullfont!
Missing character: There is no n (U+006E) in font nullfont!
Missing character: There is no c (U+0063) in font nullfont!
Missing character: There is no o (U+006F) in font nullfont!
Missing character: There is no n (U+006E) in font nullfont!
Missing character: There is no j (U+006A) in font nullfont!
Missing character: There is no u (U+0075) in font nullfont!
Missing character: There is no n (U+006E) in font nullfont!
Missing character: There is no t (U+0074) in font nullfont!
Missing character: There is no o (U+006F) in font nullfont!
Missing character: There is no e (U+0065) in font nullfont!
Missing character: There is no s (U+0073) in font nullfont!
Missing character: There is no t (U+0074) in font nullfont!
Missing character: There is no r (U+0072) in font nullfont!
Missing character: There is no i (U+0069) in font nullfont!
Missing character: There is no c (U+0063) in font nullfont!
Missing character: There is no t (U+0074) in font nullfont!
Missing character: There is no a (U+0061) in font nullfont!
Missing character: There is no m (U+006D) in font nullfont!
Missing character: There is no e (U+0065) in font nullfont!
Missing character: There is no n (U+006E) in font nullfont!
Missing character: There is no t (U+0074) in font nullfont!
Missing character: There is no e (U+0065) in font nullfont!
Missing character: There is no i (U+0069) in font nullfont!
Missing character: There is no n (U+006E) in font nullfont!
Missing character: There is no v (U+0076) in font nullfont!
Missing character: There is no a (U+0061) in font nullfont!
Missing character: There is no r (U+0072) in font nullfont!
Missing character: There is no i (U+0069) in font nullfont!
Missing character: There is no a (U+0061) in font nullfont!
Missing character: There is no n (U+006E) in font nullfont!
Missing character: There is no t (U+0074) in font nullfont!
Missing character: There is no e (U+0065) in font nullfont!
Missing character: There is no p (U+0070) in font nullfont!
Missing character: There is no o (U+006F) in font nullfont!
Missing character: There is no r (U+0072) in font nullfont!
Missing character: There is no l (U+006C) in font nullfont!
Missing character: There is no a (U+0061) in font nullfont!
Missing character: There is no d (U+0064) in font nullfont!
Missing character: There is no i (U+0069) in font nullfont!
Missing character: There is no n (U+006E) in font nullfont!
Missing character: There is no á (U+00E1) in font nullfont!
Missing character: There is no m (U+006D) in font nullfont!
Missing character: There is no i (U+0069) in font nullfont!
Missing character: There is no c (U+0063) in font nullfont!
Missing character: There is no a (U+0061) in font nullfont!
Missing character: There is no , (U+002C) in font nullfont!
Missing character: There is no e (U+0065) in font nullfont!
Missing character: There is no s (U+0073) in font nullfont!
Missing character: There is no d (U+0064) in font nullfont!
Missing character: There is no e (U+0065) in font nullfont!
Missing character: There is no c (U+0063) in font nullfont!
Missing character: There is no i (U+0069) in font nullfont!
Missing character: There is no r (U+0072) in font nullfont!
Missing character: There is no , (U+002C) in font nullfont!

Overfull \hbox (43.00003pt too wide) in paragraph at lines 79--81
\OML/cmm/m/it/10 f[]\OT1/cmr/m/n/10 (\OML/cmm/m/it/10 E\OT1/cmr/m/n/10 ) =
 []

Missing character: There is no . (U+002E) in font nullfont!

Overfull \hbox (7.95831pt too wide) in paragraph at lines 79--81
\OML/cmm/m/it/10 E$\nullfont .
 []

Missing character: There is no P (U+0050) in font nullfont!
Missing character: There is no o (U+006F) in font nullfont!
Missing character: There is no r (U+0072) in font nullfont!
Missing character: There is no i (U+0069) in font nullfont!
Missing character: There is no n (U+006E) in font nullfont!
Missing character: There is no d (U+0064) in font nullfont!
Missing character: There is no u (U+0075) in font nullfont!
Missing character: There is no c (U+0063) in font nullfont!
Missing character: There is no c (U+0063) in font nullfont!
Missing character: There is no i (U+0069) in font nullfont!
Missing character: There is no ó (U+00F3) in font nullfont!
Missing character: There is no n (U+006E) in font nullfont!
Missing character: There is no m (U+006D) in font nullfont!
Missing character: There is no a (U+0061) in font nullfont!
Missing character: There is no t (U+0074) in font nullfont!
Missing character: There is no e (U+0065) in font nullfont!
Missing character: There is no m (U+006D) in font nullfont!
Missing character: There is no á (U+00E1) in font nullfont!
Missing character: There is no t (U+0074) in font nullfont!
Missing character: There is no i (U+0069) in font nullfont!
Missing character: There is no c (U+0063) in font nullfont!
Missing character: There is no a (U+0061) in font nullfont!
Missing character: There is no , (U+002C) in font nullfont!
Missing character: There is no e (U+0065) in font nullfont!
Missing character: There is no s (U+0073) in font nullfont!
Missing character: There is no t (U+0074) in font nullfont!
Missing character: There is no o (U+006F) in font nullfont!
Missing character: There is no i (U+0069) in font nullfont!
Missing character: There is no m (U+006D) in font nullfont!
Missing character: There is no p (U+0070) in font nullfont!
Missing character: There is no l (U+006C) in font nullfont!
Missing character: There is no i (U+0069) in font nullfont!
Missing character: There is no c (U+0063) in font nullfont!
Missing character: There is no a (U+0061) in font nullfont!
Missing character: There is no q (U+0071) in font nullfont!
Missing character: There is no u (U+0075) in font nullfont!
Missing character: There is no e (U+0065) in font nullfont!

Overfull \hbox (42.72746pt too wide) in paragraph at lines 79--81
\OML/cmm/m/it/10 f[]\OT1/cmr/m/n/10 (\OML/cmm/m/it/10 E\OT1/cmr/m/n/10 ) =
 []


Overfull \hbox (7.95831pt too wide) in paragraph at lines 79--81
\OML/cmm/m/it/10 E$
 []

Missing character: There is no p (U+0070) in font nullfont!
Missing character: There is no a (U+0061) in font nullfont!
Missing character: There is no r (U+0072) in font nullfont!
Missing character: There is no a (U+0061) in font nullfont!
Missing character: There is no t (U+0074) in font nullfont!
Missing character: There is no o (U+006F) in font nullfont!
Missing character: There is no d (U+0064) in font nullfont!
Missing character: There is no o (U+006F) in font nullfont!

Overfull \hbox (14.13489pt too wide) in paragraph at lines 79--81
\OML/cmm/m/it/10 j \OMS/cmsy/m/n/10 2
 []


Overfull \hbox (15.79166pt too wide) in paragraph at lines 79--81
\OML/cmm/m/it/10 N \OMS/cmsy/m/n/10 [
 []

Missing character: There is no . (U+002E) in font nullfont!

Overfull \hbox (15.00005pt too wide) in paragraph at lines 79--81
\OMS/cmsy/m/n/10 f\OT1/cmr/m/n/10 0\OMS/cmsy/m/n/10 g$\nullfont . 
 []


! LaTeX Error: Environment align* undefined.

See the LaTeX manual or LaTeX Companion for explanation.
Type  H <return>  for immediate help.
 ...                                              
                                                  
l.83 	\begin{align*}
                    
Your command was ignored.
Type  I <command> <return>  to replace it with another command,
or  <return>  to continue without it.

! Missing $ inserted.
<inserted text> 
                $
l.84 		\lim
           _{n \to \infty} \frac{1}{n} \sum_{j=0}^{n-1} \mu(f^{-j}(E) \cap E...
I've inserted a begin-math/end-math symbol since I think
you left one out. Proceed, with fingers crossed.

! Misplaced alignment tab character &.
l.84 ...} \sum_{j=0}^{n-1} \mu(f^{-j}(E) \cap E) &
                                                  = \mu(E)\mu(E) \\
I can't figure out why you would want to use a tab mark
here. If you just want an ampersand, the remedy is
simple: Just type `I\&' now. But if some right brace
up above has ended a previous alignment prematurely,
you're probably due for more error messages, and you
might try typing `S' now just to see what is salvageable.

! Misplaced alignment tab character &.
l.85 ...rac{1}{n} \sum_{j=0}^{n-1} \mu(E \cap E) &
                                                  = (\mu(E))^2 \\
I can't figure out why you would want to use a tab mark
here. If you just want an ampersand, the remedy is
simple: Just type `I\&' now. But if some right brace
up above has ended a previous alignment prematurely,
you're probably due for more error messages, and you
might try typing `S' now just to see what is salvageable.

! Misplaced alignment tab character &.
l.86 ..._{n \to \infty} \frac{n \cdot \mu(E)}{n} &
                                                  = (\mu(E))^2 \implies \mu(...
I can't figure out why you would want to use a tab mark
here. If you just want an ampersand, the remedy is
simple: Just type `I\&' now. But if some right brace
up above has ended a previous alignment prematurely,
you're probably due for more error messages, and you
might try typing `S' now just to see what is salvageable.

! Undefined control sequence.
l.86 ...{n \cdot \mu(E)}{n} &= (\mu(E))^2 \implies
                                                   \mu(E) = (\mu(E))^2
The control sequence at the end of the top line
of your error message was never \def'ed. If you have
misspelled it (e.g., `\hobx'), type `I' and the correct
spelling (e.g., `I\hbox'). Otherwise just continue,
and I'll forget about whatever was undefined.


! LaTeX Error: \begin{document} ended by \end{align*}.

See the LaTeX manual or LaTeX Companion for explanation.
Type  H <return>  for immediate help.
 ...                                              
                                                  
l.87 	\end{align*}
                  
Your command was ignored.
Type  I <command> <return>  to replace it with another command,
or  <return>  to continue without it.

! Missing $ inserted.
<inserted text> 
                $
l.87 	\end{align*}
                  
I've inserted something that you may have forgotten.
(See the <inserted text> above.)
With luck, this will get me unwedged. But if you
really didn't forget anything, try typing `2' now; then
my insertion and my current dilemma will both disappear.

Missing character: There is no T (U+0054) in font nullfont!
Missing character: There is no o (U+006F) in font nullfont!
Missing character: There is no m (U+006D) in font nullfont!
Missing character: There is no a (U+0061) in font nullfont!
Missing character: There is no n (U+006E) in font nullfont!
Missing character: There is no d (U+0064) in font nullfont!
Missing character: There is no o (U+006F) in font nullfont!
Missing character: There is no T (U+0054) in font nullfont!
Missing character: There is no o (U+006F) in font nullfont!
Missing character: There is no m (U+006D) in font nullfont!
Missing character: There is no a (U+0061) in font nullfont!
Missing character: There is no n (U+006E) in font nullfont!
Missing character: There is no d (U+0064) in font nullfont!
Missing character: There is no o (U+006F) in font nullfont!
Missing character: There is no l (U+006C) in font nullfont!
Missing character: There is no a (U+0061) in font nullfont!
Missing character: There is no e (U+0065) in font nullfont!
Missing character: There is no l (U+006C) in font nullfont!
Missing character: There is no e (U+0065) in font nullfont!
Missing character: There is no c (U+0063) in font nullfont!
Missing character: There is no c (U+0063) in font nullfont!
Missing character: There is no i (U+0069) in font nullfont!
Missing character: There is no ó (U+00F3) in font nullfont!
Missing character: There is no n (U+006E) in font nullfont!
Missing character: There is no p (U+0070) in font nullfont!
Missing character: There is no a (U+0061) in font nullfont!
Missing character: There is no r (U+0072) in font nullfont!
Missing character: There is no t (U+0074) in font nullfont!
Missing character: There is no i (U+0069) in font nullfont!
Missing character: There is no c (U+0063) in font nullfont!
Missing character: There is no u (U+0075) in font nullfont!
Missing character: There is no l (U+006C) in font nullfont!
Missing character: There is no a (U+0061) in font nullfont!
Missing character: There is no r (U+0072) in font nullfont!
Missing character: There is no e (U+0065) in font nullfont!
Missing character: There is no n (U+006E) in font nullfont!
Missing character: There is no l (U+006C) in font nullfont!
Missing character: There is no a (U+0061) in font nullfont!
Missing character: There is no h (U+0068) in font nullfont!
Missing character: There is no i (U+0069) in font nullfont!
Missing character: There is no p (U+0070) in font nullfont!
Missing character: There is no ó (U+00F3) in font nullfont!
Missing character: There is no t (U+0074) in font nullfont!
Missing character: There is no e (U+0065) in font nullfont!
Missing character: There is no s (U+0073) in font nullfont!
Missing character: There is no i (U+0069) in font nullfont!
Missing character: There is no s (U+0073) in font nullfont!
Missing character: There is no : (U+003A) in font nullfont!
Missing character: There is no L (U+004C) in font nullfont!
Missing character: There is no a (U+0061) in font nullfont!
Missing character: There is no e (U+0065) in font nullfont!
Missing character: There is no c (U+0063) in font nullfont!
Missing character: There is no u (U+0075) in font nullfont!
Missing character: There is no a (U+0061) in font nullfont!
Missing character: There is no c (U+0063) in font nullfont!
Missing character: There is no i (U+0069) in font nullfont!
Missing character: There is no ó (U+00F3) in font nullfont!
Missing character: There is no n (U+006E) in font nullfont!
Missing character: There is no a (U+0061) in font nullfont!
Missing character: There is no l (U+006C) in font nullfont!
Missing character: There is no g (U+0067) in font nullfont!
Missing character: There is no e (U+0065) in font nullfont!
Missing character: There is no b (U+0062) in font nullfont!
Missing character: There is no r (U+0072) in font nullfont!
Missing character: There is no a (U+0061) in font nullfont!
Missing character: There is no i (U+0069) in font nullfont!
Missing character: There is no c (U+0063) in font nullfont!
Missing character: There is no a (U+0061) in font nullfont!
Missing character: There is no s (U+0073) in font nullfont!
Missing character: There is no e (U+0065) in font nullfont!
Missing character: There is no f (U+0066) in font nullfont!
Missing character: There is no a (U+0061) in font nullfont!
Missing character: There is no c (U+0063) in font nullfont!
Missing character: There is no t (U+0074) in font nullfont!
Missing character: There is no o (U+006F) in font nullfont!
Missing character: There is no r (U+0072) in font nullfont!
Missing character: There is no i (U+0069) in font nullfont!
Missing character: There is no z (U+007A) in font nullfont!
Missing character: There is no a (U+0061) in font nullfont!
Missing character: There is no c (U+0063) in font nullfont!
Missing character: There is no o (U+006F) in font nullfont!
Missing character: There is no m (U+006D) in font nullfont!
Missing character: There is no o (U+006F) in font nullfont!
Missing character: There is no , (U+002C) in font nullfont!
Missing character: There is no c (U+0063) in font nullfont!
Missing character: There is no u (U+0075) in font nullfont!
Missing character: There is no y (U+0079) in font nullfont!
Missing character: There is no a (U+0061) in font nullfont!
Missing character: There is no s (U+0073) in font nullfont!
Missing character: There is no ú (U+00FA) in font nullfont!
Missing character: There is no n (U+006E) in font nullfont!
Missing character: There is no i (U+0069) in font nullfont!
Missing character: There is no c (U+0063) in font nullfont!
Missing character: There is no a (U+0061) in font nullfont!
Missing character: There is no s (U+0073) in font nullfont!
Missing character: There is no s (U+0073) in font nullfont!
Missing character: There is no o (U+006F) in font nullfont!
Missing character: There is no l (U+006C) in font nullfont!
Missing character: There is no u (U+0075) in font nullfont!
Missing character: There is no c (U+0063) in font nullfont!
Missing character: There is no i (U+0069) in font nullfont!
Missing character: There is no o (U+006F) in font nullfont!
Missing character: There is no n (U+006E) in font nullfont!
Missing character: There is no e (U+0065) in font nullfont!
Missing character: There is no s (U+0073) in font nullfont!
Missing character: There is no r (U+0072) in font nullfont!
Missing character: There is no e (U+0065) in font nullfont!
Missing character: There is no a (U+0061) in font nullfont!
Missing character: There is no l (U+006C) in font nullfont!
Missing character: There is no e (U+0065) in font nullfont!
Missing character: There is no s (U+0073) in font nullfont!
Missing character: There is no p (U+0070) in font nullfont!
Missing character: There is no o (U+006F) in font nullfont!
Missing character: There is no s (U+0073) in font nullfont!
Missing character: There is no i (U+0069) in font nullfont!
Missing character: There is no b (U+0062) in font nullfont!
Missing character: There is no l (U+006C) in font nullfont!
Missing character: There is no e (U+0065) in font nullfont!
Missing character: There is no s (U+0073) in font nullfont!
Missing character: There is no s (U+0073) in font nullfont!
Missing character: There is no o (U+006F) in font nullfont!
Missing character: There is no n (U+006E) in font nullfont!
Missing character: There is no : (U+003A) in font nullfont!
Missing character: There is no T (U+0054) in font nullfont!
Missing character: There is no o (U+006F) in font nullfont!
Missing character: There is no m (U+006D) in font nullfont!
Missing character: There is no a (U+0061) in font nullfont!
Missing character: There is no n (U+006E) in font nullfont!
Missing character: There is no d (U+0064) in font nullfont!
Missing character: There is no o (U+006F) in font nullfont!

Overfull \hbox (20.0pt too wide) in paragraph at lines 82--89
[]Tomando
 []

Missing character: There is no l (U+006C) in font nullfont!
Missing character: There is no a (U+0061) in font nullfont!
Missing character: There is no e (U+0065) in font nullfont!
Missing character: There is no l (U+006C) in font nullfont!
Missing character: There is no e (U+0065) in font nullfont!
Missing character: There is no c (U+0063) in font nullfont!
Missing character: There is no c (U+0063) in font nullfont!
Missing character: There is no i (U+0069) in font nullfont!
Missing character: There is no ó (U+00F3) in font nullfont!
Missing character: There is no n (U+006E) in font nullfont!
Missing character: There is no p (U+0070) in font nullfont!
Missing character: There is no a (U+0061) in font nullfont!
Missing character: There is no r (U+0072) in font nullfont!
Missing character: There is no t (U+0074) in font nullfont!
Missing character: There is no i (U+0069) in font nullfont!
Missing character: There is no c (U+0063) in font nullfont!
Missing character: There is no u (U+0075) in font nullfont!
Missing character: There is no l (U+006C) in font nullfont!
Missing character: There is no a (U+0061) in font nullfont!
Missing character: There is no r (U+0072) in font nullfont!

Overfull \hbox (18.05553pt too wide) in paragraph at lines 82--89
\OML/cmm/m/it/10 A \OT1/cmr/m/n/10 =
 []


Overfull \hbox (18.64232pt too wide) in paragraph at lines 82--89
\OML/cmm/m/it/10 B \OT1/cmr/m/n/10 =
 []


Overfull \hbox (7.95831pt too wide) in paragraph at lines 82--89
\OML/cmm/m/it/10 E$
 []

Missing character: There is no e (U+0065) in font nullfont!
Missing character: There is no n (U+006E) in font nullfont!
Missing character: There is no l (U+006C) in font nullfont!
Missing character: There is no a (U+0061) in font nullfont!
Missing character: There is no h (U+0068) in font nullfont!
Missing character: There is no i (U+0069) in font nullfont!
Missing character: There is no p (U+0070) in font nullfont!
Missing character: There is no ó (U+00F3) in font nullfont!
Missing character: There is no t (U+0074) in font nullfont!
Missing character: There is no e (U+0065) in font nullfont!
Missing character: There is no s (U+0073) in font nullfont!
Missing character: There is no i (U+0069) in font nullfont!
Missing character: There is no s (U+0073) in font nullfont!
Missing character: There is no : (U+003A) in font nullfont!

Overfull \hbox (8.18056pt too wide) in paragraph at lines 82--89
\OML/cmm/m/it/10 b\OT1/cmr/m/n/10 )$\nullfont :
 []


Overfull \hbox (122.60803pt too wide) in paragraph at lines 82--89
[][] [] [][] \OML/cmm/m/it/10 \OT1/cmr/m/n/10 (\OML/cmm/m/it/10 f[]\OT1/cmr/m/
n/10 (\OML/cmm/m/it/10 E\OT1/cmr/m/n/10 ) \OMS/cmsy/m/n/10 \
 []


Overfull \hbox (22.40273pt too wide) in paragraph at lines 82--89
\OML/cmm/m/it/10 E\OT1/cmr/m/n/10 ) =
 []


Overfull \hbox (43.5232pt too wide) in paragraph at lines 82--89
\OML/cmm/m/it/10 \OT1/cmr/m/n/10 (\OML/cmm/m/it/10 E\OT1/cmr/m/n/10 )\OML/cmm/
m/it/10 \OT1/cmr/m/n/10 (\OML/cmm/m/it/10 E\OT1/cmr/m/n/10 )[] 
 []


Overfull \hbox (16.11119pt too wide) in paragraph at lines 82--89
[][]\OMS/cmsy/m/n/10 )
 []


Overfull \hbox (98.3944pt too wide) in paragraph at lines 82--89
[][] [] [][] \OML/cmm/m/it/10 \OT1/cmr/m/n/10 (\OML/cmm/m/it/10 E \OMS/cmsy/m/
n/10 \
 []


Overfull \hbox (22.40273pt too wide) in paragraph at lines 82--89
\OML/cmm/m/it/10 E\OT1/cmr/m/n/10 ) =
 []


Overfull \hbox (34.02553pt too wide) in paragraph at lines 82--89
\OT1/cmr/m/n/10 (\OML/cmm/m/it/10 \OT1/cmr/m/n/10 (\OML/cmm/m/it/10 E\OT1/cmr/
m/n/10 ))[][] 
 []


Overfull \hbox (16.11119pt too wide) in paragraph at lines 82--89
[][]\OMS/cmsy/m/n/10 )
 []


Overfull \hbox (74.58513pt too wide) in paragraph at lines 82--89
[][] [] \OT1/cmr/m/n/10 =
 []


Overfull \hbox (66.34264pt too wide) in paragraph at lines 82--89
\OT1/cmr/m/n/10 (\OML/cmm/m/it/10 \OT1/cmr/m/n/10 (\OML/cmm/m/it/10 E\OT1/cmr/
m/n/10 ))[]\OML/cmm/m/it/10 \OT1/cmr/m/n/10 (\OML/cmm/m/it/10 E\OT1/cmr/m/n/10
 ) =
 []


Overfull \hbox (34.02553pt too wide) in paragraph at lines 82--89
\OT1/cmr/m/n/10 (\OML/cmm/m/it/10 \OT1/cmr/m/n/10 (\OML/cmm/m/it/10 E\OT1/cmr/
m/n/10 ))[]$
 []

Missing character: There is no L (U+004C) in font nullfont!
Missing character: There is no a (U+0061) in font nullfont!
Missing character: There is no e (U+0065) in font nullfont!
Missing character: There is no c (U+0063) in font nullfont!
Missing character: There is no u (U+0075) in font nullfont!
Missing character: There is no a (U+0061) in font nullfont!
Missing character: There is no c (U+0063) in font nullfont!
Missing character: There is no i (U+0069) in font nullfont!
Missing character: There is no ó (U+00F3) in font nullfont!
Missing character: There is no n (U+006E) in font nullfont!
Missing character: There is no a (U+0061) in font nullfont!
Missing character: There is no l (U+006C) in font nullfont!
Missing character: There is no g (U+0067) in font nullfont!
Missing character: There is no e (U+0065) in font nullfont!
Missing character: There is no b (U+0062) in font nullfont!
Missing character: There is no r (U+0072) in font nullfont!
Missing character: There is no a (U+0061) in font nullfont!
Missing character: There is no i (U+0069) in font nullfont!
Missing character: There is no c (U+0063) in font nullfont!
Missing character: There is no a (U+0061) in font nullfont!

Overfull \hbox (29.5394pt too wide) in paragraph at lines 82--89
\OML/cmm/m/it/10 \OT1/cmr/m/n/10 (\OML/cmm/m/it/10 E\OT1/cmr/m/n/10 ) \OMS/cms
y/m/n/10 ^^@
 []


Overfull \hbox (44.58104pt too wide) in paragraph at lines 82--89
\OT1/cmr/m/n/10 (\OML/cmm/m/it/10 \OT1/cmr/m/n/10 (\OML/cmm/m/it/10 E\OT1/cmr/
m/n/10 ))[] =
 []


Overfull \hbox (5.00002pt too wide) in paragraph at lines 82--89
\OT1/cmr/m/n/10 0$
 []

Missing character: There is no s (U+0073) in font nullfont!
Missing character: There is no e (U+0065) in font nullfont!
Missing character: There is no f (U+0066) in font nullfont!
Missing character: There is no a (U+0061) in font nullfont!
Missing character: There is no c (U+0063) in font nullfont!
Missing character: There is no t (U+0074) in font nullfont!
Missing character: There is no o (U+006F) in font nullfont!
Missing character: There is no r (U+0072) in font nullfont!
Missing character: There is no i (U+0069) in font nullfont!
Missing character: There is no z (U+007A) in font nullfont!
Missing character: There is no a (U+0061) in font nullfont!
Missing character: There is no c (U+0063) in font nullfont!
Missing character: There is no o (U+006F) in font nullfont!
Missing character: There is no m (U+006D) in font nullfont!
Missing character: There is no o (U+006F) in font nullfont!

Overfull \hbox (38.42831pt too wide) in paragraph at lines 82--89
\OML/cmm/m/it/10 \OT1/cmr/m/n/10 (\OML/cmm/m/it/10 E\OT1/cmr/m/n/10 )(1 \OMS/c
msy/m/n/10 ^^@
 []


Overfull \hbox (36.20601pt too wide) in paragraph at lines 82--89
\OML/cmm/m/it/10 \OT1/cmr/m/n/10 (\OML/cmm/m/it/10 E\OT1/cmr/m/n/10 )) =
 []

Missing character: There is no , (U+002C) in font nullfont!

Overfull \hbox (5.00002pt too wide) in paragraph at lines 82--89
\OT1/cmr/m/n/10 0$\nullfont ,
 []

Missing character: There is no c (U+0063) in font nullfont!
Missing character: There is no u (U+0075) in font nullfont!
Missing character: There is no y (U+0079) in font nullfont!
Missing character: There is no a (U+0061) in font nullfont!
Missing character: There is no s (U+0073) in font nullfont!
Missing character: There is no ú (U+00FA) in font nullfont!
Missing character: There is no n (U+006E) in font nullfont!
Missing character: There is no i (U+0069) in font nullfont!
Missing character: There is no c (U+0063) in font nullfont!
Missing character: There is no a (U+0061) in font nullfont!
Missing character: There is no s (U+0073) in font nullfont!
Missing character: There is no s (U+0073) in font nullfont!
Missing character: There is no o (U+006F) in font nullfont!
Missing character: There is no l (U+006C) in font nullfont!
Missing character: There is no u (U+0075) in font nullfont!
Missing character: There is no c (U+0063) in font nullfont!
Missing character: There is no i (U+0069) in font nullfont!
Missing character: There is no o (U+006F) in font nullfont!
Missing character: There is no n (U+006E) in font nullfont!
Missing character: There is no e (U+0065) in font nullfont!
Missing character: There is no s (U+0073) in font nullfont!
Missing character: There is no r (U+0072) in font nullfont!
Missing character: There is no e (U+0065) in font nullfont!
Missing character: There is no a (U+0061) in font nullfont!
Missing character: There is no l (U+006C) in font nullfont!
Missing character: There is no e (U+0065) in font nullfont!
Missing character: There is no s (U+0073) in font nullfont!
Missing character: There is no p (U+0070) in font nullfont!
Missing character: There is no o (U+006F) in font nullfont!
Missing character: There is no s (U+0073) in font nullfont!
Missing character: There is no i (U+0069) in font nullfont!
Missing character: There is no b (U+0062) in font nullfont!
Missing character: There is no l (U+006C) in font nullfont!
Missing character: There is no e (U+0065) in font nullfont!
Missing character: There is no s (U+0073) in font nullfont!
Missing character: There is no s (U+0073) in font nullfont!
Missing character: There is no o (U+006F) in font nullfont!
Missing character: There is no n (U+006E) in font nullfont!
Missing character: There is no : (U+003A) in font nullfont!
! Undefined control sequence.
l.89 	$$ \mu(E) = 0 \quad \text
                               {o} \quad \mu(E) = 1 $$
The control sequence at the end of the top line
of your error message was never \def'ed. If you have
misspelled it (e.g., `\hobx'), type `I' and the correct
spelling (e.g., `I\hbox'). Otherwise just continue,
and I'll forget about whatever was undefined.


Overfull \hbox (85.0369pt too wide) detected at line 89
\OML/cmm/m/it/10 \OT1/cmr/m/n/10 (\OML/cmm/m/it/10 E\OT1/cmr/m/n/10 ) = 0\OML/
cmm/m/it/10 o\OT1/cmr/m/n/10 (\OML/cmm/m/it/10 E\OT1/cmr/m/n/10 ) = 1
 []

Missing character: There is no P (U+0050) in font nullfont!
Missing character: There is no o (U+006F) in font nullfont!
Missing character: There is no r (U+0072) in font nullfont!
Missing character: There is no l (U+006C) in font nullfont!
Missing character: There is no o (U+006F) in font nullfont!
Missing character: There is no t (U+0074) in font nullfont!
Missing character: There is no a (U+0061) in font nullfont!
Missing character: There is no n (U+006E) in font nullfont!
Missing character: There is no t (U+0074) in font nullfont!
Missing character: There is no o (U+006F) in font nullfont!
Missing character: There is no , (U+002C) in font nullfont!
Missing character: There is no t (U+0074) in font nullfont!
Missing character: There is no o (U+006F) in font nullfont!
Missing character: There is no d (U+0064) in font nullfont!
Missing character: There is no o (U+006F) in font nullfont!
Missing character: There is no c (U+0063) in font nullfont!
Missing character: There is no o (U+006F) in font nullfont!
Missing character: There is no n (U+006E) in font nullfont!
Missing character: There is no j (U+006A) in font nullfont!
Missing character: There is no u (U+0075) in font nullfont!
Missing character: There is no n (U+006E) in font nullfont!
Missing character: There is no t (U+0074) in font nullfont!
Missing character: There is no o (U+006F) in font nullfont!
Missing character: There is no i (U+0069) in font nullfont!
Missing character: There is no n (U+006E) in font nullfont!
Missing character: There is no v (U+0076) in font nullfont!
Missing character: There is no a (U+0061) in font nullfont!
Missing character: There is no r (U+0072) in font nullfont!
Missing character: There is no i (U+0069) in font nullfont!
Missing character: There is no a (U+0061) in font nullfont!
Missing character: There is no n (U+006E) in font nullfont!
Missing character: There is no t (U+0074) in font nullfont!
Missing character: There is no e (U+0065) in font nullfont!
Missing character: There is no e (U+0065) in font nullfont!
Missing character: There is no s (U+0073) in font nullfont!
Missing character: There is no t (U+0074) in font nullfont!
Missing character: There is no r (U+0072) in font nullfont!
Missing character: There is no i (U+0069) in font nullfont!
Missing character: There is no v (U+0076) in font nullfont!
Missing character: There is no i (U+0069) in font nullfont!
Missing character: There is no a (U+0061) in font nullfont!
Missing character: There is no l (U+006C) in font nullfont!
Missing character: There is no e (U+0065) in font nullfont!
Missing character: There is no n (U+006E) in font nullfont!
Missing character: There is no m (U+006D) in font nullfont!
Missing character: There is no e (U+0065) in font nullfont!
Missing character: There is no d (U+0064) in font nullfont!
Missing character: There is no i (U+0069) in font nullfont!
Missing character: There is no d (U+0064) in font nullfont!
Missing character: There is no a (U+0061) in font nullfont!
Missing character: There is no , (U+002C) in font nullfont!
Missing character: There is no p (U+0070) in font nullfont!
Missing character: There is no r (U+0072) in font nullfont!
Missing character: There is no o (U+006F) in font nullfont!
Missing character: There is no b (U+0062) in font nullfont!
Missing character: There is no a (U+0061) in font nullfont!
Missing character: There is no n (U+006E) in font nullfont!
Missing character: There is no d (U+0064) in font nullfont!
Missing character: There is no o (U+006F) in font nullfont!
Missing character: There is no q (U+0071) in font nullfont!
Missing character: There is no u (U+0075) in font nullfont!
Missing character: There is no e (U+0065) in font nullfont!
Missing character: There is no P (U+0050) in font nullfont!
Missing character: There is no o (U+006F) in font nullfont!
Missing character: There is no r (U+0072) in font nullfont!
Missing character: There is no l (U+006C) in font nullfont!
Missing character: There is no o (U+006F) in font nullfont!
Missing character: There is no t (U+0074) in font nullfont!
Missing character: There is no a (U+0061) in font nullfont!
Missing character: There is no n (U+006E) in font nullfont!
Missing character: There is no t (U+0074) in font nullfont!
Missing character: There is no o (U+006F) in font nullfont!
Missing character: There is no , (U+002C) in font nullfont!
Missing character: There is no t (U+0074) in font nullfont!
Missing character: There is no o (U+006F) in font nullfont!
Missing character: There is no d (U+0064) in font nullfont!
Missing character: There is no o (U+006F) in font nullfont!
Missing character: There is no c (U+0063) in font nullfont!
Missing character: There is no o (U+006F) in font nullfont!
Missing character: There is no n (U+006E) in font nullfont!
Missing character: There is no j (U+006A) in font nullfont!
Missing character: There is no u (U+0075) in font nullfont!
Missing character: There is no n (U+006E) in font nullfont!
Missing character: There is no t (U+0074) in font nullfont!
Missing character: There is no o (U+006F) in font nullfont!
Missing character: There is no i (U+0069) in font nullfont!
Missing character: There is no n (U+006E) in font nullfont!
Missing character: There is no v (U+0076) in font nullfont!
Missing character: There is no a (U+0061) in font nullfont!
Missing character: There is no r (U+0072) in font nullfont!
Missing character: There is no i (U+0069) in font nullfont!
Missing character: There is no a (U+0061) in font nullfont!
Missing character: There is no n (U+006E) in font nullfont!
Missing character: There is no t (U+0074) in font nullfont!
Missing character: There is no e (U+0065) in font nullfont!
Missing character: There is no e (U+0065) in font nullfont!
Missing character: There is no s (U+0073) in font nullfont!
Missing character: There is no t (U+0074) in font nullfont!
Missing character: There is no r (U+0072) in font nullfont!
Missing character: There is no i (U+0069) in font nullfont!
Missing character: There is no v (U+0076) in font nullfont!
Missing character: There is no i (U+0069) in font nullfont!
Missing character: There is no a (U+0061) in font nullfont!
Missing character: There is no l (U+006C) in font nullfont!
Missing character: There is no e (U+0065) in font nullfont!
Missing character: There is no n (U+006E) in font nullfont!
Missing character: There is no m (U+006D) in font nullfont!
Missing character: There is no e (U+0065) in font nullfont!
Missing character: There is no d (U+0064) in font nullfont!
Missing character: There is no i (U+0069) in font nullfont!
Missing character: There is no d (U+0064) in font nullfont!
Missing character: There is no a (U+0061) in font nullfont!
Missing character: There is no , (U+002C) in font nullfont!
Missing character: There is no p (U+0070) in font nullfont!
Missing character: There is no r (U+0072) in font nullfont!
Missing character: There is no o (U+006F) in font nullfont!
Missing character: There is no b (U+0062) in font nullfont!
Missing character: There is no a (U+0061) in font nullfont!
Missing character: There is no n (U+006E) in font nullfont!
Missing character: There is no d (U+0064) in font nullfont!
Missing character: There is no o (U+006F) in font nullfont!
Missing character: There is no q (U+0071) in font nullfont!
Missing character: There is no u (U+0075) in font nullfont!
Missing character: There is no e (U+0065) in font nullfont!
Missing character: There is no e (U+0065) in font nullfont!
Missing character: There is no s (U+0073) in font nullfont!
Missing character: There is no e (U+0065) in font nullfont!
Missing character: There is no r (U+0072) in font nullfont!
Missing character: There is no g (U+0067) in font nullfont!
Missing character: There is no ó (U+00F3) in font nullfont!
Missing character: There is no d (U+0064) in font nullfont!
Missing character: There is no i (U+0069) in font nullfont!
Missing character: There is no c (U+0063) in font nullfont!
Missing character: There is no a (U+0061) in font nullfont!
Missing character: There is no r (U+0072) in font nullfont!
Missing character: There is no e (U+0065) in font nullfont!
Missing character: There is no s (U+0073) in font nullfont!
Missing character: There is no p (U+0070) in font nullfont!
Missing character: There is no e (U+0065) in font nullfont!
Missing character: There is no c (U+0063) in font nullfont!
Missing character: There is no t (U+0074) in font nullfont!
Missing character: There is no o (U+006F) in font nullfont!
Missing character: There is no a (U+0061) in font nullfont!
Missing character: There is no . (U+002E) in font nullfont!
Missing character: There is no P (U+0050) in font nullfont!
Missing character: There is no o (U+006F) in font nullfont!
Missing character: There is no r (U+0072) in font nullfont!
Missing character: There is no l (U+006C) in font nullfont!
Missing character: There is no o (U+006F) in font nullfont!
Missing character: There is no t (U+0074) in font nullfont!
Missing character: There is no a (U+0061) in font nullfont!
Missing character: There is no n (U+006E) in font nullfont!
Missing character: There is no t (U+0074) in font nullfont!
Missing character: There is no o (U+006F) in font nullfont!
Missing character: There is no , (U+002C) in font nullfont!
Missing character: There is no t (U+0074) in font nullfont!
Missing character: There is no o (U+006F) in font nullfont!
Missing character: There is no d (U+0064) in font nullfont!
Missing character: There is no o (U+006F) in font nullfont!
Missing character: There is no c (U+0063) in font nullfont!
Missing character: There is no o (U+006F) in font nullfont!
Missing character: There is no n (U+006E) in font nullfont!
Missing character: There is no j (U+006A) in font nullfont!
Missing character: There is no u (U+0075) in font nullfont!
Missing character: There is no n (U+006E) in font nullfont!
Missing character: There is no t (U+0074) in font nullfont!
Missing character: There is no o (U+006F) in font nullfont!
Missing character: There is no i (U+0069) in font nullfont!
Missing character: There is no n (U+006E) in font nullfont!
Missing character: There is no v (U+0076) in font nullfont!
Missing character: There is no a (U+0061) in font nullfont!
Missing character: There is no r (U+0072) in font nullfont!
Missing character: There is no i (U+0069) in font nullfont!
Missing character: There is no a (U+0061) in font nullfont!
Missing character: There is no n (U+006E) in font nullfont!
Missing character: There is no t (U+0074) in font nullfont!
Missing character: There is no e (U+0065) in font nullfont!
Missing character: There is no e (U+0065) in font nullfont!
Missing character: There is no s (U+0073) in font nullfont!
Missing character: There is no t (U+0074) in font nullfont!
Missing character: There is no r (U+0072) in font nullfont!
Missing character: There is no i (U+0069) in font nullfont!
Missing character: There is no v (U+0076) in font nullfont!
Missing character: There is no i (U+0069) in font nullfont!
Missing character: There is no a (U+0061) in font nullfont!
Missing character: There is no l (U+006C) in font nullfont!
Missing character: There is no e (U+0065) in font nullfont!
Missing character: There is no n (U+006E) in font nullfont!
Missing character: There is no m (U+006D) in font nullfont!
Missing character: There is no e (U+0065) in font nullfont!
Missing character: There is no d (U+0064) in font nullfont!
Missing character: There is no i (U+0069) in font nullfont!
Missing character: There is no d (U+0064) in font nullfont!
Missing character: There is no a (U+0061) in font nullfont!
Missing character: There is no , (U+002C) in font nullfont!
Missing character: There is no p (U+0070) in font nullfont!
Missing character: There is no r (U+0072) in font nullfont!
Missing character: There is no o (U+006F) in font nullfont!
Missing character: There is no b (U+0062) in font nullfont!
Missing character: There is no a (U+0061) in font nullfont!
Missing character: There is no n (U+006E) in font nullfont!
Missing character: There is no d (U+0064) in font nullfont!
Missing character: There is no o (U+006F) in font nullfont!
Missing character: There is no q (U+0071) in font nullfont!
Missing character: There is no u (U+0075) in font nullfont!
Missing character: There is no e (U+0065) in font nullfont!

Overfull \hbox (6.02548pt too wide) in paragraph at lines 89--91
\OML/cmm/m/it/10 $
 []

Missing character: There is no e (U+0065) in font nullfont!
Missing character: There is no s (U+0073) in font nullfont!
Missing character: There is no e (U+0065) in font nullfont!
Missing character: There is no r (U+0072) in font nullfont!
Missing character: There is no g (U+0067) in font nullfont!
Missing character: There is no ó (U+00F3) in font nullfont!
Missing character: There is no d (U+0064) in font nullfont!
Missing character: There is no i (U+0069) in font nullfont!
Missing character: There is no c (U+0063) in font nullfont!
Missing character: There is no a (U+0061) in font nullfont!
Missing character: There is no r (U+0072) in font nullfont!
Missing character: There is no e (U+0065) in font nullfont!
Missing character: There is no s (U+0073) in font nullfont!
Missing character: There is no p (U+0070) in font nullfont!
Missing character: There is no e (U+0065) in font nullfont!
Missing character: There is no c (U+0063) in font nullfont!
Missing character: There is no t (U+0074) in font nullfont!
Missing character: There is no o (U+006F) in font nullfont!
Missing character: There is no a (U+0061) in font nullfont!
Missing character: There is no . (U+002E) in font nullfont!

Overfull \hbox (5.97226pt too wide) in paragraph at lines 89--91
\OML/cmm/m/it/10 f$\nullfont . 
 []

! Undefined control sequence.
<argument> $a) \implies 
                        c)$:
l.92 	\textbf{$a) \implies c)$:}
                                
The control sequence at the end of the top line
of your error message was never \def'ed. If you have
misspelled it (e.g., `\hobx'), type `I' and the correct
spelling (e.g., `I\hbox'). Otherwise just continue,
and I'll forget about whatever was undefined.

Missing character: There is no S (U+0053) in font nullfont!
Missing character: There is no e (U+0065) in font nullfont!
Missing character: There is no a (U+0061) in font nullfont!
Missing character: There is no n (U+006E) in font nullfont!
Missing character: There is no y (U+0079) in font nullfont!
Missing character: There is no ( (U+0028) in font nullfont!
Missing character: There is no l (U+006C) in font nullfont!
Missing character: There is no a (U+0061) in font nullfont!
Missing character: There is no s (U+0073) in font nullfont!
Missing character: There is no i (U+0069) in font nullfont!
Missing character: There is no n (U+006E) in font nullfont!
Missing character: There is no c (U+0063) in font nullfont!
Missing character: There is no l (U+006C) in font nullfont!
Missing character: There is no u (U+0075) in font nullfont!
Missing character: There is no s (U+0073) in font nullfont!
Missing character: There is no i (U+0069) in font nullfont!
Missing character: There is no o (U+006F) in font nullfont!
Missing character: There is no n (U+006E) in font nullfont!
Missing character: There is no e (U+0065) in font nullfont!
Missing character: There is no s (U+0073) in font nullfont!
Missing character: There is no e (U+0065) in font nullfont!
Missing character: There is no n (U+006E) in font nullfont!
Missing character: There is no s (U+0073) in font nullfont!
Missing character: There is no o (U+006F) in font nullfont!
Missing character: There is no n (U+006E) in font nullfont!
Missing character: There is no g (U+0067) in font nullfont!
Missing character: There is no a (U+0061) in font nullfont!
Missing character: There is no r (U+0072) in font nullfont!
Missing character: There is no a (U+0061) in font nullfont!
Missing character: There is no n (U+006E) in font nullfont!
Missing character: There is no t (U+0074) in font nullfont!
Missing character: There is no i (U+0069) in font nullfont!
Missing character: There is no z (U+007A) in font nullfont!
Missing character: There is no a (U+0061) in font nullfont!
Missing character: There is no d (U+0064) in font nullfont!
Missing character: There is no a (U+0061) in font nullfont!
Missing character: There is no s (U+0073) in font nullfont!
Missing character: There is no p (U+0070) in font nullfont!
Missing character: There is no o (U+006F) in font nullfont!
Missing character: There is no r (U+0072) in font nullfont!
Missing character: There is no q (U+0071) in font nullfont!
Missing character: There is no u (U+0075) in font nullfont!
Missing character: There is no e (U+0065) in font nullfont!
Missing character: There is no ) (U+0029) in font nullfont!
Missing character: There is no . (U+002E) in font nullfont!

Overfull \hbox (40.58125pt too wide) in paragraph at lines 92--94
[]$\OML/cmm/m/it/10 a\OT1/cmr/m/n/10 )\OML/cmm/m/it/10 c\OT1/cmr/m/n/10 )$\TU/l
mr/bx/n/10 :
 []

Missing character: There is no S (U+0053) in font nullfont!
Missing character: There is no e (U+0065) in font nullfont!
Missing character: There is no a (U+0061) in font nullfont!
Missing character: There is no n (U+006E) in font nullfont!

Overfull \hbox (15.98607pt too wide) in paragraph at lines 92--94
\OML/cmm/m/it/10 ' \OMS/cmsy/m/n/10 2
 []


Overfull \hbox (61.87552pt too wide) in paragraph at lines 92--94
\OMS/cmsy/m/n/10 L[]\OT1/cmr/m/n/10 (\OML/cmm/m/it/10 M; \OMS/cmsy/m/n/10 B\OML
/cmm/m/it/10 ; \OT1/cmr/m/n/10 ) \OMS/cmsy/m/n/10 
 []


Overfull \hbox (51.18379pt too wide) in paragraph at lines 92--94
\OMS/cmsy/m/n/10 L[]\OT1/cmr/m/n/10 (\OML/cmm/m/it/10 M; \OMS/cmsy/m/n/10 B\OML
/cmm/m/it/10 ; \OT1/cmr/m/n/10 )$
 []

Missing character: There is no y (U+0079) in font nullfont!

Overfull \hbox (16.3171pt too wide) in paragraph at lines 92--94
\OML/cmm/m/it/10   \OMS/cmsy/m/n/10 2
 []


Overfull \hbox (61.66951pt too wide) in paragraph at lines 92--94
\OMS/cmsy/m/n/10 L[]\OT1/cmr/m/n/10 (\OML/cmm/m/it/10 M; \OMS/cmsy/m/n/10 B\OML
/cmm/m/it/10 ; \OT1/cmr/m/n/10 ) \OMS/cmsy/m/n/10 
 []


Overfull \hbox (51.18379pt too wide) in paragraph at lines 92--94
\OMS/cmsy/m/n/10 L[]\OT1/cmr/m/n/10 (\OML/cmm/m/it/10 M; \OMS/cmsy/m/n/10 B\OML
/cmm/m/it/10 ; \OT1/cmr/m/n/10 )$
 []

Missing character: There is no ( (U+0028) in font nullfont!
Missing character: There is no l (U+006C) in font nullfont!
Missing character: There is no a (U+0061) in font nullfont!
Missing character: There is no s (U+0073) in font nullfont!
Missing character: There is no i (U+0069) in font nullfont!
Missing character: There is no n (U+006E) in font nullfont!
Missing character: There is no c (U+0063) in font nullfont!
Missing character: There is no l (U+006C) in font nullfont!
Missing character: There is no u (U+0075) in font nullfont!
Missing character: There is no s (U+0073) in font nullfont!
Missing character: There is no i (U+0069) in font nullfont!
Missing character: There is no o (U+006F) in font nullfont!
Missing character: There is no n (U+006E) in font nullfont!
Missing character: There is no e (U+0065) in font nullfont!
Missing character: There is no s (U+0073) in font nullfont!
Missing character: There is no e (U+0065) in font nullfont!
Missing character: There is no n (U+006E) in font nullfont!

Overfull \hbox (11.38338pt too wide) in paragraph at lines 92--94
\OMS/cmsy/m/n/10 L[]$
 []

Missing character: There is no s (U+0073) in font nullfont!
Missing character: There is no o (U+006F) in font nullfont!
Missing character: There is no n (U+006E) in font nullfont!
Missing character: There is no g (U+0067) in font nullfont!
Missing character: There is no a (U+0061) in font nullfont!
Missing character: There is no r (U+0072) in font nullfont!
Missing character: There is no a (U+0061) in font nullfont!
Missing character: There is no n (U+006E) in font nullfont!
Missing character: There is no t (U+0074) in font nullfont!
Missing character: There is no i (U+0069) in font nullfont!
Missing character: There is no z (U+007A) in font nullfont!
Missing character: There is no a (U+0061) in font nullfont!
Missing character: There is no d (U+0064) in font nullfont!
Missing character: There is no a (U+0061) in font nullfont!
Missing character: There is no s (U+0073) in font nullfont!
Missing character: There is no p (U+0070) in font nullfont!
Missing character: There is no o (U+006F) in font nullfont!
Missing character: There is no r (U+0072) in font nullfont!
Missing character: There is no q (U+0071) in font nullfont!
Missing character: There is no u (U+0075) in font nullfont!
Missing character: There is no e (U+0065) in font nullfont!

Overfull \hbox (35.15045pt too wide) in paragraph at lines 92--94
\OML/cmm/m/it/10 \OT1/cmr/m/n/10 (\OML/cmm/m/it/10 M\OT1/cmr/m/n/10 ) =
 []


Overfull \hbox (15.55553pt too wide) in paragraph at lines 92--94
\OT1/cmr/m/n/10 1 \OML/cmm/m/it/10 <
 []

Missing character: There is no ) (U+0029) in font nullfont!
Missing character: There is no . (U+002E) in font nullfont!

Overfull \hbox (10.00002pt too wide) in paragraph at lines 92--94
\OMS/cmsy/m/n/10 1$\nullfont ). 
 []

Missing character: There is no C (U+0043) in font nullfont!
Missing character: There is no o (U+006F) in font nullfont!
Missing character: There is no m (U+006D) in font nullfont!
Missing character: There is no o (U+006F) in font nullfont!
Missing character: There is no C (U+0043) in font nullfont!
Missing character: There is no o (U+006F) in font nullfont!
Missing character: There is no m (U+006D) in font nullfont!
Missing character: There is no o (U+006F) in font nullfont!
Missing character: There is no p (U+0070) in font nullfont!
Missing character: There is no o (U+006F) in font nullfont!
Missing character: There is no r (U+0072) in font nullfont!
Missing character: There is no h (U+0068) in font nullfont!
Missing character: There is no i (U+0069) in font nullfont!
Missing character: There is no p (U+0070) in font nullfont!
Missing character: There is no ó (U+00F3) in font nullfont!
Missing character: There is no t (U+0074) in font nullfont!
Missing character: There is no e (U+0065) in font nullfont!
Missing character: There is no s (U+0073) in font nullfont!
Missing character: There is no i (U+0069) in font nullfont!
Missing character: There is no s (U+0073) in font nullfont!
Missing character: There is no l (U+006C) in font nullfont!
Missing character: There is no a (U+0061) in font nullfont!
Missing character: There is no m (U+006D) in font nullfont!
Missing character: There is no e (U+0065) in font nullfont!
Missing character: There is no d (U+0064) in font nullfont!
Missing character: There is no i (U+0069) in font nullfont!
Missing character: There is no d (U+0064) in font nullfont!
Missing character: There is no a (U+0061) in font nullfont!
Missing character: There is no e (U+0065) in font nullfont!
Missing character: There is no s (U+0073) in font nullfont!
Missing character: There is no e (U+0065) in font nullfont!
Missing character: There is no r (U+0072) in font nullfont!
Missing character: There is no g (U+0067) in font nullfont!
Missing character: There is no ó (U+00F3) in font nullfont!
Missing character: There is no d (U+0064) in font nullfont!
Missing character: There is no i (U+0069) in font nullfont!
Missing character: There is no c (U+0063) in font nullfont!
Missing character: There is no a (U+0061) in font nullfont!
Missing character: There is no r (U+0072) in font nullfont!
Missing character: There is no e (U+0065) in font nullfont!
Missing character: There is no s (U+0073) in font nullfont!
Missing character: There is no p (U+0070) in font nullfont!
Missing character: There is no e (U+0065) in font nullfont!
Missing character: There is no c (U+0063) in font nullfont!
Missing character: There is no t (U+0074) in font nullfont!
Missing character: There is no o (U+006F) in font nullfont!
Missing character: There is no a (U+0061) in font nullfont!
Missing character: There is no , (U+002C) in font nullfont!
Missing character: There is no e (U+0065) in font nullfont!
Missing character: There is no l (U+006C) in font nullfont!
Missing character: There is no T (U+0054) in font nullfont!
Missing character: There is no e (U+0065) in font nullfont!
Missing character: There is no o (U+006F) in font nullfont!
Missing character: There is no r (U+0072) in font nullfont!
Missing character: There is no e (U+0065) in font nullfont!
Missing character: There is no m (U+006D) in font nullfont!
Missing character: There is no a (U+0061) in font nullfont!
Missing character: There is no E (U+0045) in font nullfont!
Missing character: There is no r (U+0072) in font nullfont!
Missing character: There is no g (U+0067) in font nullfont!
Missing character: There is no ó (U+00F3) in font nullfont!
Missing character: There is no d (U+0064) in font nullfont!
Missing character: There is no i (U+0069) in font nullfont!
Missing character: There is no c (U+0063) in font nullfont!
Missing character: There is no o (U+006F) in font nullfont!
Missing character: There is no d (U+0064) in font nullfont!
Missing character: There is no e (U+0065) in font nullfont!
Missing character: There is no B (U+0042) in font nullfont!
Missing character: There is no i (U+0069) in font nullfont!
Missing character: There is no r (U+0072) in font nullfont!
Missing character: There is no k (U+006B) in font nullfont!
Missing character: There is no h (U+0068) in font nullfont!
Missing character: There is no o (U+006F) in font nullfont!
Missing character: There is no f (U+0066) in font nullfont!
Missing character: There is no f (U+0066) in font nullfont!
Missing character: There is no a (U+0061) in font nullfont!
Missing character: There is no s (U+0073) in font nullfont!
Missing character: There is no e (U+0065) in font nullfont!
Missing character: There is no g (U+0067) in font nullfont!
Missing character: There is no u (U+0075) in font nullfont!
Missing character: There is no r (U+0072) in font nullfont!
Missing character: There is no a (U+0061) in font nullfont!
Missing character: There is no q (U+0071) in font nullfont!
Missing character: There is no u (U+0075) in font nullfont!
Missing character: There is no e (U+0065) in font nullfont!
Missing character: There is no e (U+0065) in font nullfont!
Missing character: There is no l (U+006C) in font nullfont!
Missing character: There is no p (U+0070) in font nullfont!
Missing character: There is no r (U+0072) in font nullfont!
Missing character: There is no o (U+006F) in font nullfont!
Missing character: There is no m (U+006D) in font nullfont!
Missing character: There is no e (U+0065) in font nullfont!
Missing character: There is no d (U+0064) in font nullfont!
Missing character: There is no i (U+0069) in font nullfont!
Missing character: There is no o (U+006F) in font nullfont!
Missing character: There is no t (U+0074) in font nullfont!
Missing character: There is no e (U+0065) in font nullfont!
Missing character: There is no m (U+006D) in font nullfont!
Missing character: There is no p (U+0070) in font nullfont!
Missing character: There is no o (U+006F) in font nullfont!
Missing character: There is no r (U+0072) in font nullfont!
Missing character: There is no a (U+0061) in font nullfont!
Missing character: There is no l (U+006C) in font nullfont!
Missing character: There is no c (U+0063) in font nullfont!
Missing character: There is no o (U+006F) in font nullfont!
Missing character: There is no n (U+006E) in font nullfont!
Missing character: There is no v (U+0076) in font nullfont!
Missing character: There is no e (U+0065) in font nullfont!
Missing character: There is no r (U+0072) in font nullfont!
Missing character: There is no g (U+0067) in font nullfont!
Missing character: There is no e (U+0065) in font nullfont!
Missing character: There is no c (U+0063) in font nullfont!
Missing character: There is no a (U+0061) in font nullfont!
Missing character: There is no s (U+0073) in font nullfont!
Missing character: There is no i (U+0069) in font nullfont!
Missing character: There is no s (U+0073) in font nullfont!
Missing character: There is no i (U+0069) in font nullfont!
Missing character: There is no e (U+0065) in font nullfont!
Missing character: There is no m (U+006D) in font nullfont!
Missing character: There is no p (U+0070) in font nullfont!
Missing character: There is no r (U+0072) in font nullfont!
Missing character: There is no e (U+0065) in font nullfont!
Missing character: There is no a (U+0061) in font nullfont!
Missing character: There is no l (U+006C) in font nullfont!
Missing character: There is no a (U+0061) in font nullfont!
Missing character: There is no c (U+0063) in font nullfont!
Missing character: There is no o (U+006F) in font nullfont!
Missing character: There is no n (U+006E) in font nullfont!
Missing character: There is no s (U+0073) in font nullfont!
Missing character: There is no t (U+0074) in font nullfont!
Missing character: There is no a (U+0061) in font nullfont!
Missing character: There is no n (U+006E) in font nullfont!
Missing character: There is no t (U+0074) in font nullfont!
Missing character: There is no e (U+0065) in font nullfont!
Missing character: There is no d (U+0064) in font nullfont!
Missing character: There is no e (U+0065) in font nullfont!
Missing character: There is no l (U+006C) in font nullfont!
Missing character: There is no p (U+0070) in font nullfont!
Missing character: There is no r (U+0072) in font nullfont!
Missing character: There is no o (U+006F) in font nullfont!
Missing character: There is no m (U+006D) in font nullfont!
Missing character: There is no e (U+0065) in font nullfont!
Missing character: There is no d (U+0064) in font nullfont!
Missing character: There is no i (U+0069) in font nullfont!
Missing character: There is no o (U+006F) in font nullfont!
Missing character: There is no e (U+0065) in font nullfont!
Missing character: There is no s (U+0073) in font nullfont!
Missing character: There is no p (U+0070) in font nullfont!
Missing character: There is no a (U+0061) in font nullfont!
Missing character: There is no c (U+0063) in font nullfont!
Missing character: There is no i (U+0069) in font nullfont!
Missing character: There is no a (U+0061) in font nullfont!
Missing character: There is no l (U+006C) in font nullfont!
Missing character: There is no : (U+003A) in font nullfont!
Missing character: There is no C (U+0043) in font nullfont!
Missing character: There is no o (U+006F) in font nullfont!
Missing character: There is no m (U+006D) in font nullfont!
Missing character: There is no o (U+006F) in font nullfont!

Overfull \hbox (20.0pt too wide) in paragraph at lines 95--96
[]Como
 []

Missing character: There is no p (U+0070) in font nullfont!
Missing character: There is no o (U+006F) in font nullfont!
Missing character: There is no r (U+0072) in font nullfont!
Missing character: There is no h (U+0068) in font nullfont!
Missing character: There is no i (U+0069) in font nullfont!
Missing character: There is no p (U+0070) in font nullfont!
Missing character: There is no ó (U+00F3) in font nullfont!
Missing character: There is no t (U+0074) in font nullfont!
Missing character: There is no e (U+0065) in font nullfont!
Missing character: There is no s (U+0073) in font nullfont!
Missing character: There is no i (U+0069) in font nullfont!
Missing character: There is no s (U+0073) in font nullfont!

Overfull \hbox (9.17479pt too wide) in paragraph at lines 95--96
\OML/cmm/m/it/10 a\OT1/cmr/m/n/10 )$
 []

Missing character: There is no l (U+006C) in font nullfont!
Missing character: There is no a (U+0061) in font nullfont!
Missing character: There is no m (U+006D) in font nullfont!
Missing character: There is no e (U+0065) in font nullfont!
Missing character: There is no d (U+0064) in font nullfont!
Missing character: There is no i (U+0069) in font nullfont!
Missing character: There is no d (U+0064) in font nullfont!
Missing character: There is no a (U+0061) in font nullfont!

Overfull \hbox (6.02548pt too wide) in paragraph at lines 95--96
\OML/cmm/m/it/10 $
 []

Missing character: There is no e (U+0065) in font nullfont!
Missing character: There is no s (U+0073) in font nullfont!
Missing character: There is no e (U+0065) in font nullfont!
Missing character: There is no r (U+0072) in font nullfont!
Missing character: There is no g (U+0067) in font nullfont!
Missing character: There is no ó (U+00F3) in font nullfont!
Missing character: There is no d (U+0064) in font nullfont!
Missing character: There is no i (U+0069) in font nullfont!
Missing character: There is no c (U+0063) in font nullfont!
Missing character: There is no a (U+0061) in font nullfont!
Missing character: There is no r (U+0072) in font nullfont!
Missing character: There is no e (U+0065) in font nullfont!
Missing character: There is no s (U+0073) in font nullfont!
Missing character: There is no p (U+0070) in font nullfont!
Missing character: There is no e (U+0065) in font nullfont!
Missing character: There is no c (U+0063) in font nullfont!
Missing character: There is no t (U+0074) in font nullfont!
Missing character: There is no o (U+006F) in font nullfont!
Missing character: There is no a (U+0061) in font nullfont!
Missing character: There is no , (U+002C) in font nullfont!

Overfull \hbox (5.97226pt too wide) in paragraph at lines 95--96
\OML/cmm/m/it/10 f$\nullfont ,
 []

Missing character: There is no e (U+0065) in font nullfont!
Missing character: There is no l (U+006C) in font nullfont!
Missing character: There is no T (U+0054) in font nullfont!
Missing character: There is no e (U+0065) in font nullfont!
Missing character: There is no o (U+006F) in font nullfont!
Missing character: There is no r (U+0072) in font nullfont!
Missing character: There is no e (U+0065) in font nullfont!
Missing character: There is no m (U+006D) in font nullfont!
Missing character: There is no a (U+0061) in font nullfont!
Missing character: There is no E (U+0045) in font nullfont!
Missing character: There is no r (U+0072) in font nullfont!
Missing character: There is no g (U+0067) in font nullfont!
Missing character: There is no ó (U+00F3) in font nullfont!
Missing character: There is no d (U+0064) in font nullfont!
Missing character: There is no i (U+0069) in font nullfont!
Missing character: There is no c (U+0063) in font nullfont!
Missing character: There is no o (U+006F) in font nullfont!
Missing character: There is no d (U+0064) in font nullfont!
Missing character: There is no e (U+0065) in font nullfont!
Missing character: There is no B (U+0042) in font nullfont!
Missing character: There is no i (U+0069) in font nullfont!
Missing character: There is no r (U+0072) in font nullfont!
Missing character: There is no k (U+006B) in font nullfont!
Missing character: There is no h (U+0068) in font nullfont!
Missing character: There is no o (U+006F) in font nullfont!
Missing character: There is no f (U+0066) in font nullfont!
Missing character: There is no f (U+0066) in font nullfont!
Missing character: There is no a (U+0061) in font nullfont!
Missing character: There is no s (U+0073) in font nullfont!
Missing character: There is no e (U+0065) in font nullfont!
Missing character: There is no g (U+0067) in font nullfont!
Missing character: There is no u (U+0075) in font nullfont!
Missing character: There is no r (U+0072) in font nullfont!
Missing character: There is no a (U+0061) in font nullfont!
Missing character: There is no q (U+0071) in font nullfont!
Missing character: There is no u (U+0075) in font nullfont!
Missing character: There is no e (U+0065) in font nullfont!
Missing character: There is no e (U+0065) in font nullfont!
Missing character: There is no l (U+006C) in font nullfont!
Missing character: There is no p (U+0070) in font nullfont!
Missing character: There is no r (U+0072) in font nullfont!
Missing character: There is no o (U+006F) in font nullfont!
Missing character: There is no m (U+006D) in font nullfont!
Missing character: There is no e (U+0065) in font nullfont!
Missing character: There is no d (U+0064) in font nullfont!
Missing character: There is no i (U+0069) in font nullfont!
Missing character: There is no o (U+006F) in font nullfont!
Missing character: There is no t (U+0074) in font nullfont!
Missing character: There is no e (U+0065) in font nullfont!
Missing character: There is no m (U+006D) in font nullfont!
Missing character: There is no p (U+0070) in font nullfont!
Missing character: There is no o (U+006F) in font nullfont!
Missing character: There is no r (U+0072) in font nullfont!
Missing character: There is no a (U+0061) in font nullfont!
Missing character: There is no l (U+006C) in font nullfont!
Missing character: There is no c (U+0063) in font nullfont!
Missing character: There is no o (U+006F) in font nullfont!
Missing character: There is no n (U+006E) in font nullfont!
Missing character: There is no v (U+0076) in font nullfont!
Missing character: There is no e (U+0065) in font nullfont!
Missing character: There is no r (U+0072) in font nullfont!
Missing character: There is no g (U+0067) in font nullfont!
Missing character: There is no e (U+0065) in font nullfont!
Missing character: There is no c (U+0063) in font nullfont!
Missing character: There is no a (U+0061) in font nullfont!
Missing character: There is no s (U+0073) in font nullfont!
Missing character: There is no i (U+0069) in font nullfont!
Missing character: There is no s (U+0073) in font nullfont!
Missing character: There is no i (U+0069) in font nullfont!
Missing character: There is no e (U+0065) in font nullfont!
Missing character: There is no m (U+006D) in font nullfont!
Missing character: There is no p (U+0070) in font nullfont!
Missing character: There is no r (U+0072) in font nullfont!
Missing character: There is no e (U+0065) in font nullfont!
Missing character: There is no a (U+0061) in font nullfont!
Missing character: There is no l (U+006C) in font nullfont!
Missing character: There is no a (U+0061) in font nullfont!
Missing character: There is no c (U+0063) in font nullfont!
Missing character: There is no o (U+006F) in font nullfont!
Missing character: There is no n (U+006E) in font nullfont!
Missing character: There is no s (U+0073) in font nullfont!
Missing character: There is no t (U+0074) in font nullfont!
Missing character: There is no a (U+0061) in font nullfont!
Missing character: There is no n (U+006E) in font nullfont!
Missing character: There is no t (U+0074) in font nullfont!
Missing character: There is no e (U+0065) in font nullfont!
Missing character: There is no d (U+0064) in font nullfont!
Missing character: There is no e (U+0065) in font nullfont!
Missing character: There is no l (U+006C) in font nullfont!
Missing character: There is no p (U+0070) in font nullfont!
Missing character: There is no r (U+0072) in font nullfont!
Missing character: There is no o (U+006F) in font nullfont!
Missing character: There is no m (U+006D) in font nullfont!
Missing character: There is no e (U+0065) in font nullfont!
Missing character: There is no d (U+0064) in font nullfont!
Missing character: There is no i (U+0069) in font nullfont!
Missing character: There is no o (U+006F) in font nullfont!
Missing character: There is no e (U+0065) in font nullfont!
Missing character: There is no s (U+0073) in font nullfont!
Missing character: There is no p (U+0070) in font nullfont!
Missing character: There is no a (U+0061) in font nullfont!
Missing character: There is no c (U+0063) in font nullfont!
Missing character: There is no i (U+0069) in font nullfont!
Missing character: There is no a (U+0061) in font nullfont!
Missing character: There is no l (U+006C) in font nullfont!
Missing character: There is no : (U+003A) in font nullfont!
! Undefined control sequence.
l.96 ...j(x)) = \int_M \varphi \, d\mu \quad \text
                                                  {para } \mu\text{-c.t.p. }...
The control sequence at the end of the top line
of your error message was never \def'ed. If you have
misspelled it (e.g., `\hobx'), type `I' and the correct
spelling (e.g., `I\hbox'). Otherwise just continue,
and I'll forget about whatever was undefined.

! Undefined control sequence.
l.96 ...varphi \, d\mu \quad \text{para } \mu\text
                                                  {-c.t.p. } x \in M $$
The control sequence at the end of the top line
of your error message was never \def'ed. If you have
misspelled it (e.g., `\hobx'), type `I' and the correct
spelling (e.g., `I\hbox'). Otherwise just continue,
and I'll forget about whatever was undefined.


Overfull \hbox (220.56635pt too wide) detected at line 96
[] [] [] \OML/cmm/m/it/10 '\OT1/cmr/m/n/10 (\OML/cmm/m/it/10 f[]\OT1/cmr/m/n/10
 (\OML/cmm/m/it/10 x\OT1/cmr/m/n/10 )) = [][] \OML/cmm/m/it/10 ' d[][]x \OMS/
cmsy/m/n/10 2 \OML/cmm/m/it/10 M
 []

Missing character: There is no M (U+004D) in font nullfont!
Missing character: There is no u (U+0075) in font nullfont!
Missing character: There is no l (U+006C) in font nullfont!
Missing character: There is no t (U+0074) in font nullfont!
Missing character: There is no i (U+0069) in font nullfont!
Missing character: There is no p (U+0070) in font nullfont!
Missing character: There is no l (U+006C) in font nullfont!
Missing character: There is no i (U+0069) in font nullfont!
Missing character: There is no c (U+0063) in font nullfont!
Missing character: There is no a (U+0061) in font nullfont!
Missing character: There is no n (U+006E) in font nullfont!
Missing character: There is no d (U+0064) in font nullfont!
Missing character: There is no o (U+006F) in font nullfont!
Missing character: There is no a (U+0061) in font nullfont!
Missing character: There is no m (U+006D) in font nullfont!
Missing character: There is no b (U+0062) in font nullfont!
Missing character: There is no o (U+006F) in font nullfont!
Missing character: There is no s (U+0073) in font nullfont!
Missing character: There is no l (U+006C) in font nullfont!
Missing character: There is no a (U+0061) in font nullfont!
Missing character: There is no d (U+0064) in font nullfont!
Missing character: There is no o (U+006F) in font nullfont!
Missing character: There is no s (U+0073) in font nullfont!
Missing character: There is no p (U+0070) in font nullfont!
Missing character: There is no o (U+006F) in font nullfont!
Missing character: There is no r (U+0072) in font nullfont!
Missing character: There is no l (U+006C) in font nullfont!
Missing character: There is no a (U+0061) in font nullfont!
Missing character: There is no f (U+0066) in font nullfont!
Missing character: There is no u (U+0075) in font nullfont!
Missing character: There is no n (U+006E) in font nullfont!
Missing character: There is no c (U+0063) in font nullfont!
Missing character: There is no i (U+0069) in font nullfont!
Missing character: There is no ó (U+00F3) in font nullfont!
Missing character: There is no n (U+006E) in font nullfont!
Missing character: There is no m (U+006D) in font nullfont!
Missing character: There is no e (U+0065) in font nullfont!
Missing character: There is no d (U+0064) in font nullfont!
Missing character: There is no i (U+0069) in font nullfont!
Missing character: There is no b (U+0062) in font nullfont!
Missing character: There is no l (U+006C) in font nullfont!
Missing character: There is no e (U+0065) in font nullfont!
Missing character: There is no , (U+002C) in font nullfont!
Missing character: There is no M (U+004D) in font nullfont!
Missing character: There is no u (U+0075) in font nullfont!
Missing character: There is no l (U+006C) in font nullfont!
Missing character: There is no t (U+0074) in font nullfont!
Missing character: There is no i (U+0069) in font nullfont!
Missing character: There is no p (U+0070) in font nullfont!
Missing character: There is no l (U+006C) in font nullfont!
Missing character: There is no i (U+0069) in font nullfont!
Missing character: There is no c (U+0063) in font nullfont!
Missing character: There is no a (U+0061) in font nullfont!
Missing character: There is no n (U+006E) in font nullfont!
Missing character: There is no d (U+0064) in font nullfont!
Missing character: There is no o (U+006F) in font nullfont!
Missing character: There is no a (U+0061) in font nullfont!
Missing character: There is no m (U+006D) in font nullfont!
Missing character: There is no b (U+0062) in font nullfont!
Missing character: There is no o (U+006F) in font nullfont!
Missing character: There is no s (U+0073) in font nullfont!
Missing character: There is no l (U+006C) in font nullfont!
Missing character: There is no a (U+0061) in font nullfont!
Missing character: There is no d (U+0064) in font nullfont!
Missing character: There is no o (U+006F) in font nullfont!
Missing character: There is no s (U+0073) in font nullfont!
Missing character: There is no p (U+0070) in font nullfont!
Missing character: There is no o (U+006F) in font nullfont!
Missing character: There is no r (U+0072) in font nullfont!
Missing character: There is no l (U+006C) in font nullfont!
Missing character: There is no a (U+0061) in font nullfont!
Missing character: There is no f (U+0066) in font nullfont!
Missing character: There is no u (U+0075) in font nullfont!
Missing character: There is no n (U+006E) in font nullfont!
Missing character: There is no c (U+0063) in font nullfont!
Missing character: There is no i (U+0069) in font nullfont!
Missing character: There is no ó (U+00F3) in font nullfont!
Missing character: There is no n (U+006E) in font nullfont!
Missing character: There is no m (U+006D) in font nullfont!
Missing character: There is no e (U+0065) in font nullfont!
Missing character: There is no d (U+0064) in font nullfont!
Missing character: There is no i (U+0069) in font nullfont!
Missing character: There is no b (U+0062) in font nullfont!
Missing character: There is no l (U+006C) in font nullfont!
Missing character: There is no e (U+0065) in font nullfont!
Missing character: There is no , (U+002C) in font nullfont!
Missing character: There is no o (U+006F) in font nullfont!
Missing character: There is no b (U+0062) in font nullfont!
Missing character: There is no t (U+0074) in font nullfont!
Missing character: There is no e (U+0065) in font nullfont!
Missing character: There is no n (U+006E) in font nullfont!
Missing character: There is no e (U+0065) in font nullfont!
Missing character: There is no m (U+006D) in font nullfont!
Missing character: There is no o (U+006F) in font nullfont!
Missing character: There is no s (U+0073) in font nullfont!
Missing character: There is no p (U+0070) in font nullfont!
Missing character: There is no a (U+0061) in font nullfont!
Missing character: There is no r (U+0072) in font nullfont!
Missing character: There is no a (U+0061) in font nullfont!
Missing character: There is no - (U+002D) in font nullfont!
Missing character: There is no - (U+002D) in font nullfont!
Missing character: There is no - (U+002D) in font nullfont!
Missing character: There is no c (U+0063) in font nullfont!
Missing character: There is no . (U+002E) in font nullfont!
Missing character: There is no t (U+0074) in font nullfont!
Missing character: There is no . (U+002E) in font nullfont!
Missing character: There is no p (U+0070) in font nullfont!
Missing character: There is no . (U+002E) in font nullfont!
Missing character: There is no : (U+003A) in font nullfont!
Missing character: There is no M (U+004D) in font nullfont!
Missing character: There is no u (U+0075) in font nullfont!
Missing character: There is no l (U+006C) in font nullfont!
Missing character: There is no t (U+0074) in font nullfont!
Missing character: There is no i (U+0069) in font nullfont!
Missing character: There is no p (U+0070) in font nullfont!
Missing character: There is no l (U+006C) in font nullfont!
Missing character: There is no i (U+0069) in font nullfont!
Missing character: There is no c (U+0063) in font nullfont!
Missing character: There is no a (U+0061) in font nullfont!
Missing character: There is no n (U+006E) in font nullfont!
Missing character: There is no d (U+0064) in font nullfont!
Missing character: There is no o (U+006F) in font nullfont!
Missing character: There is no a (U+0061) in font nullfont!
Missing character: There is no m (U+006D) in font nullfont!
Missing character: There is no b (U+0062) in font nullfont!
Missing character: There is no o (U+006F) in font nullfont!
Missing character: There is no s (U+0073) in font nullfont!
Missing character: There is no l (U+006C) in font nullfont!
Missing character: There is no a (U+0061) in font nullfont!
Missing character: There is no d (U+0064) in font nullfont!
Missing character: There is no o (U+006F) in font nullfont!
Missing character: There is no s (U+0073) in font nullfont!
Missing character: There is no p (U+0070) in font nullfont!
Missing character: There is no o (U+006F) in font nullfont!
Missing character: There is no r (U+0072) in font nullfont!
Missing character: There is no l (U+006C) in font nullfont!
Missing character: There is no a (U+0061) in font nullfont!
Missing character: There is no f (U+0066) in font nullfont!
Missing character: There is no u (U+0075) in font nullfont!
Missing character: There is no n (U+006E) in font nullfont!
Missing character: There is no c (U+0063) in font nullfont!
Missing character: There is no i (U+0069) in font nullfont!
Missing character: There is no ó (U+00F3) in font nullfont!
Missing character: There is no n (U+006E) in font nullfont!
Missing character: There is no m (U+006D) in font nullfont!
Missing character: There is no e (U+0065) in font nullfont!
Missing character: There is no d (U+0064) in font nullfont!
Missing character: There is no i (U+0069) in font nullfont!
Missing character: There is no b (U+0062) in font nullfont!
Missing character: There is no l (U+006C) in font nullfont!
Missing character: There is no e (U+0065) in font nullfont!
Missing character: There is no , (U+002C) in font nullfont!

Overfull \hbox (20.36577pt too wide) in paragraph at lines 96--98
\OML/cmm/m/it/10  \OT1/cmr/m/n/10 (\OML/cmm/m/it/10 x\OT1/cmr/m/n/10 )$\nullfon
t ,
 []

Missing character: There is no o (U+006F) in font nullfont!
Missing character: There is no b (U+0062) in font nullfont!
Missing character: There is no t (U+0074) in font nullfont!
Missing character: There is no e (U+0065) in font nullfont!
Missing character: There is no n (U+006E) in font nullfont!
Missing character: There is no e (U+0065) in font nullfont!
Missing character: There is no m (U+006D) in font nullfont!
Missing character: There is no o (U+006F) in font nullfont!
Missing character: There is no s (U+0073) in font nullfont!
Missing character: There is no p (U+0070) in font nullfont!
Missing character: There is no a (U+0061) in font nullfont!
Missing character: There is no r (U+0072) in font nullfont!
Missing character: There is no a (U+0061) in font nullfont!
Missing character: There is no - (U+002D) in font nullfont!

Overfull \hbox (6.02548pt too wide) in paragraph at lines 96--98
\OML/cmm/m/it/10 $\nullfont -
 []

Missing character: There is no c (U+0063) in font nullfont!
Missing character: There is no . (U+002E) in font nullfont!
Missing character: There is no t (U+0074) in font nullfont!
Missing character: There is no . (U+002E) in font nullfont!
Missing character: There is no p (U+0070) in font nullfont!
Missing character: There is no . (U+002E) in font nullfont!

Overfull \hbox (15.15967pt too wide) in paragraph at lines 96--98
\OML/cmm/m/it/10 x \OMS/cmsy/m/n/10 2
 []

Missing character: There is no : (U+003A) in font nullfont!

Overfull \hbox (10.79166pt too wide) in paragraph at lines 96--98
\OML/cmm/m/it/10 M$\nullfont : 
 []


Overfull \hbox (193.4588pt too wide) detected at line 98
[] [] [] \OML/cmm/m/it/10 '\OT1/cmr/m/n/10 (\OML/cmm/m/it/10 f[]\OT1/cmr/m/n/10
 (\OML/cmm/m/it/10 x\OT1/cmr/m/n/10 ))\OML/cmm/m/it/10  \OT1/cmr/m/n/10 (\OML/c
mm/m/it/10 x\OT1/cmr/m/n/10 ) = [] \OML/cmm/m/it/10  \OT1/cmr/m/n/10 (\OML/cmm/
m/it/10 x\OT1/cmr/m/n/10 )
 []

Missing character: There is no P (U+0050) in font nullfont!
Missing character: There is no a (U+0061) in font nullfont!
Missing character: There is no r (U+0072) in font nullfont!
Missing character: There is no a (U+0061) in font nullfont!
Missing character: There is no P (U+0050) in font nullfont!
Missing character: There is no a (U+0061) in font nullfont!
Missing character: There is no r (U+0072) in font nullfont!
Missing character: There is no a (U+0061) in font nullfont!
Missing character: There is no e (U+0065) in font nullfont!
Missing character: There is no v (U+0076) in font nullfont!
Missing character: There is no a (U+0061) in font nullfont!
Missing character: There is no l (U+006C) in font nullfont!
Missing character: There is no u (U+0075) in font nullfont!
Missing character: There is no a (U+0061) in font nullfont!
Missing character: There is no r (U+0072) in font nullfont!
Missing character: There is no l (U+006C) in font nullfont!
Missing character: There is no a (U+0061) in font nullfont!
Missing character: There is no c (U+0063) in font nullfont!
Missing character: There is no o (U+006F) in font nullfont!
Missing character: There is no n (U+006E) in font nullfont!
Missing character: There is no v (U+0076) in font nullfont!
Missing character: There is no e (U+0065) in font nullfont!
Missing character: There is no r (U+0072) in font nullfont!
Missing character: There is no g (U+0067) in font nullfont!
Missing character: There is no e (U+0065) in font nullfont!
Missing character: There is no n (U+006E) in font nullfont!
Missing character: There is no c (U+0063) in font nullfont!
Missing character: There is no i (U+0069) in font nullfont!
Missing character: There is no a (U+0061) in font nullfont!
Missing character: There is no d (U+0064) in font nullfont!
Missing character: There is no e (U+0065) in font nullfont!
Missing character: There is no l (U+006C) in font nullfont!
Missing character: There is no a (U+0061) in font nullfont!
Missing character: There is no s (U+0073) in font nullfont!
Missing character: There is no i (U+0069) in font nullfont!
Missing character: There is no n (U+006E) in font nullfont!
Missing character: There is no t (U+0074) in font nullfont!
Missing character: There is no e (U+0065) in font nullfont!
Missing character: There is no g (U+0067) in font nullfont!
Missing character: There is no r (U+0072) in font nullfont!
Missing character: There is no a (U+0061) in font nullfont!
Missing character: There is no l (U+006C) in font nullfont!
Missing character: There is no e (U+0065) in font nullfont!
Missing character: There is no s (U+0073) in font nullfont!
Missing character: There is no , (U+002C) in font nullfont!
Missing character: There is no d (U+0064) in font nullfont!
Missing character: There is no i (U+0069) in font nullfont!
Missing character: There is no v (U+0076) in font nullfont!
Missing character: There is no i (U+0069) in font nullfont!
Missing character: There is no d (U+0064) in font nullfont!
Missing character: There is no i (U+0069) in font nullfont!
Missing character: There is no m (U+006D) in font nullfont!
Missing character: There is no o (U+006F) in font nullfont!
Missing character: There is no s (U+0073) in font nullfont!
Missing character: There is no l (U+006C) in font nullfont!
Missing character: There is no a (U+0061) in font nullfont!
Missing character: There is no p (U+0070) in font nullfont!
Missing character: There is no r (U+0072) in font nullfont!
Missing character: There is no u (U+0075) in font nullfont!
Missing character: There is no e (U+0065) in font nullfont!
Missing character: There is no b (U+0062) in font nullfont!
Missing character: There is no a (U+0061) in font nullfont!
Missing character: There is no e (U+0065) in font nullfont!
Missing character: There is no n (U+006E) in font nullfont!
Missing character: There is no d (U+0064) in font nullfont!
Missing character: There is no o (U+006F) in font nullfont!
Missing character: There is no s (U+0073) in font nullfont!
Missing character: There is no c (U+0063) in font nullfont!
Missing character: There is no a (U+0061) in font nullfont!
Missing character: There is no s (U+0073) in font nullfont!
Missing character: There is no o (U+006F) in font nullfont!
Missing character: There is no s (U+0073) in font nullfont!
Missing character: There is no s (U+0073) in font nullfont!
Missing character: There is no e (U+0065) in font nullfont!
Missing character: There is no g (U+0067) in font nullfont!
Missing character: There is no ú (U+00FA) in font nullfont!
Missing character: There is no n (U+006E) in font nullfont!
Missing character: There is no l (U+006C) in font nullfont!
Missing character: There is no a (U+0061) in font nullfont!
Missing character: There is no a (U+0061) in font nullfont!
Missing character: There is no c (U+0063) in font nullfont!
Missing character: There is no o (U+006F) in font nullfont!
Missing character: There is no t (U+0074) in font nullfont!
Missing character: There is no a (U+0061) in font nullfont!
Missing character: There is no c (U+0063) in font nullfont!
Missing character: There is no i (U+0069) in font nullfont!
Missing character: There is no ó (U+00F3) in font nullfont!
Missing character: There is no n (U+006E) in font nullfont!
Missing character: There is no d (U+0064) in font nullfont!
Missing character: There is no e (U+0065) in font nullfont!
Missing character: There is no : (U+003A) in font nullfont!
Missing character: There is no P (U+0050) in font nullfont!
Missing character: There is no a (U+0061) in font nullfont!
Missing character: There is no r (U+0072) in font nullfont!
Missing character: There is no a (U+0061) in font nullfont!

Overfull \hbox (20.0pt too wide) in paragraph at lines 100--101
[]Para
 []

Missing character: There is no e (U+0065) in font nullfont!
Missing character: There is no v (U+0076) in font nullfont!
Missing character: There is no a (U+0061) in font nullfont!
Missing character: There is no l (U+006C) in font nullfont!
Missing character: There is no u (U+0075) in font nullfont!
Missing character: There is no a (U+0061) in font nullfont!
Missing character: There is no r (U+0072) in font nullfont!
Missing character: There is no l (U+006C) in font nullfont!
Missing character: There is no a (U+0061) in font nullfont!
Missing character: There is no c (U+0063) in font nullfont!
Missing character: There is no o (U+006F) in font nullfont!
Missing character: There is no n (U+006E) in font nullfont!
Missing character: There is no v (U+0076) in font nullfont!
Missing character: There is no e (U+0065) in font nullfont!
Missing character: There is no r (U+0072) in font nullfont!
Missing character: There is no g (U+0067) in font nullfont!
Missing character: There is no e (U+0065) in font nullfont!
Missing character: There is no n (U+006E) in font nullfont!
Missing character: There is no c (U+0063) in font nullfont!
Missing character: There is no i (U+0069) in font nullfont!
Missing character: There is no a (U+0061) in font nullfont!
Missing character: There is no d (U+0064) in font nullfont!
Missing character: There is no e (U+0065) in font nullfont!
Missing character: There is no l (U+006C) in font nullfont!
Missing character: There is no a (U+0061) in font nullfont!
Missing character: There is no s (U+0073) in font nullfont!
Missing character: There is no i (U+0069) in font nullfont!
Missing character: There is no n (U+006E) in font nullfont!
Missing character: There is no t (U+0074) in font nullfont!
Missing character: There is no e (U+0065) in font nullfont!
Missing character: There is no g (U+0067) in font nullfont!
Missing character: There is no r (U+0072) in font nullfont!
Missing character: There is no a (U+0061) in font nullfont!
Missing character: There is no l (U+006C) in font nullfont!
Missing character: There is no e (U+0065) in font nullfont!
Missing character: There is no s (U+0073) in font nullfont!
Missing character: There is no , (U+002C) in font nullfont!
Missing character: There is no d (U+0064) in font nullfont!
Missing character: There is no i (U+0069) in font nullfont!
Missing character: There is no v (U+0076) in font nullfont!
Missing character: There is no i (U+0069) in font nullfont!
Missing character: There is no d (U+0064) in font nullfont!
Missing character: There is no i (U+0069) in font nullfont!
Missing character: There is no m (U+006D) in font nullfont!
Missing character: There is no o (U+006F) in font nullfont!
Missing character: There is no s (U+0073) in font nullfont!
Missing character: There is no l (U+006C) in font nullfont!
Missing character: There is no a (U+0061) in font nullfont!
Missing character: There is no p (U+0070) in font nullfont!
Missing character: There is no r (U+0072) in font nullfont!
Missing character: There is no u (U+0075) in font nullfont!
Missing character: There is no e (U+0065) in font nullfont!
Missing character: There is no b (U+0062) in font nullfont!
Missing character: There is no a (U+0061) in font nullfont!
Missing character: There is no e (U+0065) in font nullfont!
Missing character: There is no n (U+006E) in font nullfont!
Missing character: There is no d (U+0064) in font nullfont!
Missing character: There is no o (U+006F) in font nullfont!
Missing character: There is no s (U+0073) in font nullfont!
Missing character: There is no c (U+0063) in font nullfont!
Missing character: There is no a (U+0061) in font nullfont!
Missing character: There is no s (U+0073) in font nullfont!
Missing character: There is no o (U+006F) in font nullfont!
Missing character: There is no s (U+0073) in font nullfont!
Missing character: There is no s (U+0073) in font nullfont!
Missing character: There is no e (U+0065) in font nullfont!
Missing character: There is no g (U+0067) in font nullfont!
Missing character: There is no ú (U+00FA) in font nullfont!
Missing character: There is no n (U+006E) in font nullfont!
Missing character: There is no l (U+006C) in font nullfont!
Missing character: There is no a (U+0061) in font nullfont!
Missing character: There is no a (U+0061) in font nullfont!
Missing character: There is no c (U+0063) in font nullfont!
Missing character: There is no o (U+006F) in font nullfont!
Missing character: There is no t (U+0074) in font nullfont!
Missing character: There is no a (U+0061) in font nullfont!
Missing character: There is no c (U+0063) in font nullfont!
Missing character: There is no i (U+0069) in font nullfont!
Missing character: There is no ó (U+00F3) in font nullfont!
Missing character: There is no n (U+006E) in font nullfont!
Missing character: There is no d (U+0064) in font nullfont!
Missing character: There is no e (U+0065) in font nullfont!
Missing character: There is no : (U+003A) in font nullfont!

Overfull \hbox (6.54167pt too wide) in paragraph at lines 100--101
\OML/cmm/m/it/10 '$\nullfont : 
 []

Missing character: There is no S (U+0053) in font nullfont!
Missing character: There is no u (U+0075) in font nullfont!
Missing character: There is no p (U+0070) in font nullfont!
Missing character: There is no o (U+006F) in font nullfont!
Missing character: There is no n (U+006E) in font nullfont!
Missing character: There is no g (U+0067) in font nullfont!
Missing character: There is no a (U+0061) in font nullfont!
Missing character: There is no m (U+006D) in font nullfont!
Missing character: There is no o (U+006F) in font nullfont!
Missing character: There is no s (U+0073) in font nullfont!
Missing character: There is no q (U+0071) in font nullfont!
Missing character: There is no u (U+0075) in font nullfont!
Missing character: There is no e (U+0065) in font nullfont!
Missing character: There is no e (U+0065) in font nullfont!
Missing character: There is no x (U+0078) in font nullfont!
Missing character: There is no i (U+0069) in font nullfont!
Missing character: There is no s (U+0073) in font nullfont!
Missing character: There is no t (U+0074) in font nullfont!
Missing character: There is no e (U+0065) in font nullfont!
Missing character: There is no u (U+0075) in font nullfont!
Missing character: There is no n (U+006E) in font nullfont!
Missing character: There is no a (U+0061) in font nullfont!
Missing character: There is no c (U+0063) in font nullfont!
Missing character: There is no o (U+006F) in font nullfont!
Missing character: There is no n (U+006E) in font nullfont!
Missing character: There is no s (U+0073) in font nullfont!
Missing character: There is no t (U+0074) in font nullfont!
Missing character: There is no a (U+0061) in font nullfont!
Missing character: There is no n (U+006E) in font nullfont!
Missing character: There is no t (U+0074) in font nullfont!
Missing character: There is no e (U+0065) in font nullfont!
Missing character: There is no t (U+0074) in font nullfont!
Missing character: There is no a (U+0061) in font nullfont!
Missing character: There is no l (U+006C) in font nullfont!
Missing character: There is no q (U+0071) in font nullfont!
Missing character: There is no u (U+0075) in font nullfont!
Missing character: There is no e (U+0065) in font nullfont!
Missing character: There is no p (U+0070) in font nullfont!
Missing character: There is no a (U+0061) in font nullfont!
Missing character: There is no r (U+0072) in font nullfont!
Missing character: There is no a (U+0061) in font nullfont!
Missing character: There is no t (U+0074) in font nullfont!
Missing character: There is no o (U+006F) in font nullfont!
Missing character: There is no d (U+0064) in font nullfont!
Missing character: There is no o (U+006F) in font nullfont!
Missing character: There is no . (U+002E) in font nullfont!
Missing character: There is no E (U+0045) in font nullfont!
Missing character: There is no n (U+006E) in font nullfont!
Missing character: There is no t (U+0074) in font nullfont!
Missing character: There is no o (U+006F) in font nullfont!
Missing character: There is no n (U+006E) in font nullfont!
Missing character: There is no c (U+0063) in font nullfont!
Missing character: There is no e (U+0065) in font nullfont!
Missing character: There is no s (U+0073) in font nullfont!
Missing character: There is no l (U+006C) in font nullfont!
Missing character: There is no a (U+0061) in font nullfont!
Missing character: There is no s (U+0073) in font nullfont!
Missing character: There is no u (U+0075) in font nullfont!
Missing character: There is no c (U+0063) in font nullfont!
Missing character: There is no e (U+0065) in font nullfont!
Missing character: There is no s (U+0073) in font nullfont!
Missing character: There is no i (U+0069) in font nullfont!
Missing character: There is no ó (U+00F3) in font nullfont!
Missing character: There is no n (U+006E) in font nullfont!
Missing character: There is no d (U+0064) in font nullfont!
Missing character: There is no e (U+0065) in font nullfont!
Missing character: There is no s (U+0073) in font nullfont!
Missing character: There is no u (U+0075) in font nullfont!
Missing character: There is no m (U+006D) in font nullfont!
Missing character: There is no a (U+0061) in font nullfont!
Missing character: There is no s (U+0073) in font nullfont!
Missing character: There is no p (U+0070) in font nullfont!
Missing character: There is no a (U+0061) in font nullfont!
Missing character: There is no r (U+0072) in font nullfont!
Missing character: There is no c (U+0063) in font nullfont!
Missing character: There is no i (U+0069) in font nullfont!
Missing character: There is no a (U+0061) in font nullfont!
Missing character: There is no l (U+006C) in font nullfont!
Missing character: There is no e (U+0065) in font nullfont!
Missing character: There is no s (U+0073) in font nullfont!
Missing character: There is no e (U+0065) in font nullfont!
Missing character: There is no s (U+0073) in font nullfont!
Missing character: There is no t (U+0074) in font nullfont!
Missing character: There is no á (U+00E1) in font nullfont!
Missing character: There is no a (U+0061) in font nullfont!
Missing character: There is no c (U+0063) in font nullfont!
Missing character: There is no o (U+006F) in font nullfont!
Missing character: There is no t (U+0074) in font nullfont!
Missing character: There is no a (U+0061) in font nullfont!
Missing character: There is no d (U+0064) in font nullfont!
Missing character: There is no a (U+0061) in font nullfont!
Missing character: There is no p (U+0070) in font nullfont!
Missing character: There is no o (U+006F) in font nullfont!
Missing character: There is no r (U+0072) in font nullfont!
Missing character: There is no u (U+0075) in font nullfont!
Missing character: There is no n (U+006E) in font nullfont!
Missing character: There is no a (U+0061) in font nullfont!
Missing character: There is no f (U+0066) in font nullfont!
Missing character: There is no u (U+0075) in font nullfont!
Missing character: There is no n (U+006E) in font nullfont!
Missing character: There is no c (U+0063) in font nullfont!
Missing character: There is no i (U+0069) in font nullfont!
Missing character: There is no ó (U+00F3) in font nullfont!
Missing character: There is no n (U+006E) in font nullfont!
Missing character: There is no i (U+0069) in font nullfont!
Missing character: There is no n (U+006E) in font nullfont!
Missing character: There is no t (U+0074) in font nullfont!
Missing character: There is no e (U+0065) in font nullfont!
Missing character: There is no g (U+0067) in font nullfont!
Missing character: There is no r (U+0072) in font nullfont!
Missing character: There is no a (U+0061) in font nullfont!
Missing character: There is no b (U+0062) in font nullfont!
Missing character: There is no l (U+006C) in font nullfont!
Missing character: There is no e (U+0065) in font nullfont!
Missing character: There is no : (U+003A) in font nullfont!

Overfull \hbox (44.18999pt too wide) in paragraph at lines 102--103
[]\TU/lmr/bx/n/10 Caso
 []


Overfull \hbox (5.75pt too wide) in paragraph at lines 102--103
\TU/lmr/bx/n/10 1
 []


Overfull \hbox (11.01167pt too wide) in paragraph at lines 102--103
\TU/lmr/bx/n/10 ($\OML/cmm/m/it/10 '$
 []


Overfull \hbox (9.81pt too wide) in paragraph at lines 102--103
\TU/lmr/bx/n/10 es
 []


Overfull \hbox (18.37pt too wide) in paragraph at lines 102--103
\TU/lmr/bx/n/10 una
 []


Overfull \hbox (20.12pt too wide) in paragraph at lines 102--103
\TU/lmr/bx/n/10 fun-
 []


Overfull \hbox (20.44pt too wide) in paragraph at lines 102--103
\TU/lmr/bx/n/10 ción
 []


Overfull \hbox (20.28pt too wide) in paragraph at lines 102--103
\TU/lmr/bx/n/10 aco-
 []


Overfull \hbox (29.7pt too wide) in paragraph at lines 102--103
\TU/lmr/bx/n/10 tada):
 []

Missing character: There is no S (U+0053) in font nullfont!
Missing character: There is no u (U+0075) in font nullfont!
Missing character: There is no p (U+0070) in font nullfont!
Missing character: There is no o (U+006F) in font nullfont!
Missing character: There is no n (U+006E) in font nullfont!
Missing character: There is no g (U+0067) in font nullfont!
Missing character: There is no a (U+0061) in font nullfont!
Missing character: There is no m (U+006D) in font nullfont!
Missing character: There is no o (U+006F) in font nullfont!
Missing character: There is no s (U+0073) in font nullfont!
Missing character: There is no q (U+0071) in font nullfont!
Missing character: There is no u (U+0075) in font nullfont!
Missing character: There is no e (U+0065) in font nullfont!
Missing character: There is no e (U+0065) in font nullfont!
Missing character: There is no x (U+0078) in font nullfont!
Missing character: There is no i (U+0069) in font nullfont!
Missing character: There is no s (U+0073) in font nullfont!
Missing character: There is no t (U+0074) in font nullfont!
Missing character: There is no e (U+0065) in font nullfont!
Missing character: There is no u (U+0075) in font nullfont!
Missing character: There is no n (U+006E) in font nullfont!
Missing character: There is no a (U+0061) in font nullfont!
Missing character: There is no c (U+0063) in font nullfont!
Missing character: There is no o (U+006F) in font nullfont!
Missing character: There is no n (U+006E) in font nullfont!
Missing character: There is no s (U+0073) in font nullfont!
Missing character: There is no t (U+0074) in font nullfont!
Missing character: There is no a (U+0061) in font nullfont!
Missing character: There is no n (U+006E) in font nullfont!
Missing character: There is no t (U+0074) in font nullfont!
Missing character: There is no e (U+0065) in font nullfont!

Overfull \hbox (19.76384pt too wide) in paragraph at lines 102--103
\OML/cmm/m/it/10 K >
 []


Overfull \hbox (5.00002pt too wide) in paragraph at lines 102--103
\OT1/cmr/m/n/10 0$
 []

Missing character: There is no t (U+0074) in font nullfont!
Missing character: There is no a (U+0061) in font nullfont!
Missing character: There is no l (U+006C) in font nullfont!
Missing character: There is no q (U+0071) in font nullfont!
Missing character: There is no u (U+0075) in font nullfont!
Missing character: There is no e (U+0065) in font nullfont!

Overfull \hbox (36.14583pt too wide) in paragraph at lines 102--103
\OMS/cmsy/m/n/10 j\OML/cmm/m/it/10 '\OT1/cmr/m/n/10 (\OML/cmm/m/it/10 x\OT1/cmr
/m/n/10 )\OMS/cmsy/m/n/10 j 
 []


Overfull \hbox (9.20833pt too wide) in paragraph at lines 102--103
\OML/cmm/m/it/10 K$
 []

Missing character: There is no p (U+0070) in font nullfont!
Missing character: There is no a (U+0061) in font nullfont!
Missing character: There is no r (U+0072) in font nullfont!
Missing character: There is no a (U+0061) in font nullfont!
Missing character: There is no t (U+0074) in font nullfont!
Missing character: There is no o (U+006F) in font nullfont!
Missing character: There is no d (U+0064) in font nullfont!
Missing character: There is no o (U+006F) in font nullfont!

Overfull \hbox (15.15967pt too wide) in paragraph at lines 102--103
\OML/cmm/m/it/10 x \OMS/cmsy/m/n/10 2
 []

Missing character: There is no . (U+002E) in font nullfont!

Overfull \hbox (10.79166pt too wide) in paragraph at lines 102--103
\OML/cmm/m/it/10 M$\nullfont .
 []

Missing character: There is no E (U+0045) in font nullfont!
Missing character: There is no n (U+006E) in font nullfont!
Missing character: There is no t (U+0074) in font nullfont!
Missing character: There is no o (U+006F) in font nullfont!
Missing character: There is no n (U+006E) in font nullfont!
Missing character: There is no c (U+0063) in font nullfont!
Missing character: There is no e (U+0065) in font nullfont!
Missing character: There is no s (U+0073) in font nullfont!
Missing character: There is no l (U+006C) in font nullfont!
Missing character: There is no a (U+0061) in font nullfont!
Missing character: There is no s (U+0073) in font nullfont!
Missing character: There is no u (U+0075) in font nullfont!
Missing character: There is no c (U+0063) in font nullfont!
Missing character: There is no e (U+0065) in font nullfont!
Missing character: There is no s (U+0073) in font nullfont!
Missing character: There is no i (U+0069) in font nullfont!
Missing character: There is no ó (U+00F3) in font nullfont!
Missing character: There is no n (U+006E) in font nullfont!
Missing character: There is no d (U+0064) in font nullfont!
Missing character: There is no e (U+0065) in font nullfont!
Missing character: There is no s (U+0073) in font nullfont!
Missing character: There is no u (U+0075) in font nullfont!
Missing character: There is no m (U+006D) in font nullfont!
Missing character: There is no a (U+0061) in font nullfont!
Missing character: There is no s (U+0073) in font nullfont!
Missing character: There is no p (U+0070) in font nullfont!
Missing character: There is no a (U+0061) in font nullfont!
Missing character: There is no r (U+0072) in font nullfont!
Missing character: There is no c (U+0063) in font nullfont!
Missing character: There is no i (U+0069) in font nullfont!
Missing character: There is no a (U+0061) in font nullfont!
Missing character: There is no l (U+006C) in font nullfont!
Missing character: There is no e (U+0065) in font nullfont!
Missing character: There is no s (U+0073) in font nullfont!
Missing character: There is no e (U+0065) in font nullfont!
Missing character: There is no s (U+0073) in font nullfont!
Missing character: There is no t (U+0074) in font nullfont!
Missing character: There is no á (U+00E1) in font nullfont!
Missing character: There is no a (U+0061) in font nullfont!
Missing character: There is no c (U+0063) in font nullfont!
Missing character: There is no o (U+006F) in font nullfont!
Missing character: There is no t (U+0074) in font nullfont!
Missing character: There is no a (U+0061) in font nullfont!
Missing character: There is no d (U+0064) in font nullfont!
Missing character: There is no a (U+0061) in font nullfont!
Missing character: There is no p (U+0070) in font nullfont!
Missing character: There is no o (U+006F) in font nullfont!
Missing character: There is no r (U+0072) in font nullfont!
Missing character: There is no u (U+0075) in font nullfont!
Missing character: There is no n (U+006E) in font nullfont!
Missing character: There is no a (U+0061) in font nullfont!
Missing character: There is no f (U+0066) in font nullfont!
Missing character: There is no u (U+0075) in font nullfont!
Missing character: There is no n (U+006E) in font nullfont!
Missing character: There is no c (U+0063) in font nullfont!
Missing character: There is no i (U+0069) in font nullfont!
Missing character: There is no ó (U+00F3) in font nullfont!
Missing character: There is no n (U+006E) in font nullfont!
Missing character: There is no i (U+0069) in font nullfont!
Missing character: There is no n (U+006E) in font nullfont!
Missing character: There is no t (U+0074) in font nullfont!
Missing character: There is no e (U+0065) in font nullfont!
Missing character: There is no g (U+0067) in font nullfont!
Missing character: There is no r (U+0072) in font nullfont!
Missing character: There is no a (U+0061) in font nullfont!
Missing character: There is no b (U+0062) in font nullfont!
Missing character: There is no l (U+006C) in font nullfont!
Missing character: There is no e (U+0065) in font nullfont!
Missing character: There is no : (U+003A) in font nullfont!

Overfull \hbox (319.06886pt too wide) detected at line 103
[] \OMS/cmsy/m/n/10  [] []\OT1/cmr/m/n/10 (\OMS/cmsy/m/n/10 j\OML/cmm/m/it/10 
'\OMS/cmsy/m/n/10 j  \OML/cmm/m/it/10 f[]\OT1/cmr/m/n/10 )\OMS/cmsy/m/n/10 j\O
ML/cmm/m/it/10  \OMS/cmsy/m/n/10 j  [] [] \OML/cmm/m/it/10 K\OMS/cmsy/m/n/10 j\OML/cmm/m/it/10  \OMS/cmsy/m/n/10 j \OT1/cmr/m/n/10 = \OML/cmm/m/it/10 K\OMS/cmsy/m/n/10 j\OML/cmm/m/it/10  \OMS/cmsy/m/n/10 j 2 L[]\OT1/cmr/m/n/10 (\OML/cmm/m/it/10 M; \OMS/cmsy/m/n/10 B\OML/cmm/m/it/10 ; \OT1/cmr/m/n/10 )
 []


! LaTeX Error: Environment align* undefined.

See the LaTeX manual or LaTeX Companion for explanation.
Type  H <return>  for immediate help.
 ...                                              
                                                  
l.105 	\begin{align*}
                     
Your command was ignored.
Type  I <command> <return>  to replace it with another command,
or  <return>  to continue without it.

! Missing $ inserted.
<inserted text> 
                $
l.106 		\lim
            _{n \to \infty} \int_M \left[ \frac{1}{n} \sum_{j=0}^{n-1} (\var...
I've inserted a begin-math/end-math symbol since I think
you left one out. Proceed, with fingers crossed.

! Misplaced alignment tab character &.
l.106 ...1} (\varphi \circ f^j)\psi \right] d\mu &
                                                  = \int_M \left[ \lim_{n \t...
I can't figure out why you would want to use a tab mark
here. If you just want an ampersand, the remedy is
simple: Just type `I\&' now. But if some right brace
up above has ended a previous alignment prematurely,
you're probably due for more error messages, and you
might try typing `S' now just to see what is salvageable.

! Misplaced alignment tab character &.
l.107 ... \int_M (\varphi \circ f^j)\psi \, d\mu &
                                                  = \int_M \left( \int_M \va...
I can't figure out why you would want to use a tab mark
here. If you just want an ampersand, the remedy is
simple: Just type `I\&' now. But if some right brace
up above has ended a previous alignment prematurely,
you're probably due for more error messages, and you
might try typing `S' now just to see what is salvageable.


! LaTeX Error: \begin{document} ended by \end{align*}.

See the LaTeX manual or LaTeX Companion for explanation.
Type  H <return>  for immediate help.
 ...                                              
                                                  
l.108 	\end{align*}
                   
Your command was ignored.
Type  I <command> <return>  to replace it with another command,
or  <return>  to continue without it.

! Missing $ inserted.
<inserted text> 
                $
l.108 	\end{align*}
                   
I've inserted something that you may have forgotten.
(See the <inserted text> above.)
With luck, this will get me unwedged. But if you
really didn't forget anything, try typing `2' now; then
my insertion and my current dilemma will both disappear.

Missing character: There is no P (U+0050) in font nullfont!
Missing character: There is no o (U+006F) in font nullfont!
Missing character: There is no r (U+0072) in font nullfont!
Missing character: There is no e (U+0065) in font nullfont!
Missing character: There is no l (U+006C) in font nullfont!
Missing character: There is no T (U+0054) in font nullfont!
Missing character: There is no e (U+0065) in font nullfont!
Missing character: There is no o (U+006F) in font nullfont!
Missing character: There is no r (U+0072) in font nullfont!
Missing character: There is no e (U+0065) in font nullfont!
Missing character: There is no m (U+006D) in font nullfont!
Missing character: There is no a (U+0061) in font nullfont!
Missing character: There is no d (U+0064) in font nullfont!
Missing character: There is no e (U+0065) in font nullfont!
Missing character: There is no C (U+0043) in font nullfont!
Missing character: There is no o (U+006F) in font nullfont!
Missing character: There is no n (U+006E) in font nullfont!
Missing character: There is no v (U+0076) in font nullfont!
Missing character: There is no e (U+0065) in font nullfont!
Missing character: There is no r (U+0072) in font nullfont!
Missing character: There is no g (U+0067) in font nullfont!
Missing character: There is no e (U+0065) in font nullfont!
Missing character: There is no n (U+006E) in font nullfont!
Missing character: There is no c (U+0063) in font nullfont!
Missing character: There is no i (U+0069) in font nullfont!
Missing character: There is no a (U+0061) in font nullfont!
Missing character: There is no D (U+0044) in font nullfont!
Missing character: There is no o (U+006F) in font nullfont!
Missing character: There is no m (U+006D) in font nullfont!
Missing character: There is no i (U+0069) in font nullfont!
Missing character: There is no n (U+006E) in font nullfont!
Missing character: There is no a (U+0061) in font nullfont!
Missing character: There is no d (U+0064) in font nullfont!
Missing character: There is no a (U+0061) in font nullfont!
Missing character: There is no d (U+0064) in font nullfont!
Missing character: There is no e (U+0065) in font nullfont!
Missing character: There is no L (U+004C) in font nullfont!
Missing character: There is no e (U+0065) in font nullfont!
Missing character: There is no b (U+0062) in font nullfont!
Missing character: There is no e (U+0065) in font nullfont!
Missing character: There is no s (U+0073) in font nullfont!
Missing character: There is no g (U+0067) in font nullfont!
Missing character: There is no u (U+0075) in font nullfont!
Missing character: There is no e (U+0065) in font nullfont!
Missing character: There is no , (U+002C) in font nullfont!
Missing character: There is no p (U+0070) in font nullfont!
Missing character: There is no o (U+006F) in font nullfont!
Missing character: There is no d (U+0064) in font nullfont!
Missing character: There is no e (U+0065) in font nullfont!
Missing character: There is no m (U+006D) in font nullfont!
Missing character: There is no o (U+006F) in font nullfont!
Missing character: There is no s (U+0073) in font nullfont!
Missing character: There is no i (U+0069) in font nullfont!
Missing character: There is no n (U+006E) in font nullfont!
Missing character: There is no t (U+0074) in font nullfont!
Missing character: There is no e (U+0065) in font nullfont!
Missing character: There is no r (U+0072) in font nullfont!
Missing character: There is no c (U+0063) in font nullfont!
Missing character: There is no a (U+0061) in font nullfont!
Missing character: There is no m (U+006D) in font nullfont!
Missing character: There is no b (U+0062) in font nullfont!
Missing character: There is no i (U+0069) in font nullfont!
Missing character: There is no a (U+0061) in font nullfont!
Missing character: There is no r (U+0072) in font nullfont!
Missing character: There is no e (U+0065) in font nullfont!
Missing character: There is no l (U+006C) in font nullfont!
Missing character: There is no l (U+006C) in font nullfont!
Missing character: There is no í (U+00ED) in font nullfont!
Missing character: There is no m (U+006D) in font nullfont!
Missing character: There is no i (U+0069) in font nullfont!
Missing character: There is no t (U+0074) in font nullfont!
Missing character: There is no e (U+0065) in font nullfont!
Missing character: There is no c (U+0063) in font nullfont!
Missing character: There is no o (U+006F) in font nullfont!
Missing character: There is no n (U+006E) in font nullfont!
Missing character: There is no l (U+006C) in font nullfont!
Missing character: There is no a (U+0061) in font nullfont!
Missing character: There is no i (U+0069) in font nullfont!
Missing character: There is no n (U+006E) in font nullfont!
Missing character: There is no t (U+0074) in font nullfont!
Missing character: There is no e (U+0065) in font nullfont!
Missing character: There is no g (U+0067) in font nullfont!
Missing character: There is no r (U+0072) in font nullfont!
Missing character: There is no a (U+0061) in font nullfont!
Missing character: There is no l (U+006C) in font nullfont!
Missing character: There is no : (U+003A) in font nullfont!
Missing character: There is no P (U+0050) in font nullfont!
Missing character: There is no o (U+006F) in font nullfont!
Missing character: There is no r (U+0072) in font nullfont!
Missing character: There is no e (U+0065) in font nullfont!
Missing character: There is no l (U+006C) in font nullfont!
Missing character: There is no T (U+0054) in font nullfont!
Missing character: There is no e (U+0065) in font nullfont!
Missing character: There is no o (U+006F) in font nullfont!
Missing character: There is no r (U+0072) in font nullfont!
Missing character: There is no e (U+0065) in font nullfont!
Missing character: There is no m (U+006D) in font nullfont!
Missing character: There is no a (U+0061) in font nullfont!
Missing character: There is no d (U+0064) in font nullfont!
Missing character: There is no e (U+0065) in font nullfont!
Missing character: There is no C (U+0043) in font nullfont!
Missing character: There is no o (U+006F) in font nullfont!
Missing character: There is no n (U+006E) in font nullfont!
Missing character: There is no v (U+0076) in font nullfont!
Missing character: There is no e (U+0065) in font nullfont!
Missing character: There is no r (U+0072) in font nullfont!
Missing character: There is no g (U+0067) in font nullfont!
Missing character: There is no e (U+0065) in font nullfont!
Missing character: There is no n (U+006E) in font nullfont!
Missing character: There is no c (U+0063) in font nullfont!
Missing character: There is no i (U+0069) in font nullfont!
Missing character: There is no a (U+0061) in font nullfont!
Missing character: There is no D (U+0044) in font nullfont!
Missing character: There is no o (U+006F) in font nullfont!
Missing character: There is no m (U+006D) in font nullfont!
Missing character: There is no i (U+0069) in font nullfont!
Missing character: There is no n (U+006E) in font nullfont!
Missing character: There is no a (U+0061) in font nullfont!
Missing character: There is no d (U+0064) in font nullfont!
Missing character: There is no a (U+0061) in font nullfont!
Missing character: There is no d (U+0064) in font nullfont!
Missing character: There is no e (U+0065) in font nullfont!
Missing character: There is no L (U+004C) in font nullfont!
Missing character: There is no e (U+0065) in font nullfont!
Missing character: There is no b (U+0062) in font nullfont!
Missing character: There is no e (U+0065) in font nullfont!
Missing character: There is no s (U+0073) in font nullfont!
Missing character: There is no g (U+0067) in font nullfont!
Missing character: There is no u (U+0075) in font nullfont!
Missing character: There is no e (U+0065) in font nullfont!
Missing character: There is no , (U+002C) in font nullfont!
Missing character: There is no p (U+0070) in font nullfont!
Missing character: There is no o (U+006F) in font nullfont!
Missing character: There is no d (U+0064) in font nullfont!
Missing character: There is no e (U+0065) in font nullfont!
Missing character: There is no m (U+006D) in font nullfont!
Missing character: There is no o (U+006F) in font nullfont!
Missing character: There is no s (U+0073) in font nullfont!
Missing character: There is no i (U+0069) in font nullfont!
Missing character: There is no n (U+006E) in font nullfont!
Missing character: There is no t (U+0074) in font nullfont!
Missing character: There is no e (U+0065) in font nullfont!
Missing character: There is no r (U+0072) in font nullfont!
Missing character: There is no c (U+0063) in font nullfont!
Missing character: There is no a (U+0061) in font nullfont!
Missing character: There is no m (U+006D) in font nullfont!
Missing character: There is no b (U+0062) in font nullfont!
Missing character: There is no i (U+0069) in font nullfont!
Missing character: There is no a (U+0061) in font nullfont!
Missing character: There is no r (U+0072) in font nullfont!
Missing character: There is no e (U+0065) in font nullfont!
Missing character: There is no l (U+006C) in font nullfont!
Missing character: There is no l (U+006C) in font nullfont!
Missing character: There is no í (U+00ED) in font nullfont!
Missing character: There is no m (U+006D) in font nullfont!
Missing character: There is no i (U+0069) in font nullfont!
Missing character: There is no t (U+0074) in font nullfont!
Missing character: There is no e (U+0065) in font nullfont!
Missing character: There is no c (U+0063) in font nullfont!
Missing character: There is no o (U+006F) in font nullfont!
Missing character: There is no n (U+006E) in font nullfont!
Missing character: There is no l (U+006C) in font nullfont!
Missing character: There is no a (U+0061) in font nullfont!
Missing character: There is no i (U+0069) in font nullfont!
Missing character: There is no n (U+006E) in font nullfont!
Missing character: There is no t (U+0074) in font nullfont!
Missing character: There is no e (U+0065) in font nullfont!
Missing character: There is no g (U+0067) in font nullfont!
Missing character: There is no r (U+0072) in font nullfont!
Missing character: There is no a (U+0061) in font nullfont!
Missing character: There is no l (U+006C) in font nullfont!
Missing character: There is no : (U+003A) in font nullfont!
Missing character: There is no c (U+0063) in font nullfont!
Missing character: There is no o (U+006F) in font nullfont!
Missing character: There is no n (U+006E) in font nullfont!
Missing character: There is no l (U+006C) in font nullfont!
Missing character: There is no o (U+006F) in font nullfont!
Missing character: There is no q (U+0071) in font nullfont!
Missing character: There is no u (U+0075) in font nullfont!
Missing character: There is no e (U+0065) in font nullfont!
Missing character: There is no s (U+0073) in font nullfont!
Missing character: There is no e (U+0065) in font nullfont!
Missing character: There is no e (U+0065) in font nullfont!
Missing character: There is no s (U+0073) in font nullfont!
Missing character: There is no t (U+0074) in font nullfont!
Missing character: There is no a (U+0061) in font nullfont!
Missing character: There is no b (U+0062) in font nullfont!
Missing character: There is no l (U+006C) in font nullfont!
Missing character: There is no e (U+0065) in font nullfont!
Missing character: There is no c (U+0063) in font nullfont!
Missing character: There is no e (U+0065) in font nullfont!
Missing character: There is no l (U+006C) in font nullfont!
Missing character: There is no a (U+0061) in font nullfont!
Missing character: There is no a (U+0061) in font nullfont!
Missing character: There is no f (U+0066) in font nullfont!
Missing character: There is no i (U+0069) in font nullfont!
Missing character: There is no r (U+0072) in font nullfont!
Missing character: There is no m (U+006D) in font nullfont!
Missing character: There is no a (U+0061) in font nullfont!
Missing character: There is no c (U+0063) in font nullfont!
Missing character: There is no i (U+0069) in font nullfont!
Missing character: There is no ó (U+00F3) in font nullfont!
Missing character: There is no n (U+006E) in font nullfont!
Missing character: There is no p (U+0070) in font nullfont!
Missing character: There is no a (U+0061) in font nullfont!
Missing character: There is no r (U+0072) in font nullfont!
Missing character: There is no a (U+0061) in font nullfont!
Missing character: There is no f (U+0066) in font nullfont!
Missing character: There is no u (U+0075) in font nullfont!
Missing character: There is no n (U+006E) in font nullfont!
Missing character: There is no c (U+0063) in font nullfont!
Missing character: There is no i (U+0069) in font nullfont!
Missing character: There is no o (U+006F) in font nullfont!
Missing character: There is no n (U+006E) in font nullfont!
Missing character: There is no e (U+0065) in font nullfont!
Missing character: There is no s (U+0073) in font nullfont!
Missing character: There is no a (U+0061) in font nullfont!
Missing character: There is no c (U+0063) in font nullfont!
Missing character: There is no o (U+006F) in font nullfont!
Missing character: There is no t (U+0074) in font nullfont!
Missing character: There is no a (U+0061) in font nullfont!
Missing character: There is no d (U+0064) in font nullfont!
Missing character: There is no a (U+0061) in font nullfont!
Missing character: There is no s (U+0073) in font nullfont!
Missing character: There is no . (U+002E) in font nullfont!
Missing character: There is no P (U+0050) in font nullfont!
Missing character: There is no o (U+006F) in font nullfont!
Missing character: There is no r (U+0072) in font nullfont!
Missing character: There is no e (U+0065) in font nullfont!
Missing character: There is no l (U+006C) in font nullfont!
Missing character: There is no T (U+0054) in font nullfont!
Missing character: There is no e (U+0065) in font nullfont!
Missing character: There is no o (U+006F) in font nullfont!
Missing character: There is no r (U+0072) in font nullfont!
Missing character: There is no e (U+0065) in font nullfont!
Missing character: There is no m (U+006D) in font nullfont!
Missing character: There is no a (U+0061) in font nullfont!
Missing character: There is no d (U+0064) in font nullfont!
Missing character: There is no e (U+0065) in font nullfont!
Missing character: There is no C (U+0043) in font nullfont!
Missing character: There is no o (U+006F) in font nullfont!
Missing character: There is no n (U+006E) in font nullfont!
Missing character: There is no v (U+0076) in font nullfont!
Missing character: There is no e (U+0065) in font nullfont!
Missing character: There is no r (U+0072) in font nullfont!
Missing character: There is no g (U+0067) in font nullfont!
Missing character: There is no e (U+0065) in font nullfont!
Missing character: There is no n (U+006E) in font nullfont!
Missing character: There is no c (U+0063) in font nullfont!
Missing character: There is no i (U+0069) in font nullfont!
Missing character: There is no a (U+0061) in font nullfont!
Missing character: There is no D (U+0044) in font nullfont!
Missing character: There is no o (U+006F) in font nullfont!
Missing character: There is no m (U+006D) in font nullfont!
Missing character: There is no i (U+0069) in font nullfont!
Missing character: There is no n (U+006E) in font nullfont!
Missing character: There is no a (U+0061) in font nullfont!
Missing character: There is no d (U+0064) in font nullfont!
Missing character: There is no a (U+0061) in font nullfont!
Missing character: There is no d (U+0064) in font nullfont!
Missing character: There is no e (U+0065) in font nullfont!
Missing character: There is no L (U+004C) in font nullfont!
Missing character: There is no e (U+0065) in font nullfont!
Missing character: There is no b (U+0062) in font nullfont!
Missing character: There is no e (U+0065) in font nullfont!
Missing character: There is no s (U+0073) in font nullfont!
Missing character: There is no g (U+0067) in font nullfont!
Missing character: There is no u (U+0075) in font nullfont!
Missing character: There is no e (U+0065) in font nullfont!
Missing character: There is no , (U+002C) in font nullfont!
Missing character: There is no p (U+0070) in font nullfont!
Missing character: There is no o (U+006F) in font nullfont!
Missing character: There is no d (U+0064) in font nullfont!
Missing character: There is no e (U+0065) in font nullfont!
Missing character: There is no m (U+006D) in font nullfont!
Missing character: There is no o (U+006F) in font nullfont!
Missing character: There is no s (U+0073) in font nullfont!
Missing character: There is no i (U+0069) in font nullfont!
Missing character: There is no n (U+006E) in font nullfont!
Missing character: There is no t (U+0074) in font nullfont!
Missing character: There is no e (U+0065) in font nullfont!
Missing character: There is no r (U+0072) in font nullfont!
Missing character: There is no c (U+0063) in font nullfont!
Missing character: There is no a (U+0061) in font nullfont!
Missing character: There is no m (U+006D) in font nullfont!
Missing character: There is no b (U+0062) in font nullfont!
Missing character: There is no i (U+0069) in font nullfont!
Missing character: There is no a (U+0061) in font nullfont!
Missing character: There is no r (U+0072) in font nullfont!
Missing character: There is no e (U+0065) in font nullfont!
Missing character: There is no l (U+006C) in font nullfont!
Missing character: There is no l (U+006C) in font nullfont!
Missing character: There is no í (U+00ED) in font nullfont!
Missing character: There is no m (U+006D) in font nullfont!
Missing character: There is no i (U+0069) in font nullfont!
Missing character: There is no t (U+0074) in font nullfont!
Missing character: There is no e (U+0065) in font nullfont!
Missing character: There is no c (U+0063) in font nullfont!
Missing character: There is no o (U+006F) in font nullfont!
Missing character: There is no n (U+006E) in font nullfont!
Missing character: There is no l (U+006C) in font nullfont!
Missing character: There is no a (U+0061) in font nullfont!
Missing character: There is no i (U+0069) in font nullfont!
Missing character: There is no n (U+006E) in font nullfont!
Missing character: There is no t (U+0074) in font nullfont!
Missing character: There is no e (U+0065) in font nullfont!
Missing character: There is no g (U+0067) in font nullfont!
Missing character: There is no r (U+0072) in font nullfont!
Missing character: There is no a (U+0061) in font nullfont!
Missing character: There is no l (U+006C) in font nullfont!
Missing character: There is no : (U+003A) in font nullfont!

Overfull \hbox (161.17293pt too wide) in paragraph at lines 103--110
[][] [][] [] \OML/cmm/m/it/10 d \OT1/cmr/m/n/10 =
 []


Overfull \hbox (169.82584pt too wide) in paragraph at lines 103--110
[][] [] \OML/cmm/m/it/10 d[] 
 []


Overfull \hbox (16.11119pt too wide) in paragraph at lines 103--110
[][]\OMS/cmsy/m/n/10 )
 []


Overfull \hbox (102.88423pt too wide) in paragraph at lines 103--110
[][] [] [][] [][]\OT1/cmr/m/n/10 (\OML/cmm/m/it/10 ' \OMS/cmsy/m/n/10 
 []


Overfull \hbox (44.3999pt too wide) in paragraph at lines 103--110
\OML/cmm/m/it/10 f[]\OT1/cmr/m/n/10 )\OML/cmm/m/it/10   d \OT1/cmr/m/n/10 =
 []


Overfull \hbox (91.12769pt too wide) in paragraph at lines 103--110
[][] [] \OML/cmm/m/it/10   d \OT1/cmr/m/n/10 =
 []


Overfull \hbox (89.73889pt too wide) in paragraph at lines 103--110
[] []$
 []

Missing character: There is no c (U+0063) in font nullfont!
Missing character: There is no o (U+006F) in font nullfont!
Missing character: There is no n (U+006E) in font nullfont!
Missing character: There is no l (U+006C) in font nullfont!
Missing character: There is no o (U+006F) in font nullfont!
Missing character: There is no q (U+0071) in font nullfont!
Missing character: There is no u (U+0075) in font nullfont!
Missing character: There is no e (U+0065) in font nullfont!
Missing character: There is no s (U+0073) in font nullfont!
Missing character: There is no e (U+0065) in font nullfont!
Missing character: There is no e (U+0065) in font nullfont!
Missing character: There is no s (U+0073) in font nullfont!
Missing character: There is no t (U+0074) in font nullfont!
Missing character: There is no a (U+0061) in font nullfont!
Missing character: There is no b (U+0062) in font nullfont!
Missing character: There is no l (U+006C) in font nullfont!
Missing character: There is no e (U+0065) in font nullfont!
Missing character: There is no c (U+0063) in font nullfont!
Missing character: There is no e (U+0065) in font nullfont!
Missing character: There is no l (U+006C) in font nullfont!
Missing character: There is no a (U+0061) in font nullfont!
Missing character: There is no a (U+0061) in font nullfont!
Missing character: There is no f (U+0066) in font nullfont!
Missing character: There is no i (U+0069) in font nullfont!
Missing character: There is no r (U+0072) in font nullfont!
Missing character: There is no m (U+006D) in font nullfont!
Missing character: There is no a (U+0061) in font nullfont!
Missing character: There is no c (U+0063) in font nullfont!
Missing character: There is no i (U+0069) in font nullfont!
Missing character: There is no ó (U+00F3) in font nullfont!
Missing character: There is no n (U+006E) in font nullfont!
Missing character: There is no p (U+0070) in font nullfont!
Missing character: There is no a (U+0061) in font nullfont!
Missing character: There is no r (U+0072) in font nullfont!
Missing character: There is no a (U+0061) in font nullfont!
Missing character: There is no f (U+0066) in font nullfont!
Missing character: There is no u (U+0075) in font nullfont!
Missing character: There is no n (U+006E) in font nullfont!
Missing character: There is no c (U+0063) in font nullfont!
Missing character: There is no i (U+0069) in font nullfont!
Missing character: There is no o (U+006F) in font nullfont!
Missing character: There is no n (U+006E) in font nullfont!
Missing character: There is no e (U+0065) in font nullfont!
Missing character: There is no s (U+0073) in font nullfont!
Missing character: There is no a (U+0061) in font nullfont!
Missing character: There is no c (U+0063) in font nullfont!
Missing character: There is no o (U+006F) in font nullfont!
Missing character: There is no t (U+0074) in font nullfont!
Missing character: There is no a (U+0061) in font nullfont!
Missing character: There is no d (U+0064) in font nullfont!
Missing character: There is no a (U+0061) in font nullfont!
Missing character: There is no s (U+0073) in font nullfont!
Missing character: There is no . (U+002E) in font nullfont!
! Undefined control sequence.
<argument> Caso 2 ($\varphi : M \to \mathbb 
                                            {R}$ es una función no acotada):
l.111 ...\mathbb{R}$ es una función no acotada):}
                                                  
The control sequence at the end of the top line
of your error message was never \def'ed. If you have
misspelled it (e.g., `\hobx'), type `I' and the correct
spelling (e.g., `I\hbox'). Otherwise just continue,
and I'll forget about whatever was undefined.

! Undefined control sequence.
l.112 	Para cada entero de corte $K \in \mathbb
                                               {N}$, definamos la función t...
The control sequence at the end of the top line
of your error message was never \def'ed. If you have
misspelled it (e.g., `\hobx'), type `I' and the correct
spelling (e.g., `I\hbox'). Otherwise just continue,
and I'll forget about whatever was undefined.

! Undefined control sequence.
l.112 ...nción truncada $\varphi_K: M \to \mathbb
                                                  {R}$ mediante:
The control sequence at the end of the top line
of your error message was never \def'ed. If you have
misspelled it (e.g., `\hobx'), type `I' and the correct
spelling (e.g., `I\hbox'). Otherwise just continue,
and I'll forget about whatever was undefined.

Missing character: There is no P (U+0050) in font nullfont!
Missing character: There is no a (U+0061) in font nullfont!
Missing character: There is no r (U+0072) in font nullfont!
Missing character: There is no a (U+0061) in font nullfont!
Missing character: There is no c (U+0063) in font nullfont!
Missing character: There is no a (U+0061) in font nullfont!
Missing character: There is no d (U+0064) in font nullfont!
Missing character: There is no a (U+0061) in font nullfont!
Missing character: There is no e (U+0065) in font nullfont!
Missing character: There is no n (U+006E) in font nullfont!
Missing character: There is no t (U+0074) in font nullfont!
Missing character: There is no e (U+0065) in font nullfont!
Missing character: There is no r (U+0072) in font nullfont!
Missing character: There is no o (U+006F) in font nullfont!
Missing character: There is no d (U+0064) in font nullfont!
Missing character: There is no e (U+0065) in font nullfont!
Missing character: There is no c (U+0063) in font nullfont!
Missing character: There is no o (U+006F) in font nullfont!
Missing character: There is no r (U+0072) in font nullfont!
Missing character: There is no t (U+0074) in font nullfont!
Missing character: There is no e (U+0065) in font nullfont!
Missing character: There is no , (U+002C) in font nullfont!
Missing character: There is no d (U+0064) in font nullfont!
Missing character: There is no e (U+0065) in font nullfont!
Missing character: There is no f (U+0066) in font nullfont!
Missing character: There is no i (U+0069) in font nullfont!
Missing character: There is no n (U+006E) in font nullfont!
Missing character: There is no a (U+0061) in font nullfont!
Missing character: There is no m (U+006D) in font nullfont!
Missing character: There is no o (U+006F) in font nullfont!
Missing character: There is no s (U+0073) in font nullfont!
Missing character: There is no l (U+006C) in font nullfont!
Missing character: There is no a (U+0061) in font nullfont!
Missing character: There is no f (U+0066) in font nullfont!
Missing character: There is no u (U+0075) in font nullfont!
Missing character: There is no n (U+006E) in font nullfont!
Missing character: There is no c (U+0063) in font nullfont!
Missing character: There is no i (U+0069) in font nullfont!
Missing character: There is no ó (U+00F3) in font nullfont!
Missing character: There is no n (U+006E) in font nullfont!
Missing character: There is no t (U+0074) in font nullfont!
Missing character: There is no r (U+0072) in font nullfont!
Missing character: There is no u (U+0075) in font nullfont!
Missing character: There is no n (U+006E) in font nullfont!
Missing character: There is no c (U+0063) in font nullfont!
Missing character: There is no a (U+0061) in font nullfont!
Missing character: There is no d (U+0064) in font nullfont!
Missing character: There is no a (U+0061) in font nullfont!
Missing character: There is no m (U+006D) in font nullfont!
Missing character: There is no e (U+0065) in font nullfont!
Missing character: There is no d (U+0064) in font nullfont!
Missing character: There is no i (U+0069) in font nullfont!
Missing character: There is no a (U+0061) in font nullfont!
Missing character: There is no n (U+006E) in font nullfont!
Missing character: There is no t (U+0074) in font nullfont!
Missing character: There is no e (U+0065) in font nullfont!
Missing character: There is no : (U+003A) in font nullfont!

Overfull \hbox (44.18999pt too wide) in paragraph at lines 111--113
[]\TU/lmr/bx/n/10 Caso
 []


Overfull \hbox (5.75pt too wide) in paragraph at lines 111--113
\TU/lmr/bx/n/10 2
 []


Overfull \hbox (16.56717pt too wide) in paragraph at lines 111--113
\TU/lmr/bx/n/10 ($\OML/cmm/m/it/10 ' \OT1/cmr/m/n/10 :
 []


Overfull \hbox (23.56938pt too wide) in paragraph at lines 111--113
\OML/cmm/m/it/10 M \OMS/cmsy/m/n/10 !
 []


Overfull \hbox (7.67015pt too wide) in paragraph at lines 111--113
\OML/cmm/m/it/10 R$
 []


Overfull \hbox (9.81pt too wide) in paragraph at lines 111--113
\TU/lmr/bx/n/10 es
 []


Overfull \hbox (18.37pt too wide) in paragraph at lines 111--113
\TU/lmr/bx/n/10 una
 []


Overfull \hbox (20.12pt too wide) in paragraph at lines 111--113
\TU/lmr/bx/n/10 fun-
 []


Overfull \hbox (20.44pt too wide) in paragraph at lines 111--113
\TU/lmr/bx/n/10 ción
 []


Overfull \hbox (12.14pt too wide) in paragraph at lines 111--113
\TU/lmr/bx/n/10 no
 []


Overfull \hbox (20.28pt too wide) in paragraph at lines 111--113
\TU/lmr/bx/n/10 aco-
 []


Overfull \hbox (29.7pt too wide) in paragraph at lines 111--113
\TU/lmr/bx/n/10 tada):
 []

Missing character: There is no P (U+0050) in font nullfont!
Missing character: There is no a (U+0061) in font nullfont!
Missing character: There is no r (U+0072) in font nullfont!
Missing character: There is no a (U+0061) in font nullfont!
Missing character: There is no c (U+0063) in font nullfont!
Missing character: There is no a (U+0061) in font nullfont!
Missing character: There is no d (U+0064) in font nullfont!
Missing character: There is no a (U+0061) in font nullfont!
Missing character: There is no e (U+0065) in font nullfont!
Missing character: There is no n (U+006E) in font nullfont!
Missing character: There is no t (U+0074) in font nullfont!
Missing character: There is no e (U+0065) in font nullfont!
Missing character: There is no r (U+0072) in font nullfont!
Missing character: There is no o (U+006F) in font nullfont!
Missing character: There is no d (U+0064) in font nullfont!
Missing character: There is no e (U+0065) in font nullfont!
Missing character: There is no c (U+0063) in font nullfont!
Missing character: There is no o (U+006F) in font nullfont!
Missing character: There is no r (U+0072) in font nullfont!
Missing character: There is no t (U+0074) in font nullfont!
Missing character: There is no e (U+0065) in font nullfont!

Overfull \hbox (18.65273pt too wide) in paragraph at lines 111--113
\OML/cmm/m/it/10 K \OMS/cmsy/m/n/10 2
 []

Missing character: There is no , (U+002C) in font nullfont!

Overfull \hbox (9.12497pt too wide) in paragraph at lines 111--113
\OML/cmm/m/it/10 N$\nullfont ,
 []

Missing character: There is no d (U+0064) in font nullfont!
Missing character: There is no e (U+0065) in font nullfont!
Missing character: There is no f (U+0066) in font nullfont!
Missing character: There is no i (U+0069) in font nullfont!
Missing character: There is no n (U+006E) in font nullfont!
Missing character: There is no a (U+0061) in font nullfont!
Missing character: There is no m (U+006D) in font nullfont!
Missing character: There is no o (U+006F) in font nullfont!
Missing character: There is no s (U+0073) in font nullfont!
Missing character: There is no l (U+006C) in font nullfont!
Missing character: There is no a (U+0061) in font nullfont!
Missing character: There is no f (U+0066) in font nullfont!
Missing character: There is no u (U+0075) in font nullfont!
Missing character: There is no n (U+006E) in font nullfont!
Missing character: There is no c (U+0063) in font nullfont!
Missing character: There is no i (U+0069) in font nullfont!
Missing character: There is no ó (U+00F3) in font nullfont!
Missing character: There is no n (U+006E) in font nullfont!
Missing character: There is no t (U+0074) in font nullfont!
Missing character: There is no r (U+0072) in font nullfont!
Missing character: There is no u (U+0075) in font nullfont!
Missing character: There is no n (U+006E) in font nullfont!
Missing character: There is no c (U+0063) in font nullfont!
Missing character: There is no a (U+0061) in font nullfont!
Missing character: There is no d (U+0064) in font nullfont!
Missing character: There is no a (U+0061) in font nullfont!

Overfull \hbox (19.80693pt too wide) in paragraph at lines 111--113
\OML/cmm/m/it/10 '[] \OT1/cmr/m/n/10 :
 []


Overfull \hbox (23.56938pt too wide) in paragraph at lines 111--113
\OML/cmm/m/it/10 M \OMS/cmsy/m/n/10 !
 []


Overfull \hbox (7.67015pt too wide) in paragraph at lines 111--113
\OML/cmm/m/it/10 R$
 []

Missing character: There is no m (U+006D) in font nullfont!
Missing character: There is no e (U+0065) in font nullfont!
Missing character: There is no d (U+0064) in font nullfont!
Missing character: There is no i (U+0069) in font nullfont!
Missing character: There is no a (U+0061) in font nullfont!
Missing character: There is no n (U+006E) in font nullfont!
Missing character: There is no t (U+0074) in font nullfont!
Missing character: There is no e (U+0065) in font nullfont!
Missing character: There is no : (U+003A) in font nullfont!
! Misplaced alignment tab character &.
l.113 ...varphi_K(x) = \begin{cases} \varphi(x), &
                                                   \text{si } |\varphi(x)| \...
I can't figure out why you would want to use a tab mark
here. If you just want an ampersand, the remedy is
simple: Just type `I\&' now. But if some right brace
up above has ended a previous alignment prematurely,
you're probably due for more error messages, and you
might try typing `S' now just to see what is salvageable.

! Undefined control sequence.
l.113 ..._K(x) = \begin{cases} \varphi(x), & \text
                                                  {si } |\varphi(x)| \le K \...
The control sequence at the end of the top line
of your error message was never \def'ed. If you have
misspelled it (e.g., `\hobx'), type `I' and the correct
spelling (e.g., `I\hbox'). Otherwise just continue,
and I'll forget about whatever was undefined.

! Undefined control sequence.
<recently read> \operatorname 
                              
l.113 ...{si } |\varphi(x)| \le K \\ \operatorname
                                                  {sgn}(\varphi(x))K, & \tex...
The control sequence at the end of the top line
of your error message was never \def'ed. If you have
misspelled it (e.g., `\hobx'), type `I' and the correct
spelling (e.g., `I\hbox'). Otherwise just continue,
and I'll forget about whatever was undefined.

! Misplaced alignment tab character &.
l.113 ...e K \\ \operatorname{sgn}(\varphi(x))K, &
                                                   \text{si } |\varphi(x)| >...
I can't figure out why you would want to use a tab mark
here. If you just want an ampersand, the remedy is
simple: Just type `I\&' now. But if some right brace
up above has ended a previous alignment prematurely,
you're probably due for more error messages, and you
might try typing `S' now just to see what is salvageable.

! Undefined control sequence.
l.113 ... \operatorname{sgn}(\varphi(x))K, & \text
                                                  {si } |\varphi(x)| > K \en...
The control sequence at the end of the top line
of your error message was never \def'ed. If you have
misspelled it (e.g., `\hobx'), type `I' and the correct
spelling (e.g., `I\hbox'). Otherwise just continue,
and I'll forget about whatever was undefined.


Overfull \hbox (244.34718pt too wide) detected at line 113
\OML/cmm/m/it/10 '[]\OT1/cmr/m/n/10 (\OML/cmm/m/it/10 x\OT1/cmr/m/n/10 ) = [] (\OML/cmm/m/it/10 x\OT1/cmr/m/n/10 )\OML/cmm/m/it/10 ; []\OMS/cmsy/m/n/10 j\OML/cmm/m/it/10 '\OT1/cmr/m/n/10 (\OML/cmm/m/it/10 x\OT1/cmr/m/n/10 )\OMS/cmsy/m/n/10 j  \OML/cmm/m/it/10 K[] []\OT1/cmr/m/n/10 (\OML/cmm/m/it/10 '\OT1/cmr/m/n/10 (\OML/cmm/m/it/10 x\OT1/cmr/m/n/10 ))\OML/cmm/m/it/10 K; []\OMS/cmsy/m/n/10 j\OML/cmm/m/it/10 '\OT1/cmr/m/n/10 (\OML/cmm/m/it/10 x\OT1/cmr/m/n/10 )\OMS/cmsy/m/n/10 j \OML/cmm/m/it/10 > K
 []

Missing character: There is no P (U+0050) in font nullfont!
Missing character: There is no o (U+006F) in font nullfont!
Missing character: There is no r (U+0072) in font nullfont!
Missing character: There is no c (U+0063) in font nullfont!
Missing character: There is no o (U+006F) in font nullfont!
Missing character: There is no n (U+006E) in font nullfont!
Missing character: There is no s (U+0073) in font nullfont!
Missing character: There is no t (U+0074) in font nullfont!
Missing character: There is no r (U+0072) in font nullfont!
Missing character: There is no u (U+0075) in font nullfont!
Missing character: There is no c (U+0063) in font nullfont!
Missing character: There is no c (U+0063) in font nullfont!
Missing character: There is no i (U+0069) in font nullfont!
Missing character: There is no ó (U+00F3) in font nullfont!
Missing character: There is no n (U+006E) in font nullfont!
Missing character: There is no , (U+002C) in font nullfont!
Missing character: There is no s (U+0073) in font nullfont!
Missing character: There is no e (U+0065) in font nullfont!
Missing character: There is no s (U+0073) in font nullfont!
Missing character: There is no a (U+0061) in font nullfont!
Missing character: There is no t (U+0074) in font nullfont!
Missing character: There is no i (U+0069) in font nullfont!
Missing character: There is no s (U+0073) in font nullfont!
Missing character: There is no f (U+0066) in font nullfont!
Missing character: There is no a (U+0061) in font nullfont!
Missing character: There is no c (U+0063) in font nullfont!
Missing character: There is no e (U+0065) in font nullfont!
Missing character: There is no q (U+0071) in font nullfont!
Missing character: There is no u (U+0075) in font nullfont!
Missing character: There is no e (U+0065) in font nullfont!
Missing character: There is no P (U+0050) in font nullfont!
Missing character: There is no o (U+006F) in font nullfont!
Missing character: There is no r (U+0072) in font nullfont!
Missing character: There is no c (U+0063) in font nullfont!
Missing character: There is no o (U+006F) in font nullfont!
Missing character: There is no n (U+006E) in font nullfont!
Missing character: There is no s (U+0073) in font nullfont!
Missing character: There is no t (U+0074) in font nullfont!
Missing character: There is no r (U+0072) in font nullfont!
Missing character: There is no u (U+0075) in font nullfont!
Missing character: There is no c (U+0063) in font nullfont!
Missing character: There is no c (U+0063) in font nullfont!
Missing character: There is no i (U+0069) in font nullfont!
Missing character: There is no ó (U+00F3) in font nullfont!
Missing character: There is no n (U+006E) in font nullfont!
Missing character: There is no , (U+002C) in font nullfont!
Missing character: There is no s (U+0073) in font nullfont!
Missing character: There is no e (U+0065) in font nullfont!
Missing character: There is no s (U+0073) in font nullfont!
Missing character: There is no a (U+0061) in font nullfont!
Missing character: There is no t (U+0074) in font nullfont!
Missing character: There is no i (U+0069) in font nullfont!
Missing character: There is no s (U+0073) in font nullfont!
Missing character: There is no f (U+0066) in font nullfont!
Missing character: There is no a (U+0061) in font nullfont!
Missing character: There is no c (U+0063) in font nullfont!
Missing character: There is no e (U+0065) in font nullfont!
Missing character: There is no q (U+0071) in font nullfont!
Missing character: There is no u (U+0075) in font nullfont!
Missing character: There is no e (U+0065) in font nullfont!
Missing character: There is no p (U+0070) in font nullfont!
Missing character: There is no a (U+0061) in font nullfont!
Missing character: There is no r (U+0072) in font nullfont!
Missing character: There is no a (U+0061) in font nullfont!
Missing character: There is no t (U+0074) in font nullfont!
Missing character: There is no o (U+006F) in font nullfont!
Missing character: There is no d (U+0064) in font nullfont!
Missing character: There is no o (U+006F) in font nullfont!
Missing character: There is no , (U+002C) in font nullfont!
Missing character: There is no l (U+006C) in font nullfont!
Missing character: There is no o (U+006F) in font nullfont!
Missing character: There is no q (U+0071) in font nullfont!
Missing character: There is no u (U+0075) in font nullfont!
Missing character: There is no e (U+0065) in font nullfont!
Missing character: There is no i (U+0069) in font nullfont!
Missing character: There is no m (U+006D) in font nullfont!
Missing character: There is no p (U+0070) in font nullfont!
Missing character: There is no l (U+006C) in font nullfont!
Missing character: There is no i (U+0069) in font nullfont!
Missing character: There is no c (U+0063) in font nullfont!
Missing character: There is no a (U+0061) in font nullfont!
Missing character: There is no q (U+0071) in font nullfont!
Missing character: There is no u (U+0075) in font nullfont!
Missing character: There is no e (U+0065) in font nullfont!
Missing character: There is no , (U+002C) in font nullfont!
Missing character: There is no p (U+0070) in font nullfont!
Missing character: There is no o (U+006F) in font nullfont!
Missing character: There is no r (U+0072) in font nullfont!
Missing character: There is no l (U+006C) in font nullfont!
Missing character: There is no o (U+006F) in font nullfont!
Missing character: There is no q (U+0071) in font nullfont!
Missing character: There is no u (U+0075) in font nullfont!
Missing character: There is no e (U+0065) in font nullfont!
Missing character: There is no . (U+002E) in font nullfont!
Missing character: There is no C (U+0043) in font nullfont!
Missing character: There is no o (U+006F) in font nullfont!
Missing character: There is no m (U+006D) in font nullfont!
Missing character: There is no o (U+006F) in font nullfont!
Missing character: There is no a (U+0061) in font nullfont!
Missing character: There is no d (U+0064) in font nullfont!
Missing character: There is no e (U+0065) in font nullfont!
Missing character: There is no m (U+006D) in font nullfont!
Missing character: There is no á (U+00E1) in font nullfont!
Missing character: There is no s (U+0073) in font nullfont!
Missing character: There is no e (U+0065) in font nullfont!
Missing character: There is no s (U+0073) in font nullfont!
Missing character: There is no t (U+0074) in font nullfont!
Missing character: There is no á (U+00E1) in font nullfont!
Missing character: There is no a (U+0061) in font nullfont!
Missing character: There is no c (U+0063) in font nullfont!
Missing character: There is no o (U+006F) in font nullfont!
Missing character: There is no t (U+0074) in font nullfont!
Missing character: There is no a (U+0061) in font nullfont!
Missing character: There is no d (U+0064) in font nullfont!
Missing character: There is no a (U+0061) in font nullfont!
Missing character: There is no p (U+0070) in font nullfont!
Missing character: There is no o (U+006F) in font nullfont!
Missing character: There is no r (U+0072) in font nullfont!
Missing character: There is no , (U+002C) in font nullfont!
Missing character: There is no p (U+0070) in font nullfont!
Missing character: There is no o (U+006F) in font nullfont!
Missing character: There is no d (U+0064) in font nullfont!
Missing character: There is no e (U+0065) in font nullfont!
Missing character: There is no m (U+006D) in font nullfont!
Missing character: There is no o (U+006F) in font nullfont!
Missing character: There is no s (U+0073) in font nullfont!
Missing character: There is no a (U+0061) in font nullfont!
Missing character: There is no p (U+0070) in font nullfont!
Missing character: There is no l (U+006C) in font nullfont!
Missing character: There is no i (U+0069) in font nullfont!
Missing character: There is no c (U+0063) in font nullfont!
Missing character: There is no a (U+0061) in font nullfont!
Missing character: There is no r (U+0072) in font nullfont!
Missing character: There is no l (U+006C) in font nullfont!
Missing character: There is no e (U+0065) in font nullfont!
Missing character: There is no d (U+0064) in font nullfont!
Missing character: There is no i (U+0069) in font nullfont!
Missing character: There is no r (U+0072) in font nullfont!
Missing character: There is no e (U+0065) in font nullfont!
Missing character: There is no c (U+0063) in font nullfont!
Missing character: There is no t (U+0074) in font nullfont!
Missing character: There is no a (U+0061) in font nullfont!
Missing character: There is no m (U+006D) in font nullfont!
Missing character: There is no e (U+0065) in font nullfont!
Missing character: There is no n (U+006E) in font nullfont!
Missing character: There is no t (U+0074) in font nullfont!
Missing character: There is no e (U+0065) in font nullfont!
Missing character: There is no e (U+0065) in font nullfont!
Missing character: There is no l (U+006C) in font nullfont!
Missing character: There is no : (U+003A) in font nullfont!
Missing character: There is no P (U+0050) in font nullfont!
Missing character: There is no o (U+006F) in font nullfont!
Missing character: There is no r (U+0072) in font nullfont!
Missing character: There is no c (U+0063) in font nullfont!
Missing character: There is no o (U+006F) in font nullfont!
Missing character: There is no n (U+006E) in font nullfont!
Missing character: There is no s (U+0073) in font nullfont!
Missing character: There is no t (U+0074) in font nullfont!
Missing character: There is no r (U+0072) in font nullfont!
Missing character: There is no u (U+0075) in font nullfont!
Missing character: There is no c (U+0063) in font nullfont!
Missing character: There is no c (U+0063) in font nullfont!
Missing character: There is no i (U+0069) in font nullfont!
Missing character: There is no ó (U+00F3) in font nullfont!
Missing character: There is no n (U+006E) in font nullfont!
Missing character: There is no , (U+002C) in font nullfont!
Missing character: There is no s (U+0073) in font nullfont!
Missing character: There is no e (U+0065) in font nullfont!
Missing character: There is no s (U+0073) in font nullfont!
Missing character: There is no a (U+0061) in font nullfont!
Missing character: There is no t (U+0074) in font nullfont!
Missing character: There is no i (U+0069) in font nullfont!
Missing character: There is no s (U+0073) in font nullfont!
Missing character: There is no f (U+0066) in font nullfont!
Missing character: There is no a (U+0061) in font nullfont!
Missing character: There is no c (U+0063) in font nullfont!
Missing character: There is no e (U+0065) in font nullfont!
Missing character: There is no q (U+0071) in font nullfont!
Missing character: There is no u (U+0075) in font nullfont!
Missing character: There is no e (U+0065) in font nullfont!

Overfull \hbox (43.85559pt too wide) in paragraph at lines 113--115
\OMS/cmsy/m/n/10 j\OML/cmm/m/it/10 '[]\OT1/cmr/m/n/10 (\OML/cmm/m/it/10 x\OT1/c
mr/m/n/10 )\OMS/cmsy/m/n/10 j 
 []


Overfull \hbox (25.59032pt too wide) in paragraph at lines 113--115
\OMS/cmsy/m/n/10 j\OML/cmm/m/it/10 '\OT1/cmr/m/n/10 (\OML/cmm/m/it/10 x\OT1/cmr
/m/n/10 )\OMS/cmsy/m/n/10 j$
 []

Missing character: There is no p (U+0070) in font nullfont!
Missing character: There is no a (U+0061) in font nullfont!
Missing character: There is no r (U+0072) in font nullfont!
Missing character: There is no a (U+0061) in font nullfont!
Missing character: There is no t (U+0074) in font nullfont!
Missing character: There is no o (U+006F) in font nullfont!
Missing character: There is no d (U+0064) in font nullfont!
Missing character: There is no o (U+006F) in font nullfont!

Overfull \hbox (15.15967pt too wide) in paragraph at lines 113--115
\OML/cmm/m/it/10 x \OMS/cmsy/m/n/10 2
 []

Missing character: There is no , (U+002C) in font nullfont!

Overfull \hbox (10.79166pt too wide) in paragraph at lines 113--115
\OML/cmm/m/it/10 M$\nullfont ,
 []

Missing character: There is no l (U+006C) in font nullfont!
Missing character: There is no o (U+006F) in font nullfont!
Missing character: There is no q (U+0071) in font nullfont!
Missing character: There is no u (U+0075) in font nullfont!
Missing character: There is no e (U+0065) in font nullfont!
Missing character: There is no i (U+0069) in font nullfont!
Missing character: There is no m (U+006D) in font nullfont!
Missing character: There is no p (U+0070) in font nullfont!
Missing character: There is no l (U+006C) in font nullfont!
Missing character: There is no i (U+0069) in font nullfont!
Missing character: There is no c (U+0063) in font nullfont!
Missing character: There is no a (U+0061) in font nullfont!
Missing character: There is no q (U+0071) in font nullfont!
Missing character: There is no u (U+0075) in font nullfont!
Missing character: There is no e (U+0065) in font nullfont!

Overfull \hbox (58.52475pt too wide) in paragraph at lines 113--115
[][] \OMS/cmsy/m/n/10 j\OML/cmm/m/it/10 '[]\OMS/cmsy/m/n/10 j \OML/cmm/m/it/10 
d \OMS/cmsy/m/n/10 
 []


Overfull \hbox (50.81499pt too wide) in paragraph at lines 113--115
[][] \OMS/cmsy/m/n/10 j\OML/cmm/m/it/10 '\OMS/cmsy/m/n/10 j \OML/cmm/m/it/10 d <
 []

Missing character: There is no , (U+002C) in font nullfont!

Overfull \hbox (10.00002pt too wide) in paragraph at lines 113--115
\OMS/cmsy/m/n/10 1$\nullfont ,
 []

Missing character: There is no p (U+0070) in font nullfont!
Missing character: There is no o (U+006F) in font nullfont!
Missing character: There is no r (U+0072) in font nullfont!
Missing character: There is no l (U+006C) in font nullfont!
Missing character: There is no o (U+006F) in font nullfont!
Missing character: There is no q (U+0071) in font nullfont!
Missing character: There is no u (U+0075) in font nullfont!
Missing character: There is no e (U+0065) in font nullfont!

Overfull \hbox (23.69583pt too wide) in paragraph at lines 113--115
\OML/cmm/m/it/10 '[] \OMS/cmsy/m/n/10 2
 []

Missing character: There is no . (U+002E) in font nullfont!

Overfull \hbox (51.18379pt too wide) in paragraph at lines 113--115
\OMS/cmsy/m/n/10 L[]\OT1/cmr/m/n/10 (\OML/cmm/m/it/10 M; \OMS/cmsy/m/n/10 B\OML
/cmm/m/it/10 ; \OT1/cmr/m/n/10 )$\nullfont .
 []

Missing character: There is no C (U+0043) in font nullfont!
Missing character: There is no o (U+006F) in font nullfont!
Missing character: There is no m (U+006D) in font nullfont!
Missing character: There is no o (U+006F) in font nullfont!
Missing character: There is no a (U+0061) in font nullfont!
Missing character: There is no d (U+0064) in font nullfont!
Missing character: There is no e (U+0065) in font nullfont!
Missing character: There is no m (U+006D) in font nullfont!
Missing character: There is no á (U+00E1) in font nullfont!
Missing character: There is no s (U+0073) in font nullfont!

Overfull \hbox (14.25143pt too wide) in paragraph at lines 113--115
\OML/cmm/m/it/10 '[]$
 []

Missing character: There is no e (U+0065) in font nullfont!
Missing character: There is no s (U+0073) in font nullfont!
Missing character: There is no t (U+0074) in font nullfont!
Missing character: There is no á (U+00E1) in font nullfont!
Missing character: There is no a (U+0061) in font nullfont!
Missing character: There is no c (U+0063) in font nullfont!
Missing character: There is no o (U+006F) in font nullfont!
Missing character: There is no t (U+0074) in font nullfont!
Missing character: There is no a (U+0061) in font nullfont!
Missing character: There is no d (U+0064) in font nullfont!
Missing character: There is no a (U+0061) in font nullfont!
Missing character: There is no p (U+0070) in font nullfont!
Missing character: There is no o (U+006F) in font nullfont!
Missing character: There is no r (U+0072) in font nullfont!
Missing character: There is no , (U+002C) in font nullfont!

Overfull \hbox (9.20833pt too wide) in paragraph at lines 113--115
\OML/cmm/m/it/10 K$\nullfont ,
 []

Missing character: There is no p (U+0070) in font nullfont!
Missing character: There is no o (U+006F) in font nullfont!
Missing character: There is no d (U+0064) in font nullfont!
Missing character: There is no e (U+0065) in font nullfont!
Missing character: There is no m (U+006D) in font nullfont!
Missing character: There is no o (U+006F) in font nullfont!
Missing character: There is no s (U+0073) in font nullfont!
Missing character: There is no a (U+0061) in font nullfont!
Missing character: There is no p (U+0070) in font nullfont!
Missing character: There is no l (U+006C) in font nullfont!
Missing character: There is no i (U+0069) in font nullfont!
Missing character: There is no c (U+0063) in font nullfont!
Missing character: There is no a (U+0061) in font nullfont!
Missing character: There is no r (U+0072) in font nullfont!
Missing character: There is no l (U+006C) in font nullfont!
Missing character: There is no e (U+0065) in font nullfont!
Missing character: There is no d (U+0064) in font nullfont!
Missing character: There is no i (U+0069) in font nullfont!
Missing character: There is no r (U+0072) in font nullfont!
Missing character: There is no e (U+0065) in font nullfont!
Missing character: There is no c (U+0063) in font nullfont!
Missing character: There is no t (U+0074) in font nullfont!
Missing character: There is no a (U+0061) in font nullfont!
Missing character: There is no m (U+006D) in font nullfont!
Missing character: There is no e (U+0065) in font nullfont!
Missing character: There is no n (U+006E) in font nullfont!
Missing character: There is no t (U+0074) in font nullfont!
Missing character: There is no e (U+0065) in font nullfont!
Missing character: There is no e (U+0065) in font nullfont!
Missing character: There is no l (U+006C) in font nullfont!

Overfull \hbox (24.18999pt too wide) in paragraph at lines 113--115
\TU/lmr/bx/n/10 Caso
 []

Missing character: There is no : (U+003A) in font nullfont!

Overfull \hbox (5.75pt too wide) in paragraph at lines 113--115
\TU/lmr/bx/n/10 1\nullfont : 
 []


Overfull \hbox (244.44594pt too wide) detected at line 115
[] [] [] [][]\OT1/cmr/m/n/10 (\OML/cmm/m/it/10 '[] \OMS/cmsy/m/n/10  \OML/cmm/
m/it/10 f[]\OT1/cmr/m/n/10 )\OML/cmm/m/it/10   d \OT1/cmr/m/n/10 = [] []
 []

! Undefined control sequence.
l.116 ... existe un entero umbral $N_0 \in \mathbb
                                                  {N}$ (el cual depende de $...
The control sequence at the end of the top line
of your error message was never \def'ed. If you have
misspelled it (e.g., `\hobx'), type `I' and the correct
spelling (e.g., `I\hbox'). Otherwise just continue,
and I'll forget about whatever was undefined.

Missing character: There is no P (U+0050) in font nullfont!
Missing character: There is no o (U+006F) in font nullfont!
Missing character: There is no r (U+0072) in font nullfont!
Missing character: There is no l (U+006C) in font nullfont!
Missing character: There is no a (U+0061) in font nullfont!
Missing character: There is no p (U+0070) in font nullfont!
Missing character: There is no r (U+0072) in font nullfont!
Missing character: There is no o (U+006F) in font nullfont!
Missing character: There is no p (U+0070) in font nullfont!
Missing character: There is no i (U+0069) in font nullfont!
Missing character: There is no a (U+0061) in font nullfont!
Missing character: There is no d (U+0064) in font nullfont!
Missing character: There is no e (U+0065) in font nullfont!
Missing character: There is no f (U+0066) in font nullfont!
Missing character: There is no i (U+0069) in font nullfont!
Missing character: There is no n (U+006E) in font nullfont!
Missing character: There is no i (U+0069) in font nullfont!
Missing character: There is no c (U+0063) in font nullfont!
Missing character: There is no i (U+0069) in font nullfont!
Missing character: There is no ó (U+00F3) in font nullfont!
Missing character: There is no n (U+006E) in font nullfont!
Missing character: There is no d (U+0064) in font nullfont!
Missing character: There is no e (U+0065) in font nullfont!
Missing character: There is no l (U+006C) in font nullfont!
Missing character: There is no í (U+00ED) in font nullfont!
Missing character: There is no m (U+006D) in font nullfont!
Missing character: There is no i (U+0069) in font nullfont!
Missing character: There is no t (U+0074) in font nullfont!
Missing character: There is no e (U+0065) in font nullfont!
Missing character: There is no , (U+002C) in font nullfont!
Missing character: There is no p (U+0070) in font nullfont!
Missing character: There is no a (U+0061) in font nullfont!
Missing character: There is no r (U+0072) in font nullfont!
Missing character: There is no a (U+0061) in font nullfont!
Missing character: There is no c (U+0063) in font nullfont!
Missing character: There is no u (U+0075) in font nullfont!
Missing character: There is no a (U+0061) in font nullfont!
Missing character: There is no l (U+006C) in font nullfont!
Missing character: There is no q (U+0071) in font nullfont!
Missing character: There is no u (U+0075) in font nullfont!
Missing character: There is no i (U+0069) in font nullfont!
Missing character: There is no e (U+0065) in font nullfont!
Missing character: There is no r (U+0072) in font nullfont!
Missing character: There is no t (U+0074) in font nullfont!
Missing character: There is no o (U+006F) in font nullfont!
Missing character: There is no l (U+006C) in font nullfont!
Missing character: There is no e (U+0065) in font nullfont!
Missing character: There is no r (U+0072) in font nullfont!
Missing character: There is no a (U+0061) in font nullfont!
Missing character: There is no n (U+006E) in font nullfont!
Missing character: There is no c (U+0063) in font nullfont!
Missing character: There is no i (U+0069) in font nullfont!
Missing character: There is no a (U+0061) in font nullfont!
Missing character: There is no a (U+0061) in font nullfont!
Missing character: There is no r (U+0072) in font nullfont!
Missing character: There is no b (U+0062) in font nullfont!
Missing character: There is no i (U+0069) in font nullfont!
Missing character: There is no t (U+0074) in font nullfont!
Missing character: There is no r (U+0072) in font nullfont!
Missing character: There is no a (U+0061) in font nullfont!
Missing character: There is no r (U+0072) in font nullfont!
Missing character: There is no i (U+0069) in font nullfont!
Missing character: There is no a (U+0061) in font nullfont!
Missing character: There is no P (U+0050) in font nullfont!
Missing character: There is no o (U+006F) in font nullfont!
Missing character: There is no r (U+0072) in font nullfont!
Missing character: There is no l (U+006C) in font nullfont!
Missing character: There is no a (U+0061) in font nullfont!
Missing character: There is no p (U+0070) in font nullfont!
Missing character: There is no r (U+0072) in font nullfont!
Missing character: There is no o (U+006F) in font nullfont!
Missing character: There is no p (U+0070) in font nullfont!
Missing character: There is no i (U+0069) in font nullfont!
Missing character: There is no a (U+0061) in font nullfont!
Missing character: There is no d (U+0064) in font nullfont!
Missing character: There is no e (U+0065) in font nullfont!
Missing character: There is no f (U+0066) in font nullfont!
Missing character: There is no i (U+0069) in font nullfont!
Missing character: There is no n (U+006E) in font nullfont!
Missing character: There is no i (U+0069) in font nullfont!
Missing character: There is no c (U+0063) in font nullfont!
Missing character: There is no i (U+0069) in font nullfont!
Missing character: There is no ó (U+00F3) in font nullfont!
Missing character: There is no n (U+006E) in font nullfont!
Missing character: There is no d (U+0064) in font nullfont!
Missing character: There is no e (U+0065) in font nullfont!
Missing character: There is no l (U+006C) in font nullfont!
Missing character: There is no í (U+00ED) in font nullfont!
Missing character: There is no m (U+006D) in font nullfont!
Missing character: There is no i (U+0069) in font nullfont!
Missing character: There is no t (U+0074) in font nullfont!
Missing character: There is no e (U+0065) in font nullfont!
Missing character: There is no , (U+002C) in font nullfont!
Missing character: There is no p (U+0070) in font nullfont!
Missing character: There is no a (U+0061) in font nullfont!
Missing character: There is no r (U+0072) in font nullfont!
Missing character: There is no a (U+0061) in font nullfont!
Missing character: There is no c (U+0063) in font nullfont!
Missing character: There is no u (U+0075) in font nullfont!
Missing character: There is no a (U+0061) in font nullfont!
Missing character: There is no l (U+006C) in font nullfont!
Missing character: There is no q (U+0071) in font nullfont!
Missing character: There is no u (U+0075) in font nullfont!
Missing character: There is no i (U+0069) in font nullfont!
Missing character: There is no e (U+0065) in font nullfont!
Missing character: There is no r (U+0072) in font nullfont!
Missing character: There is no t (U+0074) in font nullfont!
Missing character: There is no o (U+006F) in font nullfont!
Missing character: There is no l (U+006C) in font nullfont!
Missing character: There is no e (U+0065) in font nullfont!
Missing character: There is no r (U+0072) in font nullfont!
Missing character: There is no a (U+0061) in font nullfont!
Missing character: There is no n (U+006E) in font nullfont!
Missing character: There is no c (U+0063) in font nullfont!
Missing character: There is no i (U+0069) in font nullfont!
Missing character: There is no a (U+0061) in font nullfont!
Missing character: There is no a (U+0061) in font nullfont!
Missing character: There is no r (U+0072) in font nullfont!
Missing character: There is no b (U+0062) in font nullfont!
Missing character: There is no i (U+0069) in font nullfont!
Missing character: There is no t (U+0074) in font nullfont!
Missing character: There is no r (U+0072) in font nullfont!
Missing character: There is no a (U+0061) in font nullfont!
Missing character: There is no r (U+0072) in font nullfont!
Missing character: There is no i (U+0069) in font nullfont!
Missing character: There is no a (U+0061) in font nullfont!
Missing character: There is no , (U+002C) in font nullfont!
Missing character: There is no e (U+0065) in font nullfont!
Missing character: There is no x (U+0078) in font nullfont!
Missing character: There is no i (U+0069) in font nullfont!
Missing character: There is no s (U+0073) in font nullfont!
Missing character: There is no t (U+0074) in font nullfont!
Missing character: There is no e (U+0065) in font nullfont!
Missing character: There is no u (U+0075) in font nullfont!
Missing character: There is no n (U+006E) in font nullfont!
Missing character: There is no e (U+0065) in font nullfont!
Missing character: There is no n (U+006E) in font nullfont!
Missing character: There is no t (U+0074) in font nullfont!
Missing character: There is no e (U+0065) in font nullfont!
Missing character: There is no r (U+0072) in font nullfont!
Missing character: There is no o (U+006F) in font nullfont!
Missing character: There is no u (U+0075) in font nullfont!
Missing character: There is no m (U+006D) in font nullfont!
Missing character: There is no b (U+0062) in font nullfont!
Missing character: There is no r (U+0072) in font nullfont!
Missing character: There is no a (U+0061) in font nullfont!
Missing character: There is no l (U+006C) in font nullfont!
Missing character: There is no ( (U+0028) in font nullfont!
Missing character: There is no e (U+0065) in font nullfont!
Missing character: There is no l (U+006C) in font nullfont!
Missing character: There is no c (U+0063) in font nullfont!
Missing character: There is no u (U+0075) in font nullfont!
Missing character: There is no a (U+0061) in font nullfont!
Missing character: There is no l (U+006C) in font nullfont!
Missing character: There is no d (U+0064) in font nullfont!
Missing character: There is no e (U+0065) in font nullfont!
Missing character: There is no p (U+0070) in font nullfont!
Missing character: There is no e (U+0065) in font nullfont!
Missing character: There is no n (U+006E) in font nullfont!
Missing character: There is no d (U+0064) in font nullfont!
Missing character: There is no e (U+0065) in font nullfont!
Missing character: There is no d (U+0064) in font nullfont!
Missing character: There is no e (U+0065) in font nullfont!
Missing character: There is no ) (U+0029) in font nullfont!
Missing character: There is no t (U+0074) in font nullfont!
Missing character: There is no a (U+0061) in font nullfont!
Missing character: There is no l (U+006C) in font nullfont!
Missing character: There is no q (U+0071) in font nullfont!
Missing character: There is no u (U+0075) in font nullfont!
Missing character: There is no e (U+0065) in font nullfont!
Missing character: There is no p (U+0070) in font nullfont!
Missing character: There is no a (U+0061) in font nullfont!
Missing character: There is no r (U+0072) in font nullfont!
Missing character: There is no a (U+0061) in font nullfont!
Missing character: There is no t (U+0074) in font nullfont!
Missing character: There is no o (U+006F) in font nullfont!
Missing character: There is no d (U+0064) in font nullfont!
Missing character: There is no o (U+006F) in font nullfont!
Missing character: There is no : (U+003A) in font nullfont!
Missing character: There is no P (U+0050) in font nullfont!
Missing character: There is no o (U+006F) in font nullfont!
Missing character: There is no r (U+0072) in font nullfont!
Missing character: There is no l (U+006C) in font nullfont!
Missing character: There is no a (U+0061) in font nullfont!
Missing character: There is no p (U+0070) in font nullfont!
Missing character: There is no r (U+0072) in font nullfont!
Missing character: There is no o (U+006F) in font nullfont!
Missing character: There is no p (U+0070) in font nullfont!
Missing character: There is no i (U+0069) in font nullfont!
Missing character: There is no a (U+0061) in font nullfont!
Missing character: There is no d (U+0064) in font nullfont!
Missing character: There is no e (U+0065) in font nullfont!
Missing character: There is no f (U+0066) in font nullfont!
Missing character: There is no i (U+0069) in font nullfont!
Missing character: There is no n (U+006E) in font nullfont!
Missing character: There is no i (U+0069) in font nullfont!
Missing character: There is no c (U+0063) in font nullfont!
Missing character: There is no i (U+0069) in font nullfont!
Missing character: There is no ó (U+00F3) in font nullfont!
Missing character: There is no n (U+006E) in font nullfont!
Missing character: There is no d (U+0064) in font nullfont!
Missing character: There is no e (U+0065) in font nullfont!
Missing character: There is no l (U+006C) in font nullfont!
Missing character: There is no í (U+00ED) in font nullfont!
Missing character: There is no m (U+006D) in font nullfont!
Missing character: There is no i (U+0069) in font nullfont!
Missing character: There is no t (U+0074) in font nullfont!
Missing character: There is no e (U+0065) in font nullfont!
Missing character: There is no , (U+002C) in font nullfont!
Missing character: There is no p (U+0070) in font nullfont!
Missing character: There is no a (U+0061) in font nullfont!
Missing character: There is no r (U+0072) in font nullfont!
Missing character: There is no a (U+0061) in font nullfont!
Missing character: There is no c (U+0063) in font nullfont!
Missing character: There is no u (U+0075) in font nullfont!
Missing character: There is no a (U+0061) in font nullfont!
Missing character: There is no l (U+006C) in font nullfont!
Missing character: There is no q (U+0071) in font nullfont!
Missing character: There is no u (U+0075) in font nullfont!
Missing character: There is no i (U+0069) in font nullfont!
Missing character: There is no e (U+0065) in font nullfont!
Missing character: There is no r (U+0072) in font nullfont!
Missing character: There is no t (U+0074) in font nullfont!
Missing character: There is no o (U+006F) in font nullfont!
Missing character: There is no l (U+006C) in font nullfont!
Missing character: There is no e (U+0065) in font nullfont!
Missing character: There is no r (U+0072) in font nullfont!
Missing character: There is no a (U+0061) in font nullfont!
Missing character: There is no n (U+006E) in font nullfont!
Missing character: There is no c (U+0063) in font nullfont!
Missing character: There is no i (U+0069) in font nullfont!
Missing character: There is no a (U+0061) in font nullfont!
Missing character: There is no a (U+0061) in font nullfont!
Missing character: There is no r (U+0072) in font nullfont!
Missing character: There is no b (U+0062) in font nullfont!
Missing character: There is no i (U+0069) in font nullfont!
Missing character: There is no t (U+0074) in font nullfont!
Missing character: There is no r (U+0072) in font nullfont!
Missing character: There is no a (U+0061) in font nullfont!
Missing character: There is no r (U+0072) in font nullfont!
Missing character: There is no i (U+0069) in font nullfont!
Missing character: There is no a (U+0061) in font nullfont!

Overfull \hbox (15.21869pt too wide) in paragraph at lines 115--117
\OML/cmm/m/it/10 " >
 []

Missing character: There is no , (U+002C) in font nullfont!

Overfull \hbox (5.00002pt too wide) in paragraph at lines 115--117
\OT1/cmr/m/n/10 0$\nullfont ,
 []

Missing character: There is no e (U+0065) in font nullfont!
Missing character: There is no x (U+0078) in font nullfont!
Missing character: There is no i (U+0069) in font nullfont!
Missing character: There is no s (U+0073) in font nullfont!
Missing character: There is no t (U+0074) in font nullfont!
Missing character: There is no e (U+0065) in font nullfont!
Missing character: There is no u (U+0075) in font nullfont!
Missing character: There is no n (U+006E) in font nullfont!
Missing character: There is no e (U+0065) in font nullfont!
Missing character: There is no n (U+006E) in font nullfont!
Missing character: There is no t (U+0074) in font nullfont!
Missing character: There is no e (U+0065) in font nullfont!
Missing character: There is no r (U+0072) in font nullfont!
Missing character: There is no o (U+006F) in font nullfont!
Missing character: There is no u (U+0075) in font nullfont!
Missing character: There is no m (U+006D) in font nullfont!
Missing character: There is no b (U+0062) in font nullfont!
Missing character: There is no r (U+0072) in font nullfont!
Missing character: There is no a (U+0061) in font nullfont!
Missing character: There is no l (U+006C) in font nullfont!

Overfull \hbox (21.96524pt too wide) in paragraph at lines 115--117
\OML/cmm/m/it/10 N[] \OMS/cmsy/m/n/10 2
 []


Overfull \hbox (9.12497pt too wide) in paragraph at lines 115--117
\OML/cmm/m/it/10 N$
 []

Missing character: There is no ( (U+0028) in font nullfont!
Missing character: There is no e (U+0065) in font nullfont!
Missing character: There is no l (U+006C) in font nullfont!
Missing character: There is no c (U+0063) in font nullfont!
Missing character: There is no u (U+0075) in font nullfont!
Missing character: There is no a (U+0061) in font nullfont!
Missing character: There is no l (U+006C) in font nullfont!
Missing character: There is no d (U+0064) in font nullfont!
Missing character: There is no e (U+0065) in font nullfont!
Missing character: There is no p (U+0070) in font nullfont!
Missing character: There is no e (U+0065) in font nullfont!
Missing character: There is no n (U+006E) in font nullfont!
Missing character: There is no d (U+0064) in font nullfont!
Missing character: There is no e (U+0065) in font nullfont!
Missing character: There is no d (U+0064) in font nullfont!
Missing character: There is no e (U+0065) in font nullfont!
Missing character: There is no ) (U+0029) in font nullfont!

Overfull \hbox (9.20833pt too wide) in paragraph at lines 115--117
\OML/cmm/m/it/10 K$\nullfont )
 []

Missing character: There is no t (U+0074) in font nullfont!
Missing character: There is no a (U+0061) in font nullfont!
Missing character: There is no l (U+006C) in font nullfont!
Missing character: There is no q (U+0071) in font nullfont!
Missing character: There is no u (U+0075) in font nullfont!
Missing character: There is no e (U+0065) in font nullfont!
Missing character: There is no p (U+0070) in font nullfont!
Missing character: There is no a (U+0061) in font nullfont!
Missing character: There is no r (U+0072) in font nullfont!
Missing character: There is no a (U+0061) in font nullfont!
Missing character: There is no t (U+0074) in font nullfont!
Missing character: There is no o (U+006F) in font nullfont!
Missing character: There is no d (U+0064) in font nullfont!
Missing character: There is no o (U+006F) in font nullfont!

Overfull \hbox (16.55786pt too wide) in paragraph at lines 115--117
\OML/cmm/m/it/10 n \OMS/cmsy/m/n/10 
 []

Missing character: There is no : (U+003A) in font nullfont!

Overfull \hbox (12.52084pt too wide) in paragraph at lines 115--117
\OML/cmm/m/it/10 N[]$\nullfont : 
 []


Overfull \hbox (220.44322pt too wide) detected at line 119
[] \OML/cmm/m/it/10 < "[]
 []


! LaTeX Error: Environment align* undefined.

See the LaTeX manual or LaTeX Companion for explanation.
Type  H <return>  for immediate help.
 ...                                              
                                                  
l.122 	\begin{align*}
                     
Your command was ignored.
Type  I <command> <return>  to replace it with another command,
or  <return>  to continue without it.

! Missing $ inserted.
<inserted text> 
                $
l.123 		\|
          \varphi_K - \varphi\|_p &= \left( \int_M |\varphi_K - \varphi|^p \...
I've inserted a begin-math/end-math symbol since I think
you left one out. Proceed, with fingers crossed.

! Misplaced alignment tab character &.
l.123 		\|\varphi_K - \varphi\|_p &
                                   = \left( \int_M |\varphi_K - \varphi|^p \...
I can't figure out why you would want to use a tab mark
here. If you just want an ampersand, the remedy is
simple: Just type `I\&' now. But if some right brace
up above has ended a previous alignment prematurely,
you're probably due for more error messages, and you
might try typing `S' now just to see what is salvageable.

! Misplaced alignment tab character &.
<recently read> &
                 
l.124 		&
         = \left( \int_{\varphi^{-1}(-\infty, -K)} |\varphi_K - \varphi|^p \...
I can't figure out why you would want to use a tab mark
here. If you just want an ampersand, the remedy is
simple: Just type `I\&' now. But if some right brace
up above has ended a previous alignment prematurely,
you're probably due for more error messages, and you
might try typing `S' now just to see what is salvageable.


! LaTeX Error: \begin{document} ended by \end{align*}.

See the LaTeX manual or LaTeX Companion for explanation.
Type  H <return>  for immediate help.
 ...                                              
                                                  
l.125 	\end{align*}
                   
Your command was ignored.
Type  I <command> <return>  to replace it with another command,
or  <return>  to continue without it.

! Missing $ inserted.
<inserted text> 
                $
l.125 	\end{align*}
                   
I've inserted something that you may have forgotten.
(See the <inserted text> above.)
With luck, this will get me unwedged. But if you
really didn't forget anything, try typing `2' now; then
my insertion and my current dilemma will both disappear.

Missing character: There is no P (U+0050) in font nullfont!
Missing character: There is no o (U+006F) in font nullfont!
Missing character: There is no r (U+0072) in font nullfont!
Missing character: There is no P (U+0050) in font nullfont!
Missing character: There is no o (U+006F) in font nullfont!
Missing character: There is no r (U+0072) in font nullfont!
Missing character: There is no o (U+006F) in font nullfont!
Missing character: There is no t (U+0074) in font nullfont!
Missing character: There is no r (U+0072) in font nullfont!
Missing character: There is no o (U+006F) in font nullfont!
Missing character: There is no l (U+006C) in font nullfont!
Missing character: There is no a (U+0061) in font nullfont!
Missing character: There is no d (U+0064) in font nullfont!
Missing character: There is no o (U+006F) in font nullfont!
Missing character: There is no , (U+002C) in font nullfont!
Missing character: There is no e (U+0065) in font nullfont!
Missing character: There is no v (U+0076) in font nullfont!
Missing character: There is no a (U+0061) in font nullfont!
Missing character: There is no l (U+006C) in font nullfont!
Missing character: There is no u (U+0075) in font nullfont!
Missing character: There is no e (U+0065) in font nullfont!
Missing character: There is no m (U+006D) in font nullfont!
Missing character: There is no o (U+006F) in font nullfont!
Missing character: There is no s (U+0073) in font nullfont!
Missing character: There is no l (U+006C) in font nullfont!
Missing character: There is no a (U+0061) in font nullfont!
Missing character: There is no c (U+0063) in font nullfont!
Missing character: There is no o (U+006F) in font nullfont!
Missing character: There is no n (U+006E) in font nullfont!
Missing character: There is no v (U+0076) in font nullfont!
Missing character: There is no e (U+0065) in font nullfont!
Missing character: There is no r (U+0072) in font nullfont!
Missing character: There is no g (U+0067) in font nullfont!
Missing character: There is no e (U+0065) in font nullfont!
Missing character: There is no n (U+006E) in font nullfont!
Missing character: There is no c (U+0063) in font nullfont!
Missing character: There is no i (U+0069) in font nullfont!
Missing character: There is no a (U+0061) in font nullfont!
Missing character: There is no e (U+0065) in font nullfont!
Missing character: There is no n (U+006E) in font nullfont!
Missing character: There is no n (U+006E) in font nullfont!
Missing character: There is no o (U+006F) in font nullfont!
Missing character: There is no r (U+0072) in font nullfont!
Missing character: There is no m (U+006D) in font nullfont!
Missing character: There is no a (U+0061) in font nullfont!
Missing character: There is no d (U+0064) in font nullfont!
Missing character: There is no e (U+0065) in font nullfont!
Missing character: There is no l (U+006C) in font nullfont!
Missing character: There is no a (U+0061) in font nullfont!
Missing character: There is no t (U+0074) in font nullfont!
Missing character: There is no r (U+0072) in font nullfont!
Missing character: There is no u (U+0075) in font nullfont!
Missing character: There is no n (U+006E) in font nullfont!
Missing character: There is no c (U+0063) in font nullfont!
Missing character: There is no a (U+0061) in font nullfont!
Missing character: There is no d (U+0064) in font nullfont!
Missing character: There is no a (U+0061) in font nullfont!
Missing character: There is no h (U+0068) in font nullfont!
Missing character: There is no a (U+0061) in font nullfont!
Missing character: There is no c (U+0063) in font nullfont!
Missing character: There is no i (U+0069) in font nullfont!
Missing character: There is no a (U+0061) in font nullfont!
Missing character: There is no l (U+006C) in font nullfont!
Missing character: There is no a (U+0061) in font nullfont!
Missing character: There is no f (U+0066) in font nullfont!
Missing character: There is no u (U+0075) in font nullfont!
Missing character: There is no n (U+006E) in font nullfont!
Missing character: There is no c (U+0063) in font nullfont!
Missing character: There is no i (U+0069) in font nullfont!
Missing character: There is no ó (U+00F3) in font nullfont!
Missing character: There is no n (U+006E) in font nullfont!
Missing character: There is no o (U+006F) in font nullfont!
Missing character: There is no r (U+0072) in font nullfont!
Missing character: There is no i (U+0069) in font nullfont!
Missing character: There is no g (U+0067) in font nullfont!
Missing character: There is no i (U+0069) in font nullfont!
Missing character: There is no n (U+006E) in font nullfont!
Missing character: There is no a (U+0061) in font nullfont!
Missing character: There is no l (U+006C) in font nullfont!
Missing character: There is no : (U+003A) in font nullfont!
Missing character: There is no C (U+0043) in font nullfont!
Missing character: There is no o (U+006F) in font nullfont!
Missing character: There is no m (U+006D) in font nullfont!
Missing character: There is no o (U+006F) in font nullfont!
Missing character: There is no , (U+002C) in font nullfont!
Missing character: There is no l (U+006C) in font nullfont!
Missing character: There is no a (U+0061) in font nullfont!
Missing character: There is no i (U+0069) in font nullfont!
Missing character: There is no n (U+006E) in font nullfont!
Missing character: There is no t (U+0074) in font nullfont!
Missing character: There is no e (U+0065) in font nullfont!
Missing character: There is no g (U+0067) in font nullfont!
Missing character: There is no r (U+0072) in font nullfont!
Missing character: There is no a (U+0061) in font nullfont!
Missing character: There is no l (U+006C) in font nullfont!
Missing character: There is no t (U+0074) in font nullfont!
Missing character: There is no o (U+006F) in font nullfont!
Missing character: There is no t (U+0074) in font nullfont!
Missing character: There is no a (U+0061) in font nullfont!
Missing character: There is no l (U+006C) in font nullfont!
Missing character: There is no e (U+0065) in font nullfont!
Missing character: There is no s (U+0073) in font nullfont!
Missing character: There is no f (U+0066) in font nullfont!
Missing character: There is no i (U+0069) in font nullfont!
Missing character: There is no n (U+006E) in font nullfont!
Missing character: There is no i (U+0069) in font nullfont!
Missing character: There is no t (U+0074) in font nullfont!
Missing character: There is no a (U+0061) in font nullfont!
Missing character: There is no , (U+002C) in font nullfont!
Missing character: There is no l (U+006C) in font nullfont!
Missing character: There is no o (U+006F) in font nullfont!
Missing character: There is no q (U+0071) in font nullfont!
Missing character: There is no u (U+0075) in font nullfont!
Missing character: There is no e (U+0065) in font nullfont!
Missing character: There is no o (U+006F) in font nullfont!
Missing character: There is no b (U+0062) in font nullfont!
Missing character: There is no l (U+006C) in font nullfont!
Missing character: There is no i (U+0069) in font nullfont!
Missing character: There is no g (U+0067) in font nullfont!
Missing character: There is no a (U+0061) in font nullfont!
Missing character: There is no a (U+0061) in font nullfont!
Missing character: There is no q (U+0071) in font nullfont!
Missing character: There is no u (U+0075) in font nullfont!
Missing character: There is no e (U+0065) in font nullfont!
Missing character: There is no e (U+0065) in font nullfont!
Missing character: There is no l (U+006C) in font nullfont!
Missing character: There is no c (U+0063) in font nullfont!
Missing character: There is no o (U+006F) in font nullfont!
Missing character: There is no n (U+006E) in font nullfont!
Missing character: There is no j (U+006A) in font nullfont!
Missing character: There is no u (U+0075) in font nullfont!
Missing character: There is no n (U+006E) in font nullfont!
Missing character: There is no t (U+0074) in font nullfont!
Missing character: There is no o (U+006F) in font nullfont!
Missing character: There is no d (U+0064) in font nullfont!
Missing character: There is no e (U+0065) in font nullfont!
Missing character: There is no p (U+0070) in font nullfont!
Missing character: There is no u (U+0075) in font nullfont!
Missing character: There is no n (U+006E) in font nullfont!
Missing character: There is no t (U+0074) in font nullfont!
Missing character: There is no o (U+006F) in font nullfont!
Missing character: There is no s (U+0073) in font nullfont!
Missing character: There is no d (U+0064) in font nullfont!
Missing character: There is no o (U+006F) in font nullfont!
Missing character: There is no n (U+006E) in font nullfont!
Missing character: There is no d (U+0064) in font nullfont!
Missing character: There is no e (U+0065) in font nullfont!
Missing character: There is no l (U+006C) in font nullfont!
Missing character: There is no a (U+0061) in font nullfont!
Missing character: There is no f (U+0066) in font nullfont!
Missing character: There is no u (U+0075) in font nullfont!
Missing character: There is no n (U+006E) in font nullfont!
Missing character: There is no c (U+0063) in font nullfont!
Missing character: There is no i (U+0069) in font nullfont!
Missing character: There is no ó (U+00F3) in font nullfont!
Missing character: There is no n (U+006E) in font nullfont!
Missing character: There is no s (U+0073) in font nullfont!
Missing character: There is no e (U+0065) in font nullfont!
Missing character: There is no i (U+0069) in font nullfont!
Missing character: There is no n (U+006E) in font nullfont!
Missing character: There is no d (U+0064) in font nullfont!
Missing character: There is no e (U+0065) in font nullfont!
Missing character: There is no f (U+0066) in font nullfont!
Missing character: There is no i (U+0069) in font nullfont!
Missing character: There is no n (U+006E) in font nullfont!
Missing character: There is no e (U+0065) in font nullfont!
Missing character: There is no t (U+0074) in font nullfont!
Missing character: There is no e (U+0065) in font nullfont!
Missing character: There is no n (U+006E) in font nullfont!
Missing character: There is no g (U+0067) in font nullfont!
Missing character: There is no a (U+0061) in font nullfont!
Missing character: There is no m (U+006D) in font nullfont!
Missing character: There is no e (U+0065) in font nullfont!
Missing character: There is no d (U+0064) in font nullfont!
Missing character: There is no i (U+0069) in font nullfont!
Missing character: There is no d (U+0064) in font nullfont!
Missing character: There is no a (U+0061) in font nullfont!
Missing character: There is no n (U+006E) in font nullfont!
Missing character: There is no u (U+0075) in font nullfont!
Missing character: There is no l (U+006C) in font nullfont!
Missing character: There is no a (U+0061) in font nullfont!
Missing character: There is no : (U+003A) in font nullfont!
Missing character: There is no . (U+002E) in font nullfont!
Missing character: There is no A (U+0041) in font nullfont!
Missing character: There is no d (U+0064) in font nullfont!
Missing character: There is no e (U+0065) in font nullfont!
Missing character: There is no m (U+006D) in font nullfont!
Missing character: There is no á (U+00E1) in font nullfont!
Missing character: There is no s (U+0073) in font nullfont!
Missing character: There is no , (U+002C) in font nullfont!
Missing character: There is no l (U+006C) in font nullfont!
Missing character: There is no o (U+006F) in font nullfont!
Missing character: There is no s (U+0073) in font nullfont!
Missing character: There is no c (U+0063) in font nullfont!
Missing character: There is no o (U+006F) in font nullfont!
Missing character: There is no n (U+006E) in font nullfont!
Missing character: There is no j (U+006A) in font nullfont!
Missing character: There is no u (U+0075) in font nullfont!
Missing character: There is no n (U+006E) in font nullfont!
Missing character: There is no t (U+0074) in font nullfont!
Missing character: There is no o (U+006F) in font nullfont!
Missing character: There is no s (U+0073) in font nullfont!
Missing character: There is no d (U+0064) in font nullfont!
Missing character: There is no e (U+0065) in font nullfont!
Missing character: There is no n (U+006E) in font nullfont!
Missing character: There is no i (U+0069) in font nullfont!
Missing character: There is no v (U+0076) in font nullfont!
Missing character: There is no e (U+0065) in font nullfont!
Missing character: There is no l (U+006C) in font nullfont!
Missing character: There is no s (U+0073) in font nullfont!
Missing character: There is no u (U+0075) in font nullfont!
Missing character: There is no p (U+0070) in font nullfont!
Missing character: There is no e (U+0065) in font nullfont!
Missing character: There is no r (U+0072) in font nullfont!
Missing character: There is no i (U+0069) in font nullfont!
Missing character: There is no o (U+006F) in font nullfont!
Missing character: There is no r (U+0072) in font nullfont!
Missing character: There is no s (U+0073) in font nullfont!
Missing character: There is no a (U+0061) in font nullfont!
Missing character: There is no t (U+0074) in font nullfont!
Missing character: There is no i (U+0069) in font nullfont!
Missing character: There is no s (U+0073) in font nullfont!
Missing character: There is no f (U+0066) in font nullfont!
Missing character: There is no a (U+0061) in font nullfont!
Missing character: There is no c (U+0063) in font nullfont!
Missing character: There is no e (U+0065) in font nullfont!
Missing character: There is no n (U+006E) in font nullfont!
Missing character: There is no u (U+0075) in font nullfont!
Missing character: There is no n (U+006E) in font nullfont!
Missing character: There is no a (U+0061) in font nullfont!
Missing character: There is no n (U+006E) in font nullfont!
Missing character: There is no i (U+0069) in font nullfont!
Missing character: There is no d (U+0064) in font nullfont!
Missing character: There is no a (U+0061) in font nullfont!
Missing character: There is no m (U+006D) in font nullfont!
Missing character: There is no i (U+0069) in font nullfont!
Missing character: There is no e (U+0065) in font nullfont!
Missing character: There is no n (U+006E) in font nullfont!
Missing character: There is no t (U+0074) in font nullfont!
Missing character: There is no o (U+006F) in font nullfont!
Missing character: There is no d (U+0064) in font nullfont!
Missing character: There is no e (U+0065) in font nullfont!
Missing character: There is no c (U+0063) in font nullfont!
Missing character: There is no r (U+0072) in font nullfont!
Missing character: There is no e (U+0065) in font nullfont!
Missing character: There is no c (U+0063) in font nullfont!
Missing character: There is no i (U+0069) in font nullfont!
Missing character: There is no e (U+0065) in font nullfont!
Missing character: There is no n (U+006E) in font nullfont!
Missing character: There is no t (U+0074) in font nullfont!
Missing character: There is no e (U+0065) in font nullfont!
Missing character: There is no : (U+003A) in font nullfont!
Missing character: There is no P (U+0050) in font nullfont!
Missing character: There is no o (U+006F) in font nullfont!
Missing character: There is no r (U+0072) in font nullfont!

Overfull \hbox (20.0pt too wide) in paragraph at lines 121--127
[]Por
 []

Missing character: There is no o (U+006F) in font nullfont!
Missing character: There is no t (U+0074) in font nullfont!
Missing character: There is no r (U+0072) in font nullfont!
Missing character: There is no o (U+006F) in font nullfont!
Missing character: There is no l (U+006C) in font nullfont!
Missing character: There is no a (U+0061) in font nullfont!
Missing character: There is no d (U+0064) in font nullfont!
Missing character: There is no o (U+006F) in font nullfont!
Missing character: There is no , (U+002C) in font nullfont!
Missing character: There is no e (U+0065) in font nullfont!
Missing character: There is no v (U+0076) in font nullfont!
Missing character: There is no a (U+0061) in font nullfont!
Missing character: There is no l (U+006C) in font nullfont!
Missing character: There is no u (U+0075) in font nullfont!
Missing character: There is no e (U+0065) in font nullfont!
Missing character: There is no m (U+006D) in font nullfont!
Missing character: There is no o (U+006F) in font nullfont!
Missing character: There is no s (U+0073) in font nullfont!
Missing character: There is no l (U+006C) in font nullfont!
Missing character: There is no a (U+0061) in font nullfont!
Missing character: There is no c (U+0063) in font nullfont!
Missing character: There is no o (U+006F) in font nullfont!
Missing character: There is no n (U+006E) in font nullfont!
Missing character: There is no v (U+0076) in font nullfont!
Missing character: There is no e (U+0065) in font nullfont!
Missing character: There is no r (U+0072) in font nullfont!
Missing character: There is no g (U+0067) in font nullfont!
Missing character: There is no e (U+0065) in font nullfont!
Missing character: There is no n (U+006E) in font nullfont!
Missing character: There is no c (U+0063) in font nullfont!
Missing character: There is no i (U+0069) in font nullfont!
Missing character: There is no a (U+0061) in font nullfont!
Missing character: There is no e (U+0065) in font nullfont!
Missing character: There is no n (U+006E) in font nullfont!
Missing character: There is no n (U+006E) in font nullfont!
Missing character: There is no o (U+006F) in font nullfont!
Missing character: There is no r (U+0072) in font nullfont!
Missing character: There is no m (U+006D) in font nullfont!
Missing character: There is no a (U+0061) in font nullfont!
Missing character: There is no d (U+0064) in font nullfont!
Missing character: There is no e (U+0065) in font nullfont!
Missing character: There is no l (U+006C) in font nullfont!
Missing character: There is no a (U+0061) in font nullfont!
Missing character: There is no t (U+0074) in font nullfont!
Missing character: There is no r (U+0072) in font nullfont!
Missing character: There is no u (U+0075) in font nullfont!
Missing character: There is no n (U+006E) in font nullfont!
Missing character: There is no c (U+0063) in font nullfont!
Missing character: There is no a (U+0061) in font nullfont!
Missing character: There is no d (U+0064) in font nullfont!
Missing character: There is no a (U+0061) in font nullfont!
Missing character: There is no h (U+0068) in font nullfont!
Missing character: There is no a (U+0061) in font nullfont!
Missing character: There is no c (U+0063) in font nullfont!
Missing character: There is no i (U+0069) in font nullfont!
Missing character: There is no a (U+0061) in font nullfont!
Missing character: There is no l (U+006C) in font nullfont!
Missing character: There is no a (U+0061) in font nullfont!
Missing character: There is no f (U+0066) in font nullfont!
Missing character: There is no u (U+0075) in font nullfont!
Missing character: There is no n (U+006E) in font nullfont!
Missing character: There is no c (U+0063) in font nullfont!
Missing character: There is no i (U+0069) in font nullfont!
Missing character: There is no ó (U+00F3) in font nullfont!
Missing character: There is no n (U+006E) in font nullfont!
Missing character: There is no o (U+006F) in font nullfont!
Missing character: There is no r (U+0072) in font nullfont!
Missing character: There is no i (U+0069) in font nullfont!
Missing character: There is no g (U+0067) in font nullfont!
Missing character: There is no i (U+0069) in font nullfont!
Missing character: There is no n (U+006E) in font nullfont!
Missing character: There is no a (U+0061) in font nullfont!
Missing character: There is no l (U+006C) in font nullfont!
Missing character: There is no : (U+003A) in font nullfont!

Overfull \hbox (27.02925pt too wide) in paragraph at lines 121--127
\OMS/cmsy/m/n/10 k\OML/cmm/m/it/10 '[] \OMS/cmsy/m/n/10 ^^@
 []


Overfull \hbox (26.71954pt too wide) in paragraph at lines 121--127
\OML/cmm/m/it/10 '\OMS/cmsy/m/n/10 k[] \OT1/cmr/m/n/10 =
 []


Overfull \hbox (94.89444pt too wide) in paragraph at lines 121--127
[][] [] 
 []


Overfull \hbox (7.7778pt too wide) in paragraph at lines 121--127
\OT1/cmr/m/n/10 =
 []


Overfull \hbox (336.54045pt too wide) in paragraph at lines 121--127
[][]$
 []

Missing character: There is no C (U+0043) in font nullfont!
Missing character: There is no o (U+006F) in font nullfont!
Missing character: There is no m (U+006D) in font nullfont!
Missing character: There is no o (U+006F) in font nullfont!

Overfull \hbox (15.98607pt too wide) in paragraph at lines 121--127
\OML/cmm/m/it/10 ' \OMS/cmsy/m/n/10 2
 []

Missing character: There is no , (U+002C) in font nullfont!

Overfull \hbox (51.32pt too wide) in paragraph at lines 121--127
\OMS/cmsy/m/n/10 L[]\OT1/cmr/m/n/10 (\OML/cmm/m/it/10 M; \OMS/cmsy/m/n/10 B\OML
/cmm/m/it/10 ; \OT1/cmr/m/n/10 )$\nullfont ,
 []

Missing character: There is no l (U+006C) in font nullfont!
Missing character: There is no a (U+0061) in font nullfont!
Missing character: There is no i (U+0069) in font nullfont!
Missing character: There is no n (U+006E) in font nullfont!
Missing character: There is no t (U+0074) in font nullfont!
Missing character: There is no e (U+0065) in font nullfont!
Missing character: There is no g (U+0067) in font nullfont!
Missing character: There is no r (U+0072) in font nullfont!
Missing character: There is no a (U+0061) in font nullfont!
Missing character: There is no l (U+006C) in font nullfont!
Missing character: There is no t (U+0074) in font nullfont!
Missing character: There is no o (U+006F) in font nullfont!
Missing character: There is no t (U+0074) in font nullfont!
Missing character: There is no a (U+0061) in font nullfont!
Missing character: There is no l (U+006C) in font nullfont!
Missing character: There is no e (U+0065) in font nullfont!
Missing character: There is no s (U+0073) in font nullfont!
Missing character: There is no f (U+0066) in font nullfont!
Missing character: There is no i (U+0069) in font nullfont!
Missing character: There is no n (U+006E) in font nullfont!
Missing character: There is no i (U+0069) in font nullfont!
Missing character: There is no t (U+0074) in font nullfont!
Missing character: There is no a (U+0061) in font nullfont!
Missing character: There is no , (U+002C) in font nullfont!
Missing character: There is no l (U+006C) in font nullfont!
Missing character: There is no o (U+006F) in font nullfont!
Missing character: There is no q (U+0071) in font nullfont!
Missing character: There is no u (U+0075) in font nullfont!
Missing character: There is no e (U+0065) in font nullfont!
Missing character: There is no o (U+006F) in font nullfont!
Missing character: There is no b (U+0062) in font nullfont!
Missing character: There is no l (U+006C) in font nullfont!
Missing character: There is no i (U+0069) in font nullfont!
Missing character: There is no g (U+0067) in font nullfont!
Missing character: There is no a (U+0061) in font nullfont!
Missing character: There is no a (U+0061) in font nullfont!
Missing character: There is no q (U+0071) in font nullfont!
Missing character: There is no u (U+0075) in font nullfont!
Missing character: There is no e (U+0065) in font nullfont!
Missing character: There is no e (U+0065) in font nullfont!
Missing character: There is no l (U+006C) in font nullfont!
Missing character: There is no c (U+0063) in font nullfont!
Missing character: There is no o (U+006F) in font nullfont!
Missing character: There is no n (U+006E) in font nullfont!
Missing character: There is no j (U+006A) in font nullfont!
Missing character: There is no u (U+0075) in font nullfont!
Missing character: There is no n (U+006E) in font nullfont!
Missing character: There is no t (U+0074) in font nullfont!
Missing character: There is no o (U+006F) in font nullfont!
Missing character: There is no d (U+0064) in font nullfont!
Missing character: There is no e (U+0065) in font nullfont!
Missing character: There is no p (U+0070) in font nullfont!
Missing character: There is no u (U+0075) in font nullfont!
Missing character: There is no n (U+006E) in font nullfont!
Missing character: There is no t (U+0074) in font nullfont!
Missing character: There is no o (U+006F) in font nullfont!
Missing character: There is no s (U+0073) in font nullfont!
Missing character: There is no d (U+0064) in font nullfont!
Missing character: There is no o (U+006F) in font nullfont!
Missing character: There is no n (U+006E) in font nullfont!
Missing character: There is no d (U+0064) in font nullfont!
Missing character: There is no e (U+0065) in font nullfont!
Missing character: There is no l (U+006C) in font nullfont!
Missing character: There is no a (U+0061) in font nullfont!
Missing character: There is no f (U+0066) in font nullfont!
Missing character: There is no u (U+0075) in font nullfont!
Missing character: There is no n (U+006E) in font nullfont!
Missing character: There is no c (U+0063) in font nullfont!
Missing character: There is no i (U+0069) in font nullfont!
Missing character: There is no ó (U+00F3) in font nullfont!
Missing character: There is no n (U+006E) in font nullfont!
Missing character: There is no s (U+0073) in font nullfont!
Missing character: There is no e (U+0065) in font nullfont!
Missing character: There is no i (U+0069) in font nullfont!
Missing character: There is no n (U+006E) in font nullfont!
Missing character: There is no d (U+0064) in font nullfont!
Missing character: There is no e (U+0065) in font nullfont!
Missing character: There is no f (U+0066) in font nullfont!
Missing character: There is no i (U+0069) in font nullfont!
Missing character: There is no n (U+006E) in font nullfont!
Missing character: There is no e (U+0065) in font nullfont!
Missing character: There is no t (U+0074) in font nullfont!
Missing character: There is no e (U+0065) in font nullfont!
Missing character: There is no n (U+006E) in font nullfont!
Missing character: There is no g (U+0067) in font nullfont!
Missing character: There is no a (U+0061) in font nullfont!
Missing character: There is no m (U+006D) in font nullfont!
Missing character: There is no e (U+0065) in font nullfont!
Missing character: There is no d (U+0064) in font nullfont!
Missing character: There is no i (U+0069) in font nullfont!
Missing character: There is no d (U+0064) in font nullfont!
Missing character: There is no a (U+0061) in font nullfont!
Missing character: There is no n (U+006E) in font nullfont!
Missing character: There is no u (U+0075) in font nullfont!
Missing character: There is no l (U+006C) in font nullfont!
Missing character: There is no a (U+0061) in font nullfont!
Missing character: There is no : (U+003A) in font nullfont!

Overfull \hbox (26.18517pt too wide) in paragraph at lines 121--127
\OML/cmm/m/it/10 \OT1/cmr/m/n/10 (\OMS/cmsy/m/n/10 f\OML/cmm/m/it/10 x \OT1/cm
r/m/n/10 :
 []


Overfull \hbox (36.14583pt too wide) in paragraph at lines 121--127
\OMS/cmsy/m/n/10 j\OML/cmm/m/it/10 '\OT1/cmr/m/n/10 (\OML/cmm/m/it/10 x\OT1/cmr
/m/n/10 )\OMS/cmsy/m/n/10 j \OT1/cmr/m/n/10 =
 []


Overfull \hbox (29.44444pt too wide) in paragraph at lines 121--127
\OMS/cmsy/m/n/10 1g\OT1/cmr/m/n/10 ) =
 []

Missing character: There is no . (U+002E) in font nullfont!

Overfull \hbox (5.00002pt too wide) in paragraph at lines 121--127
\OT1/cmr/m/n/10 0$\nullfont .
 []

Missing character: There is no A (U+0041) in font nullfont!
Missing character: There is no d (U+0064) in font nullfont!
Missing character: There is no e (U+0065) in font nullfont!
Missing character: There is no m (U+006D) in font nullfont!
Missing character: There is no á (U+00E1) in font nullfont!
Missing character: There is no s (U+0073) in font nullfont!
Missing character: There is no , (U+002C) in font nullfont!
Missing character: There is no l (U+006C) in font nullfont!
Missing character: There is no o (U+006F) in font nullfont!
Missing character: There is no s (U+0073) in font nullfont!
Missing character: There is no c (U+0063) in font nullfont!
Missing character: There is no o (U+006F) in font nullfont!
Missing character: There is no n (U+006E) in font nullfont!
Missing character: There is no j (U+006A) in font nullfont!
Missing character: There is no u (U+0075) in font nullfont!
Missing character: There is no n (U+006E) in font nullfont!
Missing character: There is no t (U+0074) in font nullfont!
Missing character: There is no o (U+006F) in font nullfont!
Missing character: There is no s (U+0073) in font nullfont!
Missing character: There is no d (U+0064) in font nullfont!
Missing character: There is no e (U+0065) in font nullfont!
Missing character: There is no n (U+006E) in font nullfont!
Missing character: There is no i (U+0069) in font nullfont!
Missing character: There is no v (U+0076) in font nullfont!
Missing character: There is no e (U+0065) in font nullfont!
Missing character: There is no l (U+006C) in font nullfont!
Missing character: There is no s (U+0073) in font nullfont!
Missing character: There is no u (U+0075) in font nullfont!
Missing character: There is no p (U+0070) in font nullfont!
Missing character: There is no e (U+0065) in font nullfont!
Missing character: There is no r (U+0072) in font nullfont!
Missing character: There is no i (U+0069) in font nullfont!
Missing character: There is no o (U+006F) in font nullfont!
Missing character: There is no r (U+0072) in font nullfont!
Missing character: There is no s (U+0073) in font nullfont!
Missing character: There is no a (U+0061) in font nullfont!
Missing character: There is no t (U+0074) in font nullfont!
Missing character: There is no i (U+0069) in font nullfont!
Missing character: There is no s (U+0073) in font nullfont!
Missing character: There is no f (U+0066) in font nullfont!
Missing character: There is no a (U+0061) in font nullfont!
Missing character: There is no c (U+0063) in font nullfont!
Missing character: There is no e (U+0065) in font nullfont!
Missing character: There is no n (U+006E) in font nullfont!
Missing character: There is no u (U+0075) in font nullfont!
Missing character: There is no n (U+006E) in font nullfont!
Missing character: There is no a (U+0061) in font nullfont!
Missing character: There is no n (U+006E) in font nullfont!
Missing character: There is no i (U+0069) in font nullfont!
Missing character: There is no d (U+0064) in font nullfont!
Missing character: There is no a (U+0061) in font nullfont!
Missing character: There is no m (U+006D) in font nullfont!
Missing character: There is no i (U+0069) in font nullfont!
Missing character: There is no e (U+0065) in font nullfont!
Missing character: There is no n (U+006E) in font nullfont!
Missing character: There is no t (U+0074) in font nullfont!
Missing character: There is no o (U+006F) in font nullfont!
Missing character: There is no d (U+0064) in font nullfont!
Missing character: There is no e (U+0065) in font nullfont!
Missing character: There is no c (U+0063) in font nullfont!
Missing character: There is no r (U+0072) in font nullfont!
Missing character: There is no e (U+0065) in font nullfont!
Missing character: There is no c (U+0063) in font nullfont!
Missing character: There is no i (U+0069) in font nullfont!
Missing character: There is no e (U+0065) in font nullfont!
Missing character: There is no n (U+006E) in font nullfont!
Missing character: There is no t (U+0074) in font nullfont!
Missing character: There is no e (U+0065) in font nullfont!
Missing character: There is no : (U+003A) in font nullfont!
! Undefined control sequence.
l.127 ...= \{x \in M : |\varphi(x)| > K\} \implies
                                                   E_{K+1} \subseteq E_K \qu...
The control sequence at the end of the top line
of your error message was never \def'ed. If you have
misspelled it (e.g., `\hobx'), type `I' and the correct
spelling (e.g., `I\hbox'). Otherwise just continue,
and I'll forget about whatever was undefined.

! Undefined control sequence.
l.127 ...implies E_{K+1} \subseteq E_K \quad \text
                                                  {y} \quad \bigcap_{K=1}^\i...
The control sequence at the end of the top line
of your error message was never \def'ed. If you have
misspelled it (e.g., `\hobx'), type `I' and the correct
spelling (e.g., `I\hbox'). Otherwise just continue,
and I'll forget about whatever was undefined.


Overfull \hbox (327.60115pt too wide) detected at line 127
\OML/cmm/m/it/10 E[] \OT1/cmr/m/n/10 = \OMS/cmsy/m/n/10 f\OML/cmm/m/it/10 x \OM
S/cmsy/m/n/10 2 \OML/cmm/m/it/10 M \OT1/cmr/m/n/10 : \OMS/cmsy/m/n/10 j\OML/cmm
/m/it/10 '\OT1/cmr/m/n/10 (\OML/cmm/m/it/10 x\OT1/cmr/m/n/10 )\OMS/cmsy/m/n/10 
j \OML/cmm/m/it/10 > K\OMS/cmsy/m/n/10 g\OML/cmm/m/it/10 E[] \OMS/cmsy/m/n/10  \OML/cmm/m/it/10 E[]y [] E[] \OT1/cmr/m/n/10 = \OMS/cmsy/m/n/10 f\OML/cmm/m/it/10 x \OMS/cmsy/m/n/10 2 \OML/cmm/m/it/10 M \OT1/cmr/m/n/10 : \OMS/cmsy/m/n/10 j\OML/cmm/m/it/10 '\OT1/cmr/m/n/10 (\OML/cmm/m/it/10 x\OT1/cmr/m/n/10 )\OMS/cmsy/m/n/10 j \OT1/cmr/m/n/10 = \OMS/cmsy/m/n/10 1g
 []

! Undefined control sequence.
l.128 ...: $\|\varphi_K - \varphi\|_p \xrightarrow
                                                  [K \to \infty]{} 0$.
The control sequence at the end of the top line
of your error message was never \def'ed. If you have
misspelled it (e.g., `\hobx'), type `I' and the correct
spelling (e.g., `I\hbox'). Otherwise just continue,
and I'll forget about whatever was undefined.

Missing character: There is no P (U+0050) in font nullfont!
Missing character: There is no o (U+006F) in font nullfont!
Missing character: There is no r (U+0072) in font nullfont!
Missing character: There is no l (U+006C) in font nullfont!
Missing character: There is no a (U+0061) in font nullfont!
Missing character: There is no c (U+0063) in font nullfont!
Missing character: There is no o (U+006F) in font nullfont!
Missing character: There is no n (U+006E) in font nullfont!
Missing character: There is no t (U+0074) in font nullfont!
Missing character: There is no i (U+0069) in font nullfont!
Missing character: There is no n (U+006E) in font nullfont!
Missing character: There is no u (U+0075) in font nullfont!
Missing character: There is no i (U+0069) in font nullfont!
Missing character: There is no t (U+0074) in font nullfont!
Missing character: There is no y (U+0079) in font nullfont!
Missing character: There is no s (U+0073) in font nullfont!
Missing character: There is no u (U+0075) in font nullfont!
Missing character: There is no p (U+0070) in font nullfont!
Missing character: There is no e (U+0065) in font nullfont!
Missing character: There is no r (U+0072) in font nullfont!
Missing character: There is no i (U+0069) in font nullfont!
Missing character: There is no o (U+006F) in font nullfont!
Missing character: There is no r (U+0072) in font nullfont!
Missing character: There is no d (U+0064) in font nullfont!
Missing character: There is no e (U+0065) in font nullfont!
Missing character: There is no l (U+006C) in font nullfont!
Missing character: There is no a (U+0061) in font nullfont!
Missing character: There is no s (U+0073) in font nullfont!
Missing character: There is no m (U+006D) in font nullfont!
Missing character: There is no e (U+0065) in font nullfont!
Missing character: There is no d (U+0064) in font nullfont!
Missing character: There is no i (U+0069) in font nullfont!
Missing character: There is no d (U+0064) in font nullfont!
Missing character: There is no a (U+0061) in font nullfont!
Missing character: There is no s (U+0073) in font nullfont!
Missing character: There is no f (U+0066) in font nullfont!
Missing character: There is no i (U+0069) in font nullfont!
Missing character: There is no n (U+006E) in font nullfont!
Missing character: There is no i (U+0069) in font nullfont!
Missing character: There is no t (U+0074) in font nullfont!
Missing character: There is no a (U+0061) in font nullfont!
Missing character: There is no s (U+0073) in font nullfont!
Missing character: There is no , (U+002C) in font nullfont!
Missing character: There is no l (U+006C) in font nullfont!
Missing character: There is no a (U+0061) in font nullfont!
Missing character: There is no m (U+006D) in font nullfont!
Missing character: There is no a (U+0061) in font nullfont!
Missing character: There is no s (U+0073) in font nullfont!
Missing character: There is no a (U+0061) in font nullfont!
Missing character: There is no d (U+0064) in font nullfont!
Missing character: There is no e (U+0065) in font nullfont!
Missing character: There is no l (U+006C) in font nullfont!
Missing character: There is no a (U+0061) in font nullfont!
Missing character: There is no s (U+0073) in font nullfont!
Missing character: There is no c (U+0063) in font nullfont!
Missing character: There is no o (U+006F) in font nullfont!
Missing character: There is no l (U+006C) in font nullfont!
Missing character: There is no a (U+0061) in font nullfont!
Missing character: There is no s (U+0073) in font nullfont!
Missing character: There is no t (U+0074) in font nullfont!
Missing character: There is no i (U+0069) in font nullfont!
Missing character: There is no e (U+0065) in font nullfont!
Missing character: There is no n (U+006E) in font nullfont!
Missing character: There is no d (U+0064) in font nullfont!
Missing character: There is no e (U+0065) in font nullfont!
Missing character: There is no a (U+0061) in font nullfont!
Missing character: There is no c (U+0063) in font nullfont!
Missing character: There is no e (U+0065) in font nullfont!
Missing character: There is no r (U+0072) in font nullfont!
Missing character: There is no o (U+006F) in font nullfont!
Missing character: There is no : (U+003A) in font nullfont!
Missing character: There is no P (U+0050) in font nullfont!
Missing character: There is no o (U+006F) in font nullfont!
Missing character: There is no r (U+0072) in font nullfont!
Missing character: There is no l (U+006C) in font nullfont!
Missing character: There is no a (U+0061) in font nullfont!
Missing character: There is no c (U+0063) in font nullfont!
Missing character: There is no o (U+006F) in font nullfont!
Missing character: There is no n (U+006E) in font nullfont!
Missing character: There is no t (U+0074) in font nullfont!
Missing character: There is no i (U+0069) in font nullfont!
Missing character: There is no n (U+006E) in font nullfont!
Missing character: There is no u (U+0075) in font nullfont!
Missing character: There is no i (U+0069) in font nullfont!
Missing character: There is no t (U+0074) in font nullfont!
Missing character: There is no y (U+0079) in font nullfont!
Missing character: There is no s (U+0073) in font nullfont!
Missing character: There is no u (U+0075) in font nullfont!
Missing character: There is no p (U+0070) in font nullfont!
Missing character: There is no e (U+0065) in font nullfont!
Missing character: There is no r (U+0072) in font nullfont!
Missing character: There is no i (U+0069) in font nullfont!
Missing character: There is no o (U+006F) in font nullfont!
Missing character: There is no r (U+0072) in font nullfont!
Missing character: There is no d (U+0064) in font nullfont!
Missing character: There is no e (U+0065) in font nullfont!
Missing character: There is no l (U+006C) in font nullfont!
Missing character: There is no a (U+0061) in font nullfont!
Missing character: There is no s (U+0073) in font nullfont!
Missing character: There is no m (U+006D) in font nullfont!
Missing character: There is no e (U+0065) in font nullfont!
Missing character: There is no d (U+0064) in font nullfont!
Missing character: There is no i (U+0069) in font nullfont!
Missing character: There is no d (U+0064) in font nullfont!
Missing character: There is no a (U+0061) in font nullfont!
Missing character: There is no s (U+0073) in font nullfont!
Missing character: There is no f (U+0066) in font nullfont!
Missing character: There is no i (U+0069) in font nullfont!
Missing character: There is no n (U+006E) in font nullfont!
Missing character: There is no i (U+0069) in font nullfont!
Missing character: There is no t (U+0074) in font nullfont!
Missing character: There is no a (U+0061) in font nullfont!
Missing character: There is no s (U+0073) in font nullfont!
Missing character: There is no , (U+002C) in font nullfont!
Missing character: There is no l (U+006C) in font nullfont!
Missing character: There is no a (U+0061) in font nullfont!
Missing character: There is no m (U+006D) in font nullfont!
Missing character: There is no a (U+0061) in font nullfont!
Missing character: There is no s (U+0073) in font nullfont!
Missing character: There is no a (U+0061) in font nullfont!
Missing character: There is no d (U+0064) in font nullfont!
Missing character: There is no e (U+0065) in font nullfont!
Missing character: There is no l (U+006C) in font nullfont!
Missing character: There is no a (U+0061) in font nullfont!
Missing character: There is no s (U+0073) in font nullfont!
Missing character: There is no c (U+0063) in font nullfont!
Missing character: There is no o (U+006F) in font nullfont!
Missing character: There is no l (U+006C) in font nullfont!
Missing character: There is no a (U+0061) in font nullfont!
Missing character: There is no s (U+0073) in font nullfont!
Missing character: There is no t (U+0074) in font nullfont!
Missing character: There is no i (U+0069) in font nullfont!
Missing character: There is no e (U+0065) in font nullfont!
Missing character: There is no n (U+006E) in font nullfont!
Missing character: There is no d (U+0064) in font nullfont!
Missing character: There is no e (U+0065) in font nullfont!
Missing character: There is no a (U+0061) in font nullfont!
Missing character: There is no c (U+0063) in font nullfont!
Missing character: There is no e (U+0065) in font nullfont!
Missing character: There is no r (U+0072) in font nullfont!
Missing character: There is no o (U+006F) in font nullfont!
Missing character: There is no : (U+003A) in font nullfont!
Missing character: There is no . (U+002E) in font nullfont!
Missing character: There is no E (U+0045) in font nullfont!
Missing character: There is no n (U+006E) in font nullfont!
Missing character: There is no c (U+0063) in font nullfont!
Missing character: There is no o (U+006F) in font nullfont!
Missing character: There is no n (U+006E) in font nullfont!
Missing character: There is no s (U+0073) in font nullfont!
Missing character: There is no e (U+0065) in font nullfont!
Missing character: There is no c (U+0063) in font nullfont!
Missing character: There is no u (U+0075) in font nullfont!
Missing character: There is no e (U+0065) in font nullfont!
Missing character: There is no n (U+006E) in font nullfont!
Missing character: There is no c (U+0063) in font nullfont!
Missing character: There is no i (U+0069) in font nullfont!
Missing character: There is no a (U+0061) in font nullfont!
Missing character: There is no , (U+002C) in font nullfont!
Missing character: There is no p (U+0070) in font nullfont!
Missing character: There is no o (U+006F) in font nullfont!
Missing character: There is no r (U+0072) in font nullfont!
Missing character: There is no e (U+0065) in font nullfont!
Missing character: There is no l (U+006C) in font nullfont!
Missing character: There is no T (U+0054) in font nullfont!
Missing character: There is no e (U+0065) in font nullfont!
Missing character: There is no o (U+006F) in font nullfont!
Missing character: There is no r (U+0072) in font nullfont!
Missing character: There is no e (U+0065) in font nullfont!
Missing character: There is no m (U+006D) in font nullfont!
Missing character: There is no a (U+0061) in font nullfont!
Missing character: There is no d (U+0064) in font nullfont!
Missing character: There is no e (U+0065) in font nullfont!
Missing character: There is no C (U+0043) in font nullfont!
Missing character: There is no o (U+006F) in font nullfont!
Missing character: There is no n (U+006E) in font nullfont!
Missing character: There is no v (U+0076) in font nullfont!
Missing character: There is no e (U+0065) in font nullfont!
Missing character: There is no r (U+0072) in font nullfont!
Missing character: There is no g (U+0067) in font nullfont!
Missing character: There is no e (U+0065) in font nullfont!
Missing character: There is no n (U+006E) in font nullfont!
Missing character: There is no c (U+0063) in font nullfont!
Missing character: There is no i (U+0069) in font nullfont!
Missing character: There is no a (U+0061) in font nullfont!
Missing character: There is no D (U+0044) in font nullfont!
Missing character: There is no o (U+006F) in font nullfont!
Missing character: There is no m (U+006D) in font nullfont!
Missing character: There is no i (U+0069) in font nullfont!
Missing character: There is no n (U+006E) in font nullfont!
Missing character: There is no a (U+0061) in font nullfont!
Missing character: There is no d (U+0064) in font nullfont!
Missing character: There is no a (U+0061) in font nullfont!
Missing character: There is no , (U+002C) in font nullfont!
Missing character: There is no l (U+006C) in font nullfont!
Missing character: There is no a (U+0061) in font nullfont!
Missing character: There is no c (U+0063) in font nullfont!
Missing character: There is no o (U+006F) in font nullfont!
Missing character: There is no l (U+006C) in font nullfont!
Missing character: There is no a (U+0061) in font nullfont!
Missing character: There is no d (U+0064) in font nullfont!
Missing character: There is no e (U+0065) in font nullfont!
Missing character: There is no l (U+006C) in font nullfont!
Missing character: There is no a (U+0061) in font nullfont!
Missing character: There is no i (U+0069) in font nullfont!
Missing character: There is no n (U+006E) in font nullfont!
Missing character: There is no t (U+0074) in font nullfont!
Missing character: There is no e (U+0065) in font nullfont!
Missing character: There is no g (U+0067) in font nullfont!
Missing character: There is no r (U+0072) in font nullfont!
Missing character: There is no a (U+0061) in font nullfont!
Missing character: There is no l (U+006C) in font nullfont!
Missing character: There is no d (U+0064) in font nullfont!
Missing character: There is no e (U+0065) in font nullfont!
Missing character: There is no s (U+0073) in font nullfont!
Missing character: There is no a (U+0061) in font nullfont!
Missing character: There is no p (U+0070) in font nullfont!
Missing character: There is no a (U+0061) in font nullfont!
Missing character: There is no r (U+0072) in font nullfont!
Missing character: There is no e (U+0065) in font nullfont!
Missing character: There is no c (U+0063) in font nullfont!
Missing character: There is no e (U+0065) in font nullfont!
Missing character: There is no : (U+003A) in font nullfont!
Missing character: There is no . (U+002E) in font nullfont!
Missing character: There is no P (U+0050) in font nullfont!
Missing character: There is no o (U+006F) in font nullfont!
Missing character: There is no r (U+0072) in font nullfont!
Missing character: There is no l (U+006C) in font nullfont!
Missing character: There is no a (U+0061) in font nullfont!
Missing character: There is no c (U+0063) in font nullfont!
Missing character: There is no o (U+006F) in font nullfont!
Missing character: There is no n (U+006E) in font nullfont!
Missing character: There is no t (U+0074) in font nullfont!
Missing character: There is no i (U+0069) in font nullfont!
Missing character: There is no n (U+006E) in font nullfont!
Missing character: There is no u (U+0075) in font nullfont!
Missing character: There is no i (U+0069) in font nullfont!
Missing character: There is no t (U+0074) in font nullfont!
Missing character: There is no y (U+0079) in font nullfont!
Missing character: There is no s (U+0073) in font nullfont!
Missing character: There is no u (U+0075) in font nullfont!
Missing character: There is no p (U+0070) in font nullfont!
Missing character: There is no e (U+0065) in font nullfont!
Missing character: There is no r (U+0072) in font nullfont!
Missing character: There is no i (U+0069) in font nullfont!
Missing character: There is no o (U+006F) in font nullfont!
Missing character: There is no r (U+0072) in font nullfont!
Missing character: There is no d (U+0064) in font nullfont!
Missing character: There is no e (U+0065) in font nullfont!
Missing character: There is no l (U+006C) in font nullfont!
Missing character: There is no a (U+0061) in font nullfont!
Missing character: There is no s (U+0073) in font nullfont!
Missing character: There is no m (U+006D) in font nullfont!
Missing character: There is no e (U+0065) in font nullfont!
Missing character: There is no d (U+0064) in font nullfont!
Missing character: There is no i (U+0069) in font nullfont!
Missing character: There is no d (U+0064) in font nullfont!
Missing character: There is no a (U+0061) in font nullfont!
Missing character: There is no s (U+0073) in font nullfont!
Missing character: There is no f (U+0066) in font nullfont!
Missing character: There is no i (U+0069) in font nullfont!
Missing character: There is no n (U+006E) in font nullfont!
Missing character: There is no i (U+0069) in font nullfont!
Missing character: There is no t (U+0074) in font nullfont!
Missing character: There is no a (U+0061) in font nullfont!
Missing character: There is no s (U+0073) in font nullfont!
Missing character: There is no , (U+002C) in font nullfont!
Missing character: There is no l (U+006C) in font nullfont!
Missing character: There is no a (U+0061) in font nullfont!
Missing character: There is no m (U+006D) in font nullfont!
Missing character: There is no a (U+0061) in font nullfont!
Missing character: There is no s (U+0073) in font nullfont!
Missing character: There is no a (U+0061) in font nullfont!
Missing character: There is no d (U+0064) in font nullfont!
Missing character: There is no e (U+0065) in font nullfont!
Missing character: There is no l (U+006C) in font nullfont!
Missing character: There is no a (U+0061) in font nullfont!
Missing character: There is no s (U+0073) in font nullfont!
Missing character: There is no c (U+0063) in font nullfont!
Missing character: There is no o (U+006F) in font nullfont!
Missing character: There is no l (U+006C) in font nullfont!
Missing character: There is no a (U+0061) in font nullfont!
Missing character: There is no s (U+0073) in font nullfont!
Missing character: There is no t (U+0074) in font nullfont!
Missing character: There is no i (U+0069) in font nullfont!
Missing character: There is no e (U+0065) in font nullfont!
Missing character: There is no n (U+006E) in font nullfont!
Missing character: There is no d (U+0064) in font nullfont!
Missing character: There is no e (U+0065) in font nullfont!
Missing character: There is no a (U+0061) in font nullfont!
Missing character: There is no c (U+0063) in font nullfont!
Missing character: There is no e (U+0065) in font nullfont!
Missing character: There is no r (U+0072) in font nullfont!
Missing character: There is no o (U+006F) in font nullfont!
Missing character: There is no : (U+003A) in font nullfont!

Overfull \hbox (78.66031pt too wide) in paragraph at lines 127--129
[][] \OML/cmm/m/it/10 \OT1/cmr/m/n/10 (\OML/cmm/m/it/10 E[]\OT1/cmr/m/n/10 ) =
 []

Missing character: There is no . (U+002E) in font nullfont!

Overfull \hbox (5.00002pt too wide) in paragraph at lines 127--129
\OT1/cmr/m/n/10 0$\nullfont .
 []

Missing character: There is no E (U+0045) in font nullfont!
Missing character: There is no n (U+006E) in font nullfont!
Missing character: There is no c (U+0063) in font nullfont!
Missing character: There is no o (U+006F) in font nullfont!
Missing character: There is no n (U+006E) in font nullfont!
Missing character: There is no s (U+0073) in font nullfont!
Missing character: There is no e (U+0065) in font nullfont!
Missing character: There is no c (U+0063) in font nullfont!
Missing character: There is no u (U+0075) in font nullfont!
Missing character: There is no e (U+0065) in font nullfont!
Missing character: There is no n (U+006E) in font nullfont!
Missing character: There is no c (U+0063) in font nullfont!
Missing character: There is no i (U+0069) in font nullfont!
Missing character: There is no a (U+0061) in font nullfont!
Missing character: There is no , (U+002C) in font nullfont!
Missing character: There is no p (U+0070) in font nullfont!
Missing character: There is no o (U+006F) in font nullfont!
Missing character: There is no r (U+0072) in font nullfont!
Missing character: There is no e (U+0065) in font nullfont!
Missing character: There is no l (U+006C) in font nullfont!
Missing character: There is no T (U+0054) in font nullfont!
Missing character: There is no e (U+0065) in font nullfont!
Missing character: There is no o (U+006F) in font nullfont!
Missing character: There is no r (U+0072) in font nullfont!
Missing character: There is no e (U+0065) in font nullfont!
Missing character: There is no m (U+006D) in font nullfont!
Missing character: There is no a (U+0061) in font nullfont!
Missing character: There is no d (U+0064) in font nullfont!
Missing character: There is no e (U+0065) in font nullfont!
Missing character: There is no C (U+0043) in font nullfont!
Missing character: There is no o (U+006F) in font nullfont!
Missing character: There is no n (U+006E) in font nullfont!
Missing character: There is no v (U+0076) in font nullfont!
Missing character: There is no e (U+0065) in font nullfont!
Missing character: There is no r (U+0072) in font nullfont!
Missing character: There is no g (U+0067) in font nullfont!
Missing character: There is no e (U+0065) in font nullfont!
Missing character: There is no n (U+006E) in font nullfont!
Missing character: There is no c (U+0063) in font nullfont!
Missing character: There is no i (U+0069) in font nullfont!
Missing character: There is no a (U+0061) in font nullfont!
Missing character: There is no D (U+0044) in font nullfont!
Missing character: There is no o (U+006F) in font nullfont!
Missing character: There is no m (U+006D) in font nullfont!
Missing character: There is no i (U+0069) in font nullfont!
Missing character: There is no n (U+006E) in font nullfont!
Missing character: There is no a (U+0061) in font nullfont!
Missing character: There is no d (U+0064) in font nullfont!
Missing character: There is no a (U+0061) in font nullfont!
Missing character: There is no , (U+002C) in font nullfont!
Missing character: There is no l (U+006C) in font nullfont!
Missing character: There is no a (U+0061) in font nullfont!
Missing character: There is no c (U+0063) in font nullfont!
Missing character: There is no o (U+006F) in font nullfont!
Missing character: There is no l (U+006C) in font nullfont!
Missing character: There is no a (U+0061) in font nullfont!
Missing character: There is no d (U+0064) in font nullfont!
Missing character: There is no e (U+0065) in font nullfont!
Missing character: There is no l (U+006C) in font nullfont!
Missing character: There is no a (U+0061) in font nullfont!
Missing character: There is no i (U+0069) in font nullfont!
Missing character: There is no n (U+006E) in font nullfont!
Missing character: There is no t (U+0074) in font nullfont!
Missing character: There is no e (U+0065) in font nullfont!
Missing character: There is no g (U+0067) in font nullfont!
Missing character: There is no r (U+0072) in font nullfont!
Missing character: There is no a (U+0061) in font nullfont!
Missing character: There is no l (U+006C) in font nullfont!
Missing character: There is no d (U+0064) in font nullfont!
Missing character: There is no e (U+0065) in font nullfont!
Missing character: There is no s (U+0073) in font nullfont!
Missing character: There is no a (U+0061) in font nullfont!
Missing character: There is no p (U+0070) in font nullfont!
Missing character: There is no a (U+0061) in font nullfont!
Missing character: There is no r (U+0072) in font nullfont!
Missing character: There is no e (U+0065) in font nullfont!
Missing character: There is no c (U+0063) in font nullfont!
Missing character: There is no e (U+0065) in font nullfont!
Missing character: There is no : (U+003A) in font nullfont!

Overfull \hbox (27.02925pt too wide) in paragraph at lines 127--129
\OMS/cmsy/m/n/10 k\OML/cmm/m/it/10 '[] \OMS/cmsy/m/n/10 ^^@
 []


Overfull \hbox (40.92787pt too wide) in paragraph at lines 127--129
\OML/cmm/m/it/10 '\OMS/cmsy/m/n/10 k[]\OT1/cmr/m/n/10 [\OML/cmm/m/it/10 K \OMS/
cmsy/m/n/10 !
 []

Missing character: There is no . (U+002E) in font nullfont!

Overfull \hbox (17.77782pt too wide) in paragraph at lines 127--129
\OMS/cmsy/m/n/10 1\OT1/cmr/m/n/10 ][]0$\nullfont . 
 []

Missing character: There is no P (U+0050) in font nullfont!
Missing character: There is no o (U+006F) in font nullfont!
Missing character: There is no r (U+0072) in font nullfont!
Missing character: There is no P (U+0050) in font nullfont!
Missing character: There is no o (U+006F) in font nullfont!
Missing character: There is no r (U+0072) in font nullfont!
Missing character: There is no l (U+006C) in font nullfont!
Missing character: There is no a (U+0061) in font nullfont!
Missing character: There is no d (U+0064) in font nullfont!
Missing character: There is no e (U+0065) in font nullfont!
Missing character: There is no s (U+0073) in font nullfont!
Missing character: There is no i (U+0069) in font nullfont!
Missing character: There is no g (U+0067) in font nullfont!
Missing character: There is no u (U+0075) in font nullfont!
Missing character: There is no a (U+0061) in font nullfont!
Missing character: There is no l (U+006C) in font nullfont!
Missing character: There is no d (U+0064) in font nullfont!
Missing character: There is no a (U+0061) in font nullfont!
Missing character: There is no d (U+0064) in font nullfont!
Missing character: There is no d (U+0064) in font nullfont!
Missing character: There is no e (U+0065) in font nullfont!
Missing character: There is no H (U+0048) in font nullfont!
Missing character: There is no ö (U+00F6) in font nullfont!
Missing character: There is no l (U+006C) in font nullfont!
Missing character: There is no d (U+0064) in font nullfont!
Missing character: There is no e (U+0065) in font nullfont!
Missing character: There is no r (U+0072) in font nullfont!
Missing character: There is no , (U+002C) in font nullfont!
Missing character: There is no p (U+0070) in font nullfont!
Missing character: There is no o (U+006F) in font nullfont!
Missing character: There is no d (U+0064) in font nullfont!
Missing character: There is no e (U+0065) in font nullfont!
Missing character: There is no m (U+006D) in font nullfont!
Missing character: There is no o (U+006F) in font nullfont!
Missing character: There is no s (U+0073) in font nullfont!
Missing character: There is no a (U+0061) in font nullfont!
Missing character: There is no c (U+0063) in font nullfont!
Missing character: There is no o (U+006F) in font nullfont!
Missing character: There is no t (U+0074) in font nullfont!
Missing character: There is no a (U+0061) in font nullfont!
Missing character: There is no r (U+0072) in font nullfont!
Missing character: There is no l (U+006C) in font nullfont!
Missing character: There is no a (U+0061) in font nullfont!
Missing character: There is no d (U+0064) in font nullfont!
Missing character: There is no i (U+0069) in font nullfont!
Missing character: There is no s (U+0073) in font nullfont!
Missing character: There is no t (U+0074) in font nullfont!
Missing character: There is no a (U+0061) in font nullfont!
Missing character: There is no n (U+006E) in font nullfont!
Missing character: There is no c (U+0063) in font nullfont!
Missing character: There is no i (U+0069) in font nullfont!
Missing character: There is no a (U+0061) in font nullfont!
Missing character: There is no e (U+0065) in font nullfont!
Missing character: There is no n (U+006E) in font nullfont!
Missing character: There is no t (U+0074) in font nullfont!
Missing character: There is no r (U+0072) in font nullfont!
Missing character: There is no e (U+0065) in font nullfont!
Missing character: There is no l (U+006C) in font nullfont!
Missing character: There is no o (U+006F) in font nullfont!
Missing character: There is no s (U+0073) in font nullfont!
Missing character: There is no p (U+0070) in font nullfont!
Missing character: There is no r (U+0072) in font nullfont!
Missing character: There is no o (U+006F) in font nullfont!
Missing character: There is no m (U+006D) in font nullfont!
Missing character: There is no e (U+0065) in font nullfont!
Missing character: There is no d (U+0064) in font nullfont!
Missing character: There is no i (U+0069) in font nullfont!
Missing character: There is no o (U+006F) in font nullfont!
Missing character: There is no s (U+0073) in font nullfont!
Missing character: There is no e (U+0065) in font nullfont!
Missing character: There is no s (U+0073) in font nullfont!
Missing character: There is no p (U+0070) in font nullfont!
Missing character: There is no a (U+0061) in font nullfont!
Missing character: There is no c (U+0063) in font nullfont!
Missing character: There is no i (U+0069) in font nullfont!
Missing character: There is no a (U+0061) in font nullfont!
Missing character: There is no l (U+006C) in font nullfont!
Missing character: There is no e (U+0065) in font nullfont!
Missing character: There is no s (U+0073) in font nullfont!
Missing character: There is no : (U+003A) in font nullfont!
Missing character: There is no P (U+0050) in font nullfont!
Missing character: There is no o (U+006F) in font nullfont!
Missing character: There is no r (U+0072) in font nullfont!

Overfull \hbox (20.0pt too wide) in paragraph at lines 130--131
[]Por
 []

Missing character: There is no l (U+006C) in font nullfont!
Missing character: There is no a (U+0061) in font nullfont!
Missing character: There is no d (U+0064) in font nullfont!
Missing character: There is no e (U+0065) in font nullfont!
Missing character: There is no s (U+0073) in font nullfont!
Missing character: There is no i (U+0069) in font nullfont!
Missing character: There is no g (U+0067) in font nullfont!
Missing character: There is no u (U+0075) in font nullfont!
Missing character: There is no a (U+0061) in font nullfont!
Missing character: There is no l (U+006C) in font nullfont!
Missing character: There is no d (U+0064) in font nullfont!
Missing character: There is no a (U+0061) in font nullfont!
Missing character: There is no d (U+0064) in font nullfont!
Missing character: There is no d (U+0064) in font nullfont!
Missing character: There is no e (U+0065) in font nullfont!
Missing character: There is no H (U+0048) in font nullfont!
Missing character: There is no ö (U+00F6) in font nullfont!
Missing character: There is no l (U+006C) in font nullfont!
Missing character: There is no d (U+0064) in font nullfont!
Missing character: There is no e (U+0065) in font nullfont!
Missing character: There is no r (U+0072) in font nullfont!
Missing character: There is no , (U+002C) in font nullfont!
Missing character: There is no p (U+0070) in font nullfont!
Missing character: There is no o (U+006F) in font nullfont!
Missing character: There is no d (U+0064) in font nullfont!
Missing character: There is no e (U+0065) in font nullfont!
Missing character: There is no m (U+006D) in font nullfont!
Missing character: There is no o (U+006F) in font nullfont!
Missing character: There is no s (U+0073) in font nullfont!
Missing character: There is no a (U+0061) in font nullfont!
Missing character: There is no c (U+0063) in font nullfont!
Missing character: There is no o (U+006F) in font nullfont!
Missing character: There is no t (U+0074) in font nullfont!
Missing character: There is no a (U+0061) in font nullfont!
Missing character: There is no r (U+0072) in font nullfont!
Missing character: There is no l (U+006C) in font nullfont!
Missing character: There is no a (U+0061) in font nullfont!
Missing character: There is no d (U+0064) in font nullfont!
Missing character: There is no i (U+0069) in font nullfont!
Missing character: There is no s (U+0073) in font nullfont!
Missing character: There is no t (U+0074) in font nullfont!
Missing character: There is no a (U+0061) in font nullfont!
Missing character: There is no n (U+006E) in font nullfont!
Missing character: There is no c (U+0063) in font nullfont!
Missing character: There is no i (U+0069) in font nullfont!
Missing character: There is no a (U+0061) in font nullfont!
Missing character: There is no e (U+0065) in font nullfont!
Missing character: There is no n (U+006E) in font nullfont!
Missing character: There is no t (U+0074) in font nullfont!
Missing character: There is no r (U+0072) in font nullfont!
Missing character: There is no e (U+0065) in font nullfont!
Missing character: There is no l (U+006C) in font nullfont!
Missing character: There is no o (U+006F) in font nullfont!
Missing character: There is no s (U+0073) in font nullfont!
Missing character: There is no p (U+0070) in font nullfont!
Missing character: There is no r (U+0072) in font nullfont!
Missing character: There is no o (U+006F) in font nullfont!
Missing character: There is no m (U+006D) in font nullfont!
Missing character: There is no e (U+0065) in font nullfont!
Missing character: There is no d (U+0064) in font nullfont!
Missing character: There is no i (U+0069) in font nullfont!
Missing character: There is no o (U+006F) in font nullfont!
Missing character: There is no s (U+0073) in font nullfont!
Missing character: There is no e (U+0065) in font nullfont!
Missing character: There is no s (U+0073) in font nullfont!
Missing character: There is no p (U+0070) in font nullfont!
Missing character: There is no a (U+0061) in font nullfont!
Missing character: There is no c (U+0063) in font nullfont!
Missing character: There is no i (U+0069) in font nullfont!
Missing character: There is no a (U+0061) in font nullfont!
Missing character: There is no l (U+006C) in font nullfont!
Missing character: There is no e (U+0065) in font nullfont!
Missing character: There is no s (U+0073) in font nullfont!
Missing character: There is no : (U+003A) in font nullfont!

Overfull \hbox (281.80045pt too wide) detected at line 131
[] \OMS/cmsy/m/n/10  [][] j\OML/cmm/m/it/10 '[] \OMS/cmsy/m/n/10 ^^@ \OML/cmm/
m/it/10 '\OMS/cmsy/m/n/10 j  j\OML/cmm/m/it/10  \OMS/cmsy/m/n/10 j \OML/cmm/m/
it/10 d \OMS/cmsy/m/n/10  k\OML/cmm/m/it/10 '[] \OMS/cmsy/m/n/10 ^^@ \OML/cmm
/m/it/10 '\OMS/cmsy/m/n/10 k[]k\OML/cmm/m/it/10  \OMS/cmsy/m/n/10 k[]
 []

Missing character: There is no C (U+0043) in font nullfont!
Missing character: There is no o (U+006F) in font nullfont!
Missing character: There is no m (U+006D) in font nullfont!
Missing character: There is no o (U+006F) in font nullfont!
Missing character: There is no C (U+0043) in font nullfont!
Missing character: There is no o (U+006F) in font nullfont!
Missing character: There is no m (U+006D) in font nullfont!
Missing character: There is no o (U+006F) in font nullfont!
Missing character: There is no , (U+002C) in font nullfont!
Missing character: There is no p (U+0070) in font nullfont!
Missing character: There is no o (U+006F) in font nullfont!
Missing character: There is no d (U+0064) in font nullfont!
Missing character: There is no e (U+0065) in font nullfont!
Missing character: There is no m (U+006D) in font nullfont!
Missing character: There is no o (U+006F) in font nullfont!
Missing character: There is no s (U+0073) in font nullfont!
Missing character: There is no f (U+0066) in font nullfont!
Missing character: There is no i (U+0069) in font nullfont!
Missing character: There is no j (U+006A) in font nullfont!
Missing character: There is no a (U+0061) in font nullfont!
Missing character: There is no r (U+0072) in font nullfont!
Missing character: There is no u (U+0075) in font nullfont!
Missing character: There is no n (U+006E) in font nullfont!
Missing character: There is no c (U+0063) in font nullfont!
Missing character: There is no o (U+006F) in font nullfont!
Missing character: There is no r (U+0072) in font nullfont!
Missing character: There is no t (U+0074) in font nullfont!
Missing character: There is no e (U+0065) in font nullfont!
Missing character: There is no s (U+0073) in font nullfont!
Missing character: There is no u (U+0075) in font nullfont!
Missing character: There is no f (U+0066) in font nullfont!
Missing character: There is no i (U+0069) in font nullfont!
Missing character: There is no c (U+0063) in font nullfont!
Missing character: There is no i (U+0069) in font nullfont!
Missing character: There is no e (U+0065) in font nullfont!
Missing character: There is no n (U+006E) in font nullfont!
Missing character: There is no t (U+0074) in font nullfont!
Missing character: There is no e (U+0065) in font nullfont!
Missing character: There is no m (U+006D) in font nullfont!
Missing character: There is no e (U+0065) in font nullfont!
Missing character: There is no n (U+006E) in font nullfont!
Missing character: There is no t (U+0074) in font nullfont!
Missing character: There is no e (U+0065) in font nullfont!
Missing character: There is no g (U+0067) in font nullfont!
Missing character: There is no r (U+0072) in font nullfont!
Missing character: There is no a (U+0061) in font nullfont!
Missing character: There is no n (U+006E) in font nullfont!
Missing character: There is no d (U+0064) in font nullfont!
Missing character: There is no e (U+0065) in font nullfont!
Missing character: There is no d (U+0064) in font nullfont!
Missing character: There is no e (U+0065) in font nullfont!
Missing character: There is no m (U+006D) in font nullfont!
Missing character: There is no o (U+006F) in font nullfont!
Missing character: There is no d (U+0064) in font nullfont!
Missing character: There is no o (U+006F) in font nullfont!
Missing character: There is no q (U+0071) in font nullfont!
Missing character: There is no u (U+0075) in font nullfont!
Missing character: There is no e (U+0065) in font nullfont!
Missing character: There is no : (U+003A) in font nullfont!
Missing character: There is no C (U+0043) in font nullfont!
Missing character: There is no o (U+006F) in font nullfont!
Missing character: There is no m (U+006D) in font nullfont!
Missing character: There is no o (U+006F) in font nullfont!

Overfull \hbox (27.02925pt too wide) in paragraph at lines 131--133
\OMS/cmsy/m/n/10 k\OML/cmm/m/it/10 '[] \OMS/cmsy/m/n/10 ^^@
 []


Overfull \hbox (28.94176pt too wide) in paragraph at lines 131--133
\OML/cmm/m/it/10 '\OMS/cmsy/m/n/10 k[] !
 []

Missing character: There is no , (U+002C) in font nullfont!

Overfull \hbox (5.00002pt too wide) in paragraph at lines 131--133
\OT1/cmr/m/n/10 0$\nullfont ,
 []

Missing character: There is no p (U+0070) in font nullfont!
Missing character: There is no o (U+006F) in font nullfont!
Missing character: There is no d (U+0064) in font nullfont!
Missing character: There is no e (U+0065) in font nullfont!
Missing character: There is no m (U+006D) in font nullfont!
Missing character: There is no o (U+006F) in font nullfont!
Missing character: There is no s (U+0073) in font nullfont!
Missing character: There is no f (U+0066) in font nullfont!
Missing character: There is no i (U+0069) in font nullfont!
Missing character: There is no j (U+006A) in font nullfont!
Missing character: There is no a (U+0061) in font nullfont!
Missing character: There is no r (U+0072) in font nullfont!
Missing character: There is no u (U+0075) in font nullfont!
Missing character: There is no n (U+006E) in font nullfont!
Missing character: There is no c (U+0063) in font nullfont!
Missing character: There is no o (U+006F) in font nullfont!
Missing character: There is no r (U+0072) in font nullfont!
Missing character: There is no t (U+0074) in font nullfont!
Missing character: There is no e (U+0065) in font nullfont!

Overfull \hbox (21.98605pt too wide) in paragraph at lines 131--133
\OML/cmm/m/it/10 K \OMS/cmsy/m/n/10 
 []


Overfull \hbox (5.00002pt too wide) in paragraph at lines 131--133
\OT1/cmr/m/n/10 1$
 []

Missing character: There is no s (U+0073) in font nullfont!
Missing character: There is no u (U+0075) in font nullfont!
Missing character: There is no f (U+0066) in font nullfont!
Missing character: There is no i (U+0069) in font nullfont!
Missing character: There is no c (U+0063) in font nullfont!
Missing character: There is no i (U+0069) in font nullfont!
Missing character: There is no e (U+0065) in font nullfont!
Missing character: There is no n (U+006E) in font nullfont!
Missing character: There is no t (U+0074) in font nullfont!
Missing character: There is no e (U+0065) in font nullfont!
Missing character: There is no m (U+006D) in font nullfont!
Missing character: There is no e (U+0065) in font nullfont!
Missing character: There is no n (U+006E) in font nullfont!
Missing character: There is no t (U+0074) in font nullfont!
Missing character: There is no e (U+0065) in font nullfont!
Missing character: There is no g (U+0067) in font nullfont!
Missing character: There is no r (U+0072) in font nullfont!
Missing character: There is no a (U+0061) in font nullfont!
Missing character: There is no n (U+006E) in font nullfont!
Missing character: There is no d (U+0064) in font nullfont!
Missing character: There is no e (U+0065) in font nullfont!
Missing character: There is no d (U+0064) in font nullfont!
Missing character: There is no e (U+0065) in font nullfont!
Missing character: There is no m (U+006D) in font nullfont!
Missing character: There is no o (U+006F) in font nullfont!
Missing character: There is no d (U+0064) in font nullfont!
Missing character: There is no o (U+006F) in font nullfont!
Missing character: There is no q (U+0071) in font nullfont!
Missing character: There is no u (U+0075) in font nullfont!
Missing character: There is no e (U+0065) in font nullfont!
Missing character: There is no : (U+003A) in font nullfont!

Overfull \hbox (190.73924pt too wide) detected at line 135
[] \OML/cmm/m/it/10 < "[]
 []


! LaTeX Error: Environment align* undefined.

See the LaTeX manual or LaTeX Companion for explanation.
Type  H <return>  for immediate help.
 ...                                              
                                                  
l.138 	\begin{align*}
                     
Your command was ignored.
Type  I <command> <return>  to replace it with another command,
or  <return>  to continue without it.

! Missing $ inserted.
<inserted text> 
                $
l.139 		\left
             | \frac{1}{n} \sum_{j=0}^{n-1} \int_M [(\varphi_K - \varphi) \c...
I've inserted a begin-math/end-math symbol since I think
you left one out. Proceed, with fingers crossed.

! Misplaced alignment tab character &.
l.139 ...\varphi) \circ f^j]\psi \, d\mu \right| &
                                                  \le \frac{1}{n} \sum_{j=0}...
I can't figure out why you would want to use a tab mark
here. If you just want an ampersand, the remedy is
simple: Just type `I\&' now. But if some right brace
up above has ended a previous alignment prematurely,
you're probably due for more error messages, and you
might try typing `S' now just to see what is salvageable.

! Misplaced alignment tab character &.
<recently read> &
                 
l.140 		&
         \le \frac{1}{n} \sum_{j=0}^{n-1} \|(\varphi_K - \varphi) \circ f^j\...
I can't figure out why you would want to use a tab mark
here. If you just want an ampersand, the remedy is
simple: Just type `I\&' now. But if some right brace
up above has ended a previous alignment prematurely,
you're probably due for more error messages, and you
might try typing `S' now just to see what is salvageable.

! Misplaced alignment tab character &.
<recently read> &
                 
l.141 		&
         = \frac{1}{n} \sum_{j=0}^{n-1} \|\varphi_K - \varphi\|_p \|\psi\|_q...
I can't figure out why you would want to use a tab mark
here. If you just want an ampersand, the remedy is
simple: Just type `I\&' now. But if some right brace
up above has ended a previous alignment prematurely,
you're probably due for more error messages, and you
might try typing `S' now just to see what is salvageable.


! LaTeX Error: \begin{document} ended by \end{align*}.

See the LaTeX manual or LaTeX Companion for explanation.
Type  H <return>  for immediate help.
 ...                                              
                                                  
l.142 	\end{align*}
                   
Your command was ignored.
Type  I <command> <return>  to replace it with another command,
or  <return>  to continue without it.

! Missing $ inserted.
<inserted text> 
                $
l.142 	\end{align*}
                   
I've inserted something that you may have forgotten.
(See the <inserted text> above.)
With luck, this will get me unwedged. But if you
really didn't forget anything, try typing `2' now; then
my insertion and my current dilemma will both disappear.

Missing character: There is no D (U+0044) in font nullfont!
Missing character: There is no e (U+0065) in font nullfont!
Missing character: There is no D (U+0044) in font nullfont!
Missing character: There is no e (U+0065) in font nullfont!
Missing character: There is no m (U+006D) in font nullfont!
Missing character: There is no a (U+0061) in font nullfont!
Missing character: There is no n (U+006E) in font nullfont!
Missing character: There is no e (U+0065) in font nullfont!
Missing character: There is no r (U+0072) in font nullfont!
Missing character: There is no a (U+0061) in font nullfont!
Missing character: There is no s (U+0073) in font nullfont!
Missing character: There is no e (U+0065) in font nullfont!
Missing character: There is no m (U+006D) in font nullfont!
Missing character: There is no e (U+0065) in font nullfont!
Missing character: There is no j (U+006A) in font nullfont!
Missing character: There is no a (U+0061) in font nullfont!
Missing character: There is no n (U+006E) in font nullfont!
Missing character: There is no t (U+0074) in font nullfont!
Missing character: There is no e (U+0065) in font nullfont!
Missing character: There is no , (U+002C) in font nullfont!
Missing character: There is no p (U+0070) in font nullfont!
Missing character: There is no a (U+0061) in font nullfont!
Missing character: There is no r (U+0072) in font nullfont!
Missing character: There is no a (U+0061) in font nullfont!
Missing character: There is no e (U+0065) in font nullfont!
Missing character: There is no l (U+006C) in font nullfont!
Missing character: There is no p (U+0070) in font nullfont!
Missing character: There is no r (U+0072) in font nullfont!
Missing character: There is no o (U+006F) in font nullfont!
Missing character: There is no m (U+006D) in font nullfont!
Missing character: There is no e (U+0065) in font nullfont!
Missing character: There is no d (U+0064) in font nullfont!
Missing character: There is no i (U+0069) in font nullfont!
Missing character: There is no o (U+006F) in font nullfont!
Missing character: There is no d (U+0064) in font nullfont!
Missing character: There is no e (U+0065) in font nullfont!
Missing character: There is no l (U+006C) in font nullfont!
Missing character: There is no a (U+0061) in font nullfont!
Missing character: There is no s (U+0073) in font nullfont!
Missing character: There is no i (U+0069) in font nullfont!
Missing character: There is no n (U+006E) in font nullfont!
Missing character: There is no t (U+0074) in font nullfont!
Missing character: There is no e (U+0065) in font nullfont!
Missing character: There is no g (U+0067) in font nullfont!
Missing character: There is no r (U+0072) in font nullfont!
Missing character: There is no a (U+0061) in font nullfont!
Missing character: There is no l (U+006C) in font nullfont!
Missing character: There is no e (U+0065) in font nullfont!
Missing character: There is no s (U+0073) in font nullfont!
Missing character: There is no d (U+0064) in font nullfont!
Missing character: There is no i (U+0069) in font nullfont!
Missing character: There is no n (U+006E) in font nullfont!
Missing character: There is no á (U+00E1) in font nullfont!
Missing character: There is no m (U+006D) in font nullfont!
Missing character: There is no i (U+0069) in font nullfont!
Missing character: There is no c (U+0063) in font nullfont!
Missing character: There is no a (U+0061) in font nullfont!
Missing character: There is no s (U+0073) in font nullfont!
Missing character: There is no , (U+002C) in font nullfont!
Missing character: There is no a (U+0061) in font nullfont!
Missing character: There is no p (U+0070) in font nullfont!
Missing character: There is no l (U+006C) in font nullfont!
Missing character: There is no i (U+0069) in font nullfont!
Missing character: There is no c (U+0063) in font nullfont!
Missing character: There is no a (U+0061) in font nullfont!
Missing character: There is no n (U+006E) in font nullfont!
Missing character: There is no d (U+0064) in font nullfont!
Missing character: There is no o (U+006F) in font nullfont!
Missing character: There is no l (U+006C) in font nullfont!
Missing character: There is no a (U+0061) in font nullfont!
Missing character: There is no d (U+0064) in font nullfont!
Missing character: There is no e (U+0065) in font nullfont!
Missing character: There is no s (U+0073) in font nullfont!
Missing character: There is no i (U+0069) in font nullfont!
Missing character: There is no g (U+0067) in font nullfont!
Missing character: There is no u (U+0075) in font nullfont!
Missing character: There is no a (U+0061) in font nullfont!
Missing character: There is no l (U+006C) in font nullfont!
Missing character: There is no d (U+0064) in font nullfont!
Missing character: There is no a (U+0061) in font nullfont!
Missing character: There is no d (U+0064) in font nullfont!
Missing character: There is no t (U+0074) in font nullfont!
Missing character: There is no r (U+0072) in font nullfont!
Missing character: There is no i (U+0069) in font nullfont!
Missing character: There is no a (U+0061) in font nullfont!
Missing character: There is no n (U+006E) in font nullfont!
Missing character: There is no g (U+0067) in font nullfont!
Missing character: There is no u (U+0075) in font nullfont!
Missing character: There is no l (U+006C) in font nullfont!
Missing character: There is no a (U+0061) in font nullfont!
Missing character: There is no r (U+0072) in font nullfont!
Missing character: There is no , (U+002C) in font nullfont!
Missing character: There is no H (U+0048) in font nullfont!
Missing character: There is no ö (U+00F6) in font nullfont!
Missing character: There is no l (U+006C) in font nullfont!
Missing character: There is no d (U+0064) in font nullfont!
Missing character: There is no e (U+0065) in font nullfont!
Missing character: There is no r (U+0072) in font nullfont!
Missing character: There is no y (U+0079) in font nullfont!
Missing character: There is no l (U+006C) in font nullfont!
Missing character: There is no a (U+0061) in font nullfont!
Missing character: There is no i (U+0069) in font nullfont!
Missing character: There is no n (U+006E) in font nullfont!
Missing character: There is no v (U+0076) in font nullfont!
Missing character: There is no a (U+0061) in font nullfont!
Missing character: There is no r (U+0072) in font nullfont!
Missing character: There is no i (U+0069) in font nullfont!
Missing character: There is no a (U+0061) in font nullfont!
Missing character: There is no n (U+006E) in font nullfont!
Missing character: There is no c (U+0063) in font nullfont!
Missing character: There is no i (U+0069) in font nullfont!
Missing character: There is no a (U+0061) in font nullfont!
Missing character: There is no d (U+0064) in font nullfont!
Missing character: There is no e (U+0065) in font nullfont!
Missing character: There is no l (U+006C) in font nullfont!
Missing character: There is no a (U+0061) in font nullfont!
Missing character: There is no m (U+006D) in font nullfont!
Missing character: There is no e (U+0065) in font nullfont!
Missing character: There is no d (U+0064) in font nullfont!
Missing character: There is no i (U+0069) in font nullfont!
Missing character: There is no d (U+0064) in font nullfont!
Missing character: There is no a (U+0061) in font nullfont!
Missing character: There is no b (U+0062) in font nullfont!
Missing character: There is no a (U+0061) in font nullfont!
Missing character: There is no j (U+006A) in font nullfont!
Missing character: There is no o (U+006F) in font nullfont!
Missing character: There is no ( (U+0028) in font nullfont!
Missing character: There is no ) (U+0029) in font nullfont!
Missing character: There is no : (U+003A) in font nullfont!
Missing character: There is no P (U+0050) in font nullfont!
Missing character: There is no a (U+0061) in font nullfont!
Missing character: There is no r (U+0072) in font nullfont!
Missing character: There is no a (U+0061) in font nullfont!
Missing character: There is no e (U+0065) in font nullfont!
Missing character: There is no l (U+006C) in font nullfont!
Missing character: There is no m (U+006D) in font nullfont!
Missing character: There is no i (U+0069) in font nullfont!
Missing character: There is no s (U+0073) in font nullfont!
Missing character: There is no m (U+006D) in font nullfont!
Missing character: There is no o (U+006F) in font nullfont!
Missing character: There is no e (U+0065) in font nullfont!
Missing character: There is no n (U+006E) in font nullfont!
Missing character: There is no t (U+0074) in font nullfont!
Missing character: There is no e (U+0065) in font nullfont!
Missing character: There is no r (U+0072) in font nullfont!
Missing character: There is no o (U+006F) in font nullfont!
Missing character: There is no f (U+0066) in font nullfont!
Missing character: There is no i (U+0069) in font nullfont!
Missing character: There is no j (U+006A) in font nullfont!
Missing character: There is no o (U+006F) in font nullfont!
Missing character: There is no e (U+0065) in font nullfont!
Missing character: There is no l (U+006C) in font nullfont!
Missing character: There is no e (U+0065) in font nullfont!
Missing character: There is no g (U+0067) in font nullfont!
Missing character: There is no i (U+0069) in font nullfont!
Missing character: There is no d (U+0064) in font nullfont!
Missing character: There is no o (U+006F) in font nullfont!
Missing character: There is no a (U+0061) in font nullfont!
Missing character: There is no n (U+006E) in font nullfont!
Missing character: There is no t (U+0074) in font nullfont!
Missing character: There is no e (U+0065) in font nullfont!
Missing character: There is no r (U+0072) in font nullfont!
Missing character: There is no i (U+0069) in font nullfont!
Missing character: There is no o (U+006F) in font nullfont!
Missing character: There is no r (U+0072) in font nullfont!
Missing character: There is no m (U+006D) in font nullfont!
Missing character: There is no e (U+0065) in font nullfont!
Missing character: There is no n (U+006E) in font nullfont!
Missing character: There is no t (U+0074) in font nullfont!
Missing character: There is no e (U+0065) in font nullfont!
Missing character: There is no , (U+002C) in font nullfont!
Missing character: There is no e (U+0065) in font nullfont!
Missing character: There is no s (U+0073) in font nullfont!
Missing character: There is no t (U+0074) in font nullfont!
Missing character: There is no a (U+0061) in font nullfont!
Missing character: There is no c (U+0063) in font nullfont!
Missing character: There is no o (U+006F) in font nullfont!
Missing character: There is no t (U+0074) in font nullfont!
Missing character: There is no a (U+0061) in font nullfont!
Missing character: There is no e (U+0065) in font nullfont!
Missing character: There is no s (U+0073) in font nullfont!
Missing character: There is no u (U+0075) in font nullfont!
Missing character: There is no n (U+006E) in font nullfont!
Missing character: There is no i (U+0069) in font nullfont!
Missing character: There is no f (U+0066) in font nullfont!
Missing character: There is no o (U+006F) in font nullfont!
Missing character: There is no r (U+0072) in font nullfont!
Missing character: There is no m (U+006D) in font nullfont!
Missing character: There is no e (U+0065) in font nullfont!
Missing character: There is no e (U+0065) in font nullfont!
Missing character: There is no i (U+0069) in font nullfont!
Missing character: There is no n (U+006E) in font nullfont!
Missing character: There is no d (U+0064) in font nullfont!
Missing character: There is no e (U+0065) in font nullfont!
Missing character: There is no p (U+0070) in font nullfont!
Missing character: There is no e (U+0065) in font nullfont!
Missing character: There is no n (U+006E) in font nullfont!
Missing character: There is no d (U+0064) in font nullfont!
Missing character: There is no i (U+0069) in font nullfont!
Missing character: There is no e (U+0065) in font nullfont!
Missing character: There is no n (U+006E) in font nullfont!
Missing character: There is no t (U+0074) in font nullfont!
Missing character: There is no e (U+0065) in font nullfont!
Missing character: There is no d (U+0064) in font nullfont!
Missing character: There is no e (U+0065) in font nullfont!
Missing character: There is no : (U+003A) in font nullfont!
Missing character: There is no D (U+0044) in font nullfont!
Missing character: There is no e (U+0065) in font nullfont!

Overfull \hbox (20.0pt too wide) in paragraph at lines 137--144
[]De
 []

Missing character: There is no m (U+006D) in font nullfont!
Missing character: There is no a (U+0061) in font nullfont!
Missing character: There is no n (U+006E) in font nullfont!
Missing character: There is no e (U+0065) in font nullfont!
Missing character: There is no r (U+0072) in font nullfont!
Missing character: There is no a (U+0061) in font nullfont!
Missing character: There is no s (U+0073) in font nullfont!
Missing character: There is no e (U+0065) in font nullfont!
Missing character: There is no m (U+006D) in font nullfont!
Missing character: There is no e (U+0065) in font nullfont!
Missing character: There is no j (U+006A) in font nullfont!
Missing character: There is no a (U+0061) in font nullfont!
Missing character: There is no n (U+006E) in font nullfont!
Missing character: There is no t (U+0074) in font nullfont!
Missing character: There is no e (U+0065) in font nullfont!
Missing character: There is no , (U+002C) in font nullfont!
Missing character: There is no p (U+0070) in font nullfont!
Missing character: There is no a (U+0061) in font nullfont!
Missing character: There is no r (U+0072) in font nullfont!
Missing character: There is no a (U+0061) in font nullfont!
Missing character: There is no e (U+0065) in font nullfont!
Missing character: There is no l (U+006C) in font nullfont!
Missing character: There is no p (U+0070) in font nullfont!
Missing character: There is no r (U+0072) in font nullfont!
Missing character: There is no o (U+006F) in font nullfont!
Missing character: There is no m (U+006D) in font nullfont!
Missing character: There is no e (U+0065) in font nullfont!
Missing character: There is no d (U+0064) in font nullfont!
Missing character: There is no i (U+0069) in font nullfont!
Missing character: There is no o (U+006F) in font nullfont!
Missing character: There is no d (U+0064) in font nullfont!
Missing character: There is no e (U+0065) in font nullfont!
Missing character: There is no l (U+006C) in font nullfont!
Missing character: There is no a (U+0061) in font nullfont!
Missing character: There is no s (U+0073) in font nullfont!
Missing character: There is no i (U+0069) in font nullfont!
Missing character: There is no n (U+006E) in font nullfont!
Missing character: There is no t (U+0074) in font nullfont!
Missing character: There is no e (U+0065) in font nullfont!
Missing character: There is no g (U+0067) in font nullfont!
Missing character: There is no r (U+0072) in font nullfont!
Missing character: There is no a (U+0061) in font nullfont!
Missing character: There is no l (U+006C) in font nullfont!
Missing character: There is no e (U+0065) in font nullfont!
Missing character: There is no s (U+0073) in font nullfont!
Missing character: There is no d (U+0064) in font nullfont!
Missing character: There is no i (U+0069) in font nullfont!
Missing character: There is no n (U+006E) in font nullfont!
Missing character: There is no á (U+00E1) in font nullfont!
Missing character: There is no m (U+006D) in font nullfont!
Missing character: There is no i (U+0069) in font nullfont!
Missing character: There is no c (U+0063) in font nullfont!
Missing character: There is no a (U+0061) in font nullfont!
Missing character: There is no s (U+0073) in font nullfont!
Missing character: There is no , (U+002C) in font nullfont!
Missing character: There is no a (U+0061) in font nullfont!
Missing character: There is no p (U+0070) in font nullfont!
Missing character: There is no l (U+006C) in font nullfont!
Missing character: There is no i (U+0069) in font nullfont!
Missing character: There is no c (U+0063) in font nullfont!
Missing character: There is no a (U+0061) in font nullfont!
Missing character: There is no n (U+006E) in font nullfont!
Missing character: There is no d (U+0064) in font nullfont!
Missing character: There is no o (U+006F) in font nullfont!
Missing character: There is no l (U+006C) in font nullfont!
Missing character: There is no a (U+0061) in font nullfont!
Missing character: There is no d (U+0064) in font nullfont!
Missing character: There is no e (U+0065) in font nullfont!
Missing character: There is no s (U+0073) in font nullfont!
Missing character: There is no i (U+0069) in font nullfont!
Missing character: There is no g (U+0067) in font nullfont!
Missing character: There is no u (U+0075) in font nullfont!
Missing character: There is no a (U+0061) in font nullfont!
Missing character: There is no l (U+006C) in font nullfont!
Missing character: There is no d (U+0064) in font nullfont!
Missing character: There is no a (U+0061) in font nullfont!
Missing character: There is no d (U+0064) in font nullfont!
Missing character: There is no t (U+0074) in font nullfont!
Missing character: There is no r (U+0072) in font nullfont!
Missing character: There is no i (U+0069) in font nullfont!
Missing character: There is no a (U+0061) in font nullfont!
Missing character: There is no n (U+006E) in font nullfont!
Missing character: There is no g (U+0067) in font nullfont!
Missing character: There is no u (U+0075) in font nullfont!
Missing character: There is no l (U+006C) in font nullfont!
Missing character: There is no a (U+0061) in font nullfont!
Missing character: There is no r (U+0072) in font nullfont!
Missing character: There is no , (U+002C) in font nullfont!
Missing character: There is no H (U+0048) in font nullfont!
Missing character: There is no ö (U+00F6) in font nullfont!
Missing character: There is no l (U+006C) in font nullfont!
Missing character: There is no d (U+0064) in font nullfont!
Missing character: There is no e (U+0065) in font nullfont!
Missing character: There is no r (U+0072) in font nullfont!
Missing character: There is no y (U+0079) in font nullfont!
Missing character: There is no l (U+006C) in font nullfont!
Missing character: There is no a (U+0061) in font nullfont!
Missing character: There is no i (U+0069) in font nullfont!
Missing character: There is no n (U+006E) in font nullfont!
Missing character: There is no v (U+0076) in font nullfont!
Missing character: There is no a (U+0061) in font nullfont!
Missing character: There is no r (U+0072) in font nullfont!
Missing character: There is no i (U+0069) in font nullfont!
Missing character: There is no a (U+0061) in font nullfont!
Missing character: There is no n (U+006E) in font nullfont!
Missing character: There is no c (U+0063) in font nullfont!
Missing character: There is no i (U+0069) in font nullfont!
Missing character: There is no a (U+0061) in font nullfont!
Missing character: There is no d (U+0064) in font nullfont!
Missing character: There is no e (U+0065) in font nullfont!
Missing character: There is no l (U+006C) in font nullfont!
Missing character: There is no a (U+0061) in font nullfont!
Missing character: There is no m (U+006D) in font nullfont!
Missing character: There is no e (U+0065) in font nullfont!
Missing character: There is no d (U+0064) in font nullfont!
Missing character: There is no i (U+0069) in font nullfont!
Missing character: There is no d (U+0064) in font nullfont!
Missing character: There is no a (U+0061) in font nullfont!
Missing character: There is no b (U+0062) in font nullfont!
Missing character: There is no a (U+0061) in font nullfont!
Missing character: There is no j (U+006A) in font nullfont!
Missing character: There is no o (U+006F) in font nullfont!

Overfull \hbox (5.97226pt too wide) in paragraph at lines 137--144
\OML/cmm/m/it/10 f$
 []

Missing character: There is no ( (U+0028) in font nullfont!

Overfull \hbox (16.87273pt too wide) in paragraph at lines 137--144
($\OMS/cmsy/m/n/10 k\OML/cmm/m/it/10   \OMS/cmsy/m/n/10 
 []


Overfull \hbox (30.1696pt too wide) in paragraph at lines 137--144
\OML/cmm/m/it/10 f[]\OMS/cmsy/m/n/10 k[] \OT1/cmr/m/n/10 =
 []

Missing character: There is no ) (U+0029) in font nullfont!
Missing character: There is no : (U+003A) in font nullfont!

Overfull \hbox (21.30098pt too wide) in paragraph at lines 137--144
\OMS/cmsy/m/n/10 k\OML/cmm/m/it/10  \OMS/cmsy/m/n/10 k[]$\nullfont ):
 []


Overfull \hbox (153.4809pt too wide) in paragraph at lines 137--144
[] \OMS/cmsy/m/n/10 
 []


Overfull \hbox (80.87282pt too wide) in paragraph at lines 137--144
[] [][] [][] \OMS/cmsy/m/n/10 j\OT1/cmr/m/n/10 (\OML/cmm/m/it/10 '[] \OMS/cmsy/
m/n/10 ^^@
 []


Overfull \hbox (15.43059pt too wide) in paragraph at lines 137--144
\OML/cmm/m/it/10 '\OT1/cmr/m/n/10 ) \OMS/cmsy/m/n/10 
 []


Overfull \hbox (15.7414pt too wide) in paragraph at lines 137--144
\OML/cmm/m/it/10 f[]\OMS/cmsy/m/n/10 j 
 []


Overfull \hbox (25.32524pt too wide) in paragraph at lines 137--144
\OMS/cmsy/m/n/10 j\OML/cmm/m/it/10  \OMS/cmsy/m/n/10 j \OML/cmm/m/it/10 d[] 
 []


Overfull \hbox (7.7778pt too wide) in paragraph at lines 137--144
\OMS/cmsy/m/n/10 
 []


Overfull \hbox (67.82979pt too wide) in paragraph at lines 137--144
[] [][] \OMS/cmsy/m/n/10 k\OT1/cmr/m/n/10 (\OML/cmm/m/it/10 '[] \OMS/cmsy/m/n/1
0 ^^@
 []


Overfull \hbox (15.43059pt too wide) in paragraph at lines 137--144
\OML/cmm/m/it/10 '\OT1/cmr/m/n/10 ) \OMS/cmsy/m/n/10 
 []


Overfull \hbox (41.09724pt too wide) in paragraph at lines 137--144
\OML/cmm/m/it/10 f[]\OMS/cmsy/m/n/10 k[]k\OML/cmm/m/it/10  \OMS/cmsy/m/n/10 k[]
[] 
 []


Overfull \hbox (7.7778pt too wide) in paragraph at lines 137--144
\OT1/cmr/m/n/10 =
 []


Overfull \hbox (63.94089pt too wide) in paragraph at lines 137--144
[] [][] \OMS/cmsy/m/n/10 k\OML/cmm/m/it/10 '[] \OMS/cmsy/m/n/10 ^^@
 []


Overfull \hbox (48.0086pt too wide) in paragraph at lines 137--144
\OML/cmm/m/it/10 '\OMS/cmsy/m/n/10 k[]k\OML/cmm/m/it/10  \OMS/cmsy/m/n/10 k[] \
OT1/cmr/m/n/10 =
 []


Overfull \hbox (27.02925pt too wide) in paragraph at lines 137--144
\OMS/cmsy/m/n/10 k\OML/cmm/m/it/10 '[] \OMS/cmsy/m/n/10 ^^@
 []


Overfull \hbox (37.4531pt too wide) in paragraph at lines 137--144
\OML/cmm/m/it/10 '\OMS/cmsy/m/n/10 k[]k\OML/cmm/m/it/10  \OMS/cmsy/m/n/10 k[]$
 []

Missing character: There is no P (U+0050) in font nullfont!
Missing character: There is no a (U+0061) in font nullfont!
Missing character: There is no r (U+0072) in font nullfont!
Missing character: There is no a (U+0061) in font nullfont!
Missing character: There is no e (U+0065) in font nullfont!
Missing character: There is no l (U+006C) in font nullfont!
Missing character: There is no m (U+006D) in font nullfont!
Missing character: There is no i (U+0069) in font nullfont!
Missing character: There is no s (U+0073) in font nullfont!
Missing character: There is no m (U+006D) in font nullfont!
Missing character: There is no o (U+006F) in font nullfont!
Missing character: There is no e (U+0065) in font nullfont!
Missing character: There is no n (U+006E) in font nullfont!
Missing character: There is no t (U+0074) in font nullfont!
Missing character: There is no e (U+0065) in font nullfont!
Missing character: There is no r (U+0072) in font nullfont!
Missing character: There is no o (U+006F) in font nullfont!
Missing character: There is no f (U+0066) in font nullfont!
Missing character: There is no i (U+0069) in font nullfont!
Missing character: There is no j (U+006A) in font nullfont!
Missing character: There is no o (U+006F) in font nullfont!

Overfull \hbox (21.98605pt too wide) in paragraph at lines 137--144
\OML/cmm/m/it/10 K \OMS/cmsy/m/n/10 
 []


Overfull \hbox (5.00002pt too wide) in paragraph at lines 137--144
\OT1/cmr/m/n/10 1$
 []

Missing character: There is no e (U+0065) in font nullfont!
Missing character: There is no l (U+006C) in font nullfont!
Missing character: There is no e (U+0065) in font nullfont!
Missing character: There is no g (U+0067) in font nullfont!
Missing character: There is no i (U+0069) in font nullfont!
Missing character: There is no d (U+0064) in font nullfont!
Missing character: There is no o (U+006F) in font nullfont!
Missing character: There is no a (U+0061) in font nullfont!
Missing character: There is no n (U+006E) in font nullfont!
Missing character: There is no t (U+0074) in font nullfont!
Missing character: There is no e (U+0065) in font nullfont!
Missing character: There is no r (U+0072) in font nullfont!
Missing character: There is no i (U+0069) in font nullfont!
Missing character: There is no o (U+006F) in font nullfont!
Missing character: There is no r (U+0072) in font nullfont!
Missing character: There is no m (U+006D) in font nullfont!
Missing character: There is no e (U+0065) in font nullfont!
Missing character: There is no n (U+006E) in font nullfont!
Missing character: There is no t (U+0074) in font nullfont!
Missing character: There is no e (U+0065) in font nullfont!
Missing character: There is no , (U+002C) in font nullfont!
Missing character: There is no e (U+0065) in font nullfont!
Missing character: There is no s (U+0073) in font nullfont!
Missing character: There is no t (U+0074) in font nullfont!
Missing character: There is no a (U+0061) in font nullfont!
Missing character: There is no c (U+0063) in font nullfont!
Missing character: There is no o (U+006F) in font nullfont!
Missing character: There is no t (U+0074) in font nullfont!
Missing character: There is no a (U+0061) in font nullfont!
Missing character: There is no e (U+0065) in font nullfont!
Missing character: There is no s (U+0073) in font nullfont!
Missing character: There is no u (U+0075) in font nullfont!
Missing character: There is no n (U+006E) in font nullfont!
Missing character: There is no i (U+0069) in font nullfont!
Missing character: There is no f (U+0066) in font nullfont!
Missing character: There is no o (U+006F) in font nullfont!
Missing character: There is no r (U+0072) in font nullfont!
Missing character: There is no m (U+006D) in font nullfont!
Missing character: There is no e (U+0065) in font nullfont!
Missing character: There is no e (U+0065) in font nullfont!
Missing character: There is no i (U+0069) in font nullfont!
Missing character: There is no n (U+006E) in font nullfont!
Missing character: There is no d (U+0064) in font nullfont!
Missing character: There is no e (U+0065) in font nullfont!
Missing character: There is no p (U+0070) in font nullfont!
Missing character: There is no e (U+0065) in font nullfont!
Missing character: There is no n (U+006E) in font nullfont!
Missing character: There is no d (U+0064) in font nullfont!
Missing character: There is no i (U+0069) in font nullfont!
Missing character: There is no e (U+0065) in font nullfont!
Missing character: There is no n (U+006E) in font nullfont!
Missing character: There is no t (U+0074) in font nullfont!
Missing character: There is no e (U+0065) in font nullfont!
Missing character: There is no d (U+0064) in font nullfont!
Missing character: There is no e (U+0065) in font nullfont!
Missing character: There is no : (U+003A) in font nullfont!

Overfull \hbox (6.00235pt too wide) in paragraph at lines 137--144
\OML/cmm/m/it/10 n$\nullfont : 
 []


! LaTeX Error: \begin{equation} on input line 144 ended by \end{align}.

See the LaTeX manual or LaTeX Companion for explanation.
Type  H <return>  for immediate help.
 ...                                              
                                                  
l.146 	\end{align}
                  
Your command was ignored.
Type  I <command> <return>  to replace it with another command,
or  <return>  to continue without it.

! Missing $ inserted.
<inserted text> 
                $
l.146 	\end{align}
                  
I've inserted something that you may have forgotten.
(See the <inserted text> above.)
With luck, this will get me unwedged. But if you
really didn't forget anything, try typing `2' now; then
my insertion and my current dilemma will both disappear.

! Display math should end with $$.
<to be read again> 
                   \endgroup 
l.146 	\end{align}
                  
The `$' that I just saw supposedly matches a previous `$$'.
So I shall assume that you typed `$$' both times.


Overfull \hbox (234.72768pt too wide) detected at line 146
[] \OML/cmm/m/it/10 < "[]
 []


! LaTeX Error: Environment align* undefined.

See the LaTeX manual or LaTeX Companion for explanation.
Type  H <return>  for immediate help.
 ...                                              
                                                  
l.149 	\begin{align*}
                     
Your command was ignored.
Type  I <command> <return>  to replace it with another command,
or  <return>  to continue without it.

! Misplaced alignment tab character &.
l.150 		&
         \left| \frac{1}{n} \sum_{j=0}^{n-1} \int_M (\varphi \circ f^j)\psi ...
I can't figure out why you would want to use a tab mark
here. If you just want an ampersand, the remedy is
simple: Just type `I\&' now. But if some right brace
up above has ended a previous alignment prematurely,
you're probably due for more error messages, and you
might try typing `S' now just to see what is salvageable.

! Missing $ inserted.
<inserted text> 
                $
l.150 		&\left
              | \frac{1}{n} \sum_{j=0}^{n-1} \int_M (\varphi \circ f^j)\psi ...
I've inserted a begin-math/end-math symbol since I think
you left one out. Proceed, with fingers crossed.

! Misplaced alignment tab character &.
<recently read> &
                 
l.151 		&
         \qquad \le \left| \frac{1}{n} \sum_{j=0}^{n-1} \int_M (\varphi \cir...
I can't figure out why you would want to use a tab mark
here. If you just want an ampersand, the remedy is
simple: Just type `I\&' now. But if some right brace
up above has ended a previous alignment prematurely,
you're probably due for more error messages, and you
might try typing `S' now just to see what is salvageable.

! Misplaced alignment tab character &.
<recently read> &
                 
l.152 		&
         \qquad \quad + \left| \frac{1}{n} \sum_{j=0}^{n-1} \int_M (\varphi_...
I can't figure out why you would want to use a tab mark
here. If you just want an ampersand, the remedy is
simple: Just type `I\&' now. But if some right brace
up above has ended a previous alignment prematurely,
you're probably due for more error messages, and you
might try typing `S' now just to see what is salvageable.

! Misplaced alignment tab character &.
<recently read> &
                 
l.153 		&
         \qquad \quad + \left| \int_M \varphi_K \, d\mu \int_M \psi \, d\mu ...
I can't figure out why you would want to use a tab mark
here. If you just want an ampersand, the remedy is
simple: Just type `I\&' now. But if some right brace
up above has ended a previous alignment prematurely,
you're probably due for more error messages, and you
might try typing `S' now just to see what is salvageable.

! Misplaced alignment tab character &.
<recently read> &
                 
l.154 		&
         \qquad < \varepsilon + \varepsilon + \varepsilon = 3\varepsilon
I can't figure out why you would want to use a tab mark
here. If you just want an ampersand, the remedy is
simple: Just type `I\&' now. But if some right brace
up above has ended a previous alignment prematurely,
you're probably due for more error messages, and you
might try typing `S' now just to see what is salvageable.


! LaTeX Error: \begin{document} ended by \end{align*}.

See the LaTeX manual or LaTeX Companion for explanation.
Type  H <return>  for immediate help.
 ...                                              
                                                  
l.155 	\end{align*}
                   
Your command was ignored.
Type  I <command> <return>  to replace it with another command,
or  <return>  to continue without it.

! Missing $ inserted.
<inserted text> 
                $
l.155 	\end{align*}
                   
I've inserted something that you may have forgotten.
(See the <inserted text> above.)
With luck, this will get me unwedged. But if you
really didn't forget anything, try typing `2' now; then
my insertion and my current dilemma will both disappear.

Missing character: There is no F (U+0046) in font nullfont!
Missing character: There is no i (U+0069) in font nullfont!
Missing character: There is no n (U+006E) in font nullfont!
Missing character: There is no a (U+0061) in font nullfont!
Missing character: There is no l (U+006C) in font nullfont!
Missing character: There is no m (U+006D) in font nullfont!
Missing character: There is no e (U+0065) in font nullfont!
Missing character: There is no n (U+006E) in font nullfont!
Missing character: There is no t (U+0074) in font nullfont!
Missing character: There is no e (U+0065) in font nullfont!
Missing character: There is no , (U+002C) in font nullfont!
Missing character: There is no F (U+0046) in font nullfont!
Missing character: There is no i (U+0069) in font nullfont!
Missing character: There is no n (U+006E) in font nullfont!
Missing character: There is no a (U+0061) in font nullfont!
Missing character: There is no l (U+006C) in font nullfont!
Missing character: There is no m (U+006D) in font nullfont!
Missing character: There is no e (U+0065) in font nullfont!
Missing character: There is no n (U+006E) in font nullfont!
Missing character: There is no t (U+0074) in font nullfont!
Missing character: There is no e (U+0065) in font nullfont!
Missing character: There is no , (U+002C) in font nullfont!
Missing character: There is no c (U+0063) in font nullfont!
Missing character: There is no o (U+006F) in font nullfont!
Missing character: There is no m (U+006D) in font nullfont!
Missing character: There is no b (U+0062) in font nullfont!
Missing character: There is no i (U+0069) in font nullfont!
Missing character: There is no n (U+006E) in font nullfont!
Missing character: There is no a (U+0061) in font nullfont!
Missing character: There is no m (U+006D) in font nullfont!
Missing character: There is no o (U+006F) in font nullfont!
Missing character: There is no s (U+0073) in font nullfont!
Missing character: There is no l (U+006C) in font nullfont!
Missing character: There is no a (U+0061) in font nullfont!
Missing character: There is no s (U+0073) in font nullfont!
Missing character: There is no t (U+0074) in font nullfont!
Missing character: There is no r (U+0072) in font nullfont!
Missing character: There is no e (U+0065) in font nullfont!
Missing character: There is no s (U+0073) in font nullfont!
Missing character: There is no a (U+0061) in font nullfont!
Missing character: There is no c (U+0063) in font nullfont!
Missing character: There is no o (U+006F) in font nullfont!
Missing character: There is no t (U+0074) in font nullfont!
Missing character: There is no a (U+0061) in font nullfont!
Missing character: There is no c (U+0063) in font nullfont!
Missing character: There is no i (U+0069) in font nullfont!
Missing character: There is no o (U+006F) in font nullfont!
Missing character: There is no n (U+006E) in font nullfont!
Missing character: There is no e (U+0065) in font nullfont!
Missing character: There is no s (U+0073) in font nullfont!
Missing character: There is no m (U+006D) in font nullfont!
Missing character: There is no e (U+0065) in font nullfont!
Missing character: There is no d (U+0064) in font nullfont!
Missing character: There is no i (U+0069) in font nullfont!
Missing character: There is no a (U+0061) in font nullfont!
Missing character: There is no n (U+006E) in font nullfont!
Missing character: There is no t (U+0074) in font nullfont!
Missing character: There is no e (U+0065) in font nullfont!
Missing character: There is no l (U+006C) in font nullfont!
Missing character: There is no a (U+0061) in font nullfont!
Missing character: There is no d (U+0064) in font nullfont!
Missing character: There is no e (U+0065) in font nullfont!
Missing character: There is no s (U+0073) in font nullfont!
Missing character: There is no i (U+0069) in font nullfont!
Missing character: There is no g (U+0067) in font nullfont!
Missing character: There is no u (U+0075) in font nullfont!
Missing character: There is no a (U+0061) in font nullfont!
Missing character: There is no l (U+006C) in font nullfont!
Missing character: There is no d (U+0064) in font nullfont!
Missing character: There is no a (U+0061) in font nullfont!
Missing character: There is no d (U+0064) in font nullfont!
Missing character: There is no t (U+0074) in font nullfont!
Missing character: There is no r (U+0072) in font nullfont!
Missing character: There is no i (U+0069) in font nullfont!
Missing character: There is no a (U+0061) in font nullfont!
Missing character: There is no n (U+006E) in font nullfont!
Missing character: There is no g (U+0067) in font nullfont!
Missing character: There is no u (U+0075) in font nullfont!
Missing character: There is no l (U+006C) in font nullfont!
Missing character: There is no a (U+0061) in font nullfont!
Missing character: There is no r (U+0072) in font nullfont!
Missing character: There is no p (U+0070) in font nullfont!
Missing character: There is no a (U+0061) in font nullfont!
Missing character: There is no r (U+0072) in font nullfont!
Missing character: There is no a (U+0061) in font nullfont!
Missing character: There is no u (U+0075) in font nullfont!
Missing character: There is no n (U+006E) in font nullfont!
Missing character: There is no f (U+0066) in font nullfont!
Missing character: There is no i (U+0069) in font nullfont!
Missing character: There is no j (U+006A) in font nullfont!
Missing character: There is no o (U+006F) in font nullfont!
Missing character: There is no y (U+0079) in font nullfont!
Missing character: There is no t (U+0074) in font nullfont!
Missing character: There is no o (U+006F) in font nullfont!
Missing character: There is no m (U+006D) in font nullfont!
Missing character: There is no a (U+0061) in font nullfont!
Missing character: There is no n (U+006E) in font nullfont!
Missing character: There is no d (U+0064) in font nullfont!
Missing character: There is no o (U+006F) in font nullfont!
Missing character: There is no u (U+0075) in font nullfont!
Missing character: There is no n (U+006E) in font nullfont!
Missing character: There is no t (U+0074) in font nullfont!
Missing character: There is no i (U+0069) in font nullfont!
Missing character: There is no e (U+0065) in font nullfont!
Missing character: There is no m (U+006D) in font nullfont!
Missing character: There is no p (U+0070) in font nullfont!
Missing character: There is no o (U+006F) in font nullfont!
Missing character: There is no d (U+0064) in font nullfont!
Missing character: There is no e (U+0065) in font nullfont!
Missing character: There is no i (U+0069) in font nullfont!
Missing character: There is no t (U+0074) in font nullfont!
Missing character: There is no e (U+0065) in font nullfont!
Missing character: There is no r (U+0072) in font nullfont!
Missing character: There is no a (U+0061) in font nullfont!
Missing character: There is no c (U+0063) in font nullfont!
Missing character: There is no i (U+0069) in font nullfont!
Missing character: There is no ó (U+00F3) in font nullfont!
Missing character: There is no n (U+006E) in font nullfont!
Missing character: There is no s (U+0073) in font nullfont!
Missing character: There is no u (U+0075) in font nullfont!
Missing character: There is no f (U+0066) in font nullfont!
Missing character: There is no i (U+0069) in font nullfont!
Missing character: There is no c (U+0063) in font nullfont!
Missing character: There is no i (U+0069) in font nullfont!
Missing character: There is no e (U+0065) in font nullfont!
Missing character: There is no n (U+006E) in font nullfont!
Missing character: There is no t (U+0074) in font nullfont!
Missing character: There is no e (U+0065) in font nullfont!
Missing character: There is no m (U+006D) in font nullfont!
Missing character: There is no e (U+0065) in font nullfont!
Missing character: There is no n (U+006E) in font nullfont!
Missing character: There is no t (U+0074) in font nullfont!
Missing character: There is no e (U+0065) in font nullfont!
Missing character: There is no g (U+0067) in font nullfont!
Missing character: There is no r (U+0072) in font nullfont!
Missing character: There is no a (U+0061) in font nullfont!
Missing character: There is no n (U+006E) in font nullfont!
Missing character: There is no d (U+0064) in font nullfont!
Missing character: There is no e (U+0065) in font nullfont!
Missing character: There is no : (U+003A) in font nullfont!
Missing character: There is no D (U+0044) in font nullfont!
Missing character: There is no a (U+0061) in font nullfont!
Missing character: There is no d (U+0064) in font nullfont!
Missing character: There is no o (U+006F) in font nullfont!
Missing character: There is no q (U+0071) in font nullfont!
Missing character: There is no u (U+0075) in font nullfont!
Missing character: There is no e (U+0065) in font nullfont!
Missing character: There is no f (U+0066) in font nullfont!
Missing character: There is no u (U+0075) in font nullfont!
Missing character: There is no e (U+0065) in font nullfont!
Missing character: There is no t (U+0074) in font nullfont!
Missing character: There is no o (U+006F) in font nullfont!
Missing character: There is no m (U+006D) in font nullfont!
Missing character: There is no a (U+0061) in font nullfont!
Missing character: There is no d (U+0064) in font nullfont!
Missing character: There is no o (U+006F) in font nullfont!
Missing character: There is no d (U+0064) in font nullfont!
Missing character: There is no e (U+0065) in font nullfont!
Missing character: There is no m (U+006D) in font nullfont!
Missing character: There is no a (U+0061) in font nullfont!
Missing character: There is no n (U+006E) in font nullfont!
Missing character: There is no e (U+0065) in font nullfont!
Missing character: There is no r (U+0072) in font nullfont!
Missing character: There is no a (U+0061) in font nullfont!
Missing character: There is no a (U+0061) in font nullfont!
Missing character: There is no r (U+0072) in font nullfont!
Missing character: There is no b (U+0062) in font nullfont!
Missing character: There is no i (U+0069) in font nullfont!
Missing character: There is no t (U+0074) in font nullfont!
Missing character: There is no r (U+0072) in font nullfont!
Missing character: There is no a (U+0061) in font nullfont!
Missing character: There is no r (U+0072) in font nullfont!
Missing character: There is no i (U+0069) in font nullfont!
Missing character: There is no a (U+0061) in font nullfont!
Missing character: There is no , (U+002C) in font nullfont!
Missing character: There is no c (U+0063) in font nullfont!
Missing character: There is no o (U+006F) in font nullfont!
Missing character: There is no n (U+006E) in font nullfont!
Missing character: There is no c (U+0063) in font nullfont!
Missing character: There is no l (U+006C) in font nullfont!
Missing character: There is no u (U+0075) in font nullfont!
Missing character: There is no i (U+0069) in font nullfont!
Missing character: There is no m (U+006D) in font nullfont!
Missing character: There is no o (U+006F) in font nullfont!
Missing character: There is no s (U+0073) in font nullfont!
Missing character: There is no r (U+0072) in font nullfont!
Missing character: There is no i (U+0069) in font nullfont!
Missing character: There is no g (U+0067) in font nullfont!
Missing character: There is no u (U+0075) in font nullfont!
Missing character: There is no r (U+0072) in font nullfont!
Missing character: There is no o (U+006F) in font nullfont!
Missing character: There is no s (U+0073) in font nullfont!
Missing character: There is no a (U+0061) in font nullfont!
Missing character: There is no m (U+006D) in font nullfont!
Missing character: There is no e (U+0065) in font nullfont!
Missing character: There is no n (U+006E) in font nullfont!
Missing character: There is no t (U+0074) in font nullfont!
Missing character: There is no e (U+0065) in font nullfont!
Missing character: There is no q (U+0071) in font nullfont!
Missing character: There is no u (U+0075) in font nullfont!
Missing character: There is no e (U+0065) in font nullfont!
Missing character: There is no : (U+003A) in font nullfont!
Missing character: There is no F (U+0046) in font nullfont!
Missing character: There is no i (U+0069) in font nullfont!
Missing character: There is no n (U+006E) in font nullfont!
Missing character: There is no a (U+0061) in font nullfont!
Missing character: There is no l (U+006C) in font nullfont!
Missing character: There is no m (U+006D) in font nullfont!
Missing character: There is no e (U+0065) in font nullfont!
Missing character: There is no n (U+006E) in font nullfont!
Missing character: There is no t (U+0074) in font nullfont!
Missing character: There is no e (U+0065) in font nullfont!
Missing character: There is no , (U+002C) in font nullfont!

Overfull \hbox (20.0pt too wide) in paragraph at lines 148--157
[]Finalmente,
 []

Missing character: There is no c (U+0063) in font nullfont!
Missing character: There is no o (U+006F) in font nullfont!
Missing character: There is no m (U+006D) in font nullfont!
Missing character: There is no b (U+0062) in font nullfont!
Missing character: There is no i (U+0069) in font nullfont!
Missing character: There is no n (U+006E) in font nullfont!
Missing character: There is no a (U+0061) in font nullfont!
Missing character: There is no m (U+006D) in font nullfont!
Missing character: There is no o (U+006F) in font nullfont!
Missing character: There is no s (U+0073) in font nullfont!
Missing character: There is no l (U+006C) in font nullfont!
Missing character: There is no a (U+0061) in font nullfont!
Missing character: There is no s (U+0073) in font nullfont!
Missing character: There is no t (U+0074) in font nullfont!
Missing character: There is no r (U+0072) in font nullfont!
Missing character: There is no e (U+0065) in font nullfont!
Missing character: There is no s (U+0073) in font nullfont!
Missing character: There is no a (U+0061) in font nullfont!
Missing character: There is no c (U+0063) in font nullfont!
Missing character: There is no o (U+006F) in font nullfont!
Missing character: There is no t (U+0074) in font nullfont!
Missing character: There is no a (U+0061) in font nullfont!
Missing character: There is no c (U+0063) in font nullfont!
Missing character: There is no i (U+0069) in font nullfont!
Missing character: There is no o (U+006F) in font nullfont!
Missing character: There is no n (U+006E) in font nullfont!
Missing character: There is no e (U+0065) in font nullfont!
Missing character: There is no s (U+0073) in font nullfont!
Missing character: There is no m (U+006D) in font nullfont!
Missing character: There is no e (U+0065) in font nullfont!
Missing character: There is no d (U+0064) in font nullfont!
Missing character: There is no i (U+0069) in font nullfont!
Missing character: There is no a (U+0061) in font nullfont!
Missing character: There is no n (U+006E) in font nullfont!
Missing character: There is no t (U+0074) in font nullfont!
Missing character: There is no e (U+0065) in font nullfont!
Missing character: There is no l (U+006C) in font nullfont!
Missing character: There is no a (U+0061) in font nullfont!
Missing character: There is no d (U+0064) in font nullfont!
Missing character: There is no e (U+0065) in font nullfont!
Missing character: There is no s (U+0073) in font nullfont!
Missing character: There is no i (U+0069) in font nullfont!
Missing character: There is no g (U+0067) in font nullfont!
Missing character: There is no u (U+0075) in font nullfont!
Missing character: There is no a (U+0061) in font nullfont!
Missing character: There is no l (U+006C) in font nullfont!
Missing character: There is no d (U+0064) in font nullfont!
Missing character: There is no a (U+0061) in font nullfont!
Missing character: There is no d (U+0064) in font nullfont!
Missing character: There is no t (U+0074) in font nullfont!
Missing character: There is no r (U+0072) in font nullfont!
Missing character: There is no i (U+0069) in font nullfont!
Missing character: There is no a (U+0061) in font nullfont!
Missing character: There is no n (U+006E) in font nullfont!
Missing character: There is no g (U+0067) in font nullfont!
Missing character: There is no u (U+0075) in font nullfont!
Missing character: There is no l (U+006C) in font nullfont!
Missing character: There is no a (U+0061) in font nullfont!
Missing character: There is no r (U+0072) in font nullfont!
Missing character: There is no p (U+0070) in font nullfont!
Missing character: There is no a (U+0061) in font nullfont!
Missing character: There is no r (U+0072) in font nullfont!
Missing character: There is no a (U+0061) in font nullfont!
Missing character: There is no u (U+0075) in font nullfont!
Missing character: There is no n (U+006E) in font nullfont!

Overfull \hbox (21.98605pt too wide) in paragraph at lines 148--157
\OML/cmm/m/it/10 K \OMS/cmsy/m/n/10 
 []


Overfull \hbox (5.00002pt too wide) in paragraph at lines 148--157
\OT1/cmr/m/n/10 1$
 []

Missing character: There is no f (U+0066) in font nullfont!
Missing character: There is no i (U+0069) in font nullfont!
Missing character: There is no j (U+006A) in font nullfont!
Missing character: There is no o (U+006F) in font nullfont!
Missing character: There is no y (U+0079) in font nullfont!
Missing character: There is no t (U+0074) in font nullfont!
Missing character: There is no o (U+006F) in font nullfont!
Missing character: There is no m (U+006D) in font nullfont!
Missing character: There is no a (U+0061) in font nullfont!
Missing character: There is no n (U+006E) in font nullfont!
Missing character: There is no d (U+0064) in font nullfont!
Missing character: There is no o (U+006F) in font nullfont!
Missing character: There is no u (U+0075) in font nullfont!
Missing character: There is no n (U+006E) in font nullfont!
Missing character: There is no t (U+0074) in font nullfont!
Missing character: There is no i (U+0069) in font nullfont!
Missing character: There is no e (U+0065) in font nullfont!
Missing character: There is no m (U+006D) in font nullfont!
Missing character: There is no p (U+0070) in font nullfont!
Missing character: There is no o (U+006F) in font nullfont!
Missing character: There is no d (U+0064) in font nullfont!
Missing character: There is no e (U+0065) in font nullfont!
Missing character: There is no i (U+0069) in font nullfont!
Missing character: There is no t (U+0074) in font nullfont!
Missing character: There is no e (U+0065) in font nullfont!
Missing character: There is no r (U+0072) in font nullfont!
Missing character: There is no a (U+0061) in font nullfont!
Missing character: There is no c (U+0063) in font nullfont!
Missing character: There is no i (U+0069) in font nullfont!
Missing character: There is no ó (U+00F3) in font nullfont!
Missing character: There is no n (U+006E) in font nullfont!

Overfull \hbox (16.55786pt too wide) in paragraph at lines 148--157
\OML/cmm/m/it/10 n \OMS/cmsy/m/n/10 
 []


Overfull \hbox (29.50697pt too wide) in paragraph at lines 148--157
\OML/cmm/m/it/10 N[]\OT1/cmr/m/n/10 (\OML/cmm/m/it/10 K\OT1/cmr/m/n/10 )$
 []

Missing character: There is no s (U+0073) in font nullfont!
Missing character: There is no u (U+0075) in font nullfont!
Missing character: There is no f (U+0066) in font nullfont!
Missing character: There is no i (U+0069) in font nullfont!
Missing character: There is no c (U+0063) in font nullfont!
Missing character: There is no i (U+0069) in font nullfont!
Missing character: There is no e (U+0065) in font nullfont!
Missing character: There is no n (U+006E) in font nullfont!
Missing character: There is no t (U+0074) in font nullfont!
Missing character: There is no e (U+0065) in font nullfont!
Missing character: There is no m (U+006D) in font nullfont!
Missing character: There is no e (U+0065) in font nullfont!
Missing character: There is no n (U+006E) in font nullfont!
Missing character: There is no t (U+0074) in font nullfont!
Missing character: There is no e (U+0065) in font nullfont!
Missing character: There is no g (U+0067) in font nullfont!
Missing character: There is no r (U+0072) in font nullfont!
Missing character: There is no a (U+0061) in font nullfont!
Missing character: There is no n (U+006E) in font nullfont!
Missing character: There is no d (U+0064) in font nullfont!
Missing character: There is no e (U+0065) in font nullfont!
Missing character: There is no : (U+003A) in font nullfont!

Overfull \hbox (196.19046pt too wide) in paragraph at lines 148--157
[] [] 
 []


Overfull \hbox (7.7778pt too wide) in paragraph at lines 148--157
\OMS/cmsy/m/n/10 
 []


Overfull \hbox (236.72435pt too wide) in paragraph at lines 148--157
[] [] 
 []


Overfull \hbox (7.7778pt too wide) in paragraph at lines 148--157
\OT1/cmr/m/n/10 +
 []


Overfull \hbox (211.60999pt too wide) in paragraph at lines 148--157
[] [] 
 []


Overfull \hbox (7.7778pt too wide) in paragraph at lines 148--157
\OT1/cmr/m/n/10 +
 []


Overfull \hbox (171.0761pt too wide) in paragraph at lines 148--157
[] [] 
 []


Overfull \hbox (7.7778pt too wide) in paragraph at lines 148--157
\OML/cmm/m/it/10 <
 []


Overfull \hbox (12.44098pt too wide) in paragraph at lines 148--157
\OML/cmm/m/it/10 " \OT1/cmr/m/n/10 +
 []


Overfull \hbox (12.44098pt too wide) in paragraph at lines 148--157
\OML/cmm/m/it/10 " \OT1/cmr/m/n/10 +
 []


Overfull \hbox (15.21869pt too wide) in paragraph at lines 148--157
\OML/cmm/m/it/10 " \OT1/cmr/m/n/10 =
 []


Overfull \hbox (9.6632pt too wide) in paragraph at lines 148--157
\OT1/cmr/m/n/10 3\OML/cmm/m/it/10 "$
 []

Missing character: There is no D (U+0044) in font nullfont!
Missing character: There is no a (U+0061) in font nullfont!
Missing character: There is no d (U+0064) in font nullfont!
Missing character: There is no o (U+006F) in font nullfont!
Missing character: There is no q (U+0071) in font nullfont!
Missing character: There is no u (U+0075) in font nullfont!
Missing character: There is no e (U+0065) in font nullfont!

Overfull \hbox (15.21869pt too wide) in paragraph at lines 148--157
\OML/cmm/m/it/10 " >
 []


Overfull \hbox (5.00002pt too wide) in paragraph at lines 148--157
\OT1/cmr/m/n/10 0$
 []

Missing character: There is no f (U+0066) in font nullfont!
Missing character: There is no u (U+0075) in font nullfont!
Missing character: There is no e (U+0065) in font nullfont!
Missing character: There is no t (U+0074) in font nullfont!
Missing character: There is no o (U+006F) in font nullfont!
Missing character: There is no m (U+006D) in font nullfont!
Missing character: There is no a (U+0061) in font nullfont!
Missing character: There is no d (U+0064) in font nullfont!
Missing character: There is no o (U+006F) in font nullfont!
Missing character: There is no d (U+0064) in font nullfont!
Missing character: There is no e (U+0065) in font nullfont!
Missing character: There is no m (U+006D) in font nullfont!
Missing character: There is no a (U+0061) in font nullfont!
Missing character: There is no n (U+006E) in font nullfont!
Missing character: There is no e (U+0065) in font nullfont!
Missing character: There is no r (U+0072) in font nullfont!
Missing character: There is no a (U+0061) in font nullfont!
Missing character: There is no a (U+0061) in font nullfont!
Missing character: There is no r (U+0072) in font nullfont!
Missing character: There is no b (U+0062) in font nullfont!
Missing character: There is no i (U+0069) in font nullfont!
Missing character: There is no t (U+0074) in font nullfont!
Missing character: There is no r (U+0072) in font nullfont!
Missing character: There is no a (U+0061) in font nullfont!
Missing character: There is no r (U+0072) in font nullfont!
Missing character: There is no i (U+0069) in font nullfont!
Missing character: There is no a (U+0061) in font nullfont!
Missing character: There is no , (U+002C) in font nullfont!
Missing character: There is no c (U+0063) in font nullfont!
Missing character: There is no o (U+006F) in font nullfont!
Missing character: There is no n (U+006E) in font nullfont!
Missing character: There is no c (U+0063) in font nullfont!
Missing character: There is no l (U+006C) in font nullfont!
Missing character: There is no u (U+0075) in font nullfont!
Missing character: There is no i (U+0069) in font nullfont!
Missing character: There is no m (U+006D) in font nullfont!
Missing character: There is no o (U+006F) in font nullfont!
Missing character: There is no s (U+0073) in font nullfont!
Missing character: There is no r (U+0072) in font nullfont!
Missing character: There is no i (U+0069) in font nullfont!
Missing character: There is no g (U+0067) in font nullfont!
Missing character: There is no u (U+0075) in font nullfont!
Missing character: There is no r (U+0072) in font nullfont!
Missing character: There is no o (U+006F) in font nullfont!
Missing character: There is no s (U+0073) in font nullfont!
Missing character: There is no a (U+0061) in font nullfont!
Missing character: There is no m (U+006D) in font nullfont!
Missing character: There is no e (U+0065) in font nullfont!
Missing character: There is no n (U+006E) in font nullfont!
Missing character: There is no t (U+0074) in font nullfont!
Missing character: There is no e (U+0065) in font nullfont!
Missing character: There is no q (U+0071) in font nullfont!
Missing character: There is no u (U+0075) in font nullfont!
Missing character: There is no e (U+0065) in font nullfont!
Missing character: There is no : (U+003A) in font nullfont!

Overfull \hbox (314.16248pt too wide) detected at line 157
[] [] [] [][]\OT1/cmr/m/n/10 (\OML/cmm/m/it/10 ' \OMS/cmsy/m/n/10  \OML/cmm/m/
it/10 f[]\OT1/cmr/m/n/10 )\OML/cmm/m/it/10   d \OT1/cmr/m/n/10 = [] [] \OML/cm
m/m/it/10 ; \OMS/cmsy/m/n/10 8\OML/cmm/m/it/10 ' \OMS/cmsy/m/n/10 2 L[]\OML/cmm
/m/it/10 ;  \OMS/cmsy/m/n/10 8\OML/cmm/m/it/10   \OMS/cmsy/m/n/10 2 L[]
 []


! LaTeX Error: \begin{document} ended by \end{proof}.

See the LaTeX manual or LaTeX Companion for explanation.
Type  H <return>  for immediate help.
 ...                                              
                                                  
l.159 \end{proof}
                 
Your command was ignored.
Type  I <command> <return>  to replace it with another command,
or  <return>  to continue without it.

Missing character: There is no c (U+0063) in font nullfont!
Missing character: There is no e (U+0065) in font nullfont!
Missing character: There is no r (U+0072) in font nullfont!
Missing character: There is no r (U+0072) in font nullfont!
Missing character: There is no a (U+0061) in font nullfont!
Missing character: There is no n (U+006E) in font nullfont!
Missing character: There is no d (U+0064) in font nullfont!
Missing character: There is no o (U+006F) in font nullfont!
Missing character: There is no a (U+0061) in font nullfont!
Missing character: There is no s (U+0073) in font nullfont!
Missing character: There is no í (U+00ED) in font nullfont!
Missing character: There is no l (U+006C) in font nullfont!
Missing character: There is no a (U+0061) in font nullfont!
Missing character: There is no e (U+0065) in font nullfont!
Missing character: There is no q (U+0071) in font nullfont!
Missing character: There is no u (U+0075) in font nullfont!
Missing character: There is no i (U+0069) in font nullfont!
Missing character: There is no v (U+0076) in font nullfont!
Missing character: There is no a (U+0061) in font nullfont!
Missing character: There is no l (U+006C) in font nullfont!
Missing character: There is no e (U+0065) in font nullfont!
Missing character: There is no n (U+006E) in font nullfont!
Missing character: There is no c (U+0063) in font nullfont!
Missing character: There is no i (U+0069) in font nullfont!
Missing character: There is no a (U+0061) in font nullfont!
Missing character: There is no d (U+0064) in font nullfont!
Missing character: There is no e (U+0065) in font nullfont!
Missing character: There is no l (U+006C) in font nullfont!
Missing character: There is no t (U+0074) in font nullfont!
Missing character: There is no e (U+0065) in font nullfont!
Missing character: There is no o (U+006F) in font nullfont!
Missing character: There is no r (U+0072) in font nullfont!
Missing character: There is no e (U+0065) in font nullfont!
Missing character: There is no m (U+006D) in font nullfont!
Missing character: There is no a (U+0061) in font nullfont!
Missing character: There is no . (U+002E) in font nullfont!
Missing character: There is no c (U+0063) in font nullfont!
Missing character: There is no e (U+0065) in font nullfont!
Missing character: There is no r (U+0072) in font nullfont!
Missing character: There is no r (U+0072) in font nullfont!
Missing character: There is no a (U+0061) in font nullfont!
Missing character: There is no n (U+006E) in font nullfont!
Missing character: There is no d (U+0064) in font nullfont!
Missing character: There is no o (U+006F) in font nullfont!
Missing character: There is no a (U+0061) in font nullfont!
Missing character: There is no s (U+0073) in font nullfont!
Missing character: There is no í (U+00ED) in font nullfont!
Missing character: There is no l (U+006C) in font nullfont!
Missing character: There is no a (U+0061) in font nullfont!
Missing character: There is no e (U+0065) in font nullfont!
Missing character: There is no q (U+0071) in font nullfont!
Missing character: There is no u (U+0075) in font nullfont!
Missing character: There is no i (U+0069) in font nullfont!
Missing character: There is no v (U+0076) in font nullfont!
Missing character: There is no a (U+0061) in font nullfont!
Missing character: There is no l (U+006C) in font nullfont!
Missing character: There is no e (U+0065) in font nullfont!
Missing character: There is no n (U+006E) in font nullfont!
Missing character: There is no c (U+0063) in font nullfont!
Missing character: There is no i (U+0069) in font nullfont!
Missing character: There is no a (U+0061) in font nullfont!
Missing character: There is no d (U+0064) in font nullfont!
Missing character: There is no e (U+0065) in font nullfont!
Missing character: There is no l (U+006C) in font nullfont!
Missing character: There is no t (U+0074) in font nullfont!
Missing character: There is no e (U+0065) in font nullfont!
Missing character: There is no o (U+006F) in font nullfont!
Missing character: There is no r (U+0072) in font nullfont!
Missing character: There is no e (U+0065) in font nullfont!
Missing character: There is no m (U+006D) in font nullfont!
Missing character: There is no a (U+0061) in font nullfont!
Missing character: There is no . (U+002E) in font nullfont!

! LaTeX Error: Environment corolario undefined.

See the LaTeX manual or LaTeX Companion for explanation.
Type  H <return>  for immediate help.
 ...                                              
                                                  
l.161 \begin{corolario}
                       [Caracterización por subconjuntos densos y álgebras...
Your command was ignored.
Type  I <command> <return>  to replace it with another command,
or  <return>  to continue without it.

Missing character: There is no [ (U+005B) in font nullfont!
Missing character: There is no C (U+0043) in font nullfont!
Missing character: There is no a (U+0061) in font nullfont!
Missing character: There is no r (U+0072) in font nullfont!
Missing character: There is no a (U+0061) in font nullfont!
Missing character: There is no c (U+0063) in font nullfont!
Missing character: There is no t (U+0074) in font nullfont!
Missing character: There is no e (U+0065) in font nullfont!
Missing character: There is no r (U+0072) in font nullfont!
Missing character: There is no i (U+0069) in font nullfont!
Missing character: There is no z (U+007A) in font nullfont!
Missing character: There is no a (U+0061) in font nullfont!
Missing character: There is no c (U+0063) in font nullfont!
Missing character: There is no i (U+0069) in font nullfont!
Missing character: There is no ó (U+00F3) in font nullfont!
Missing character: There is no n (U+006E) in font nullfont!
Missing character: There is no [ (U+005B) in font nullfont!
Missing character: There is no C (U+0043) in font nullfont!
Missing character: There is no a (U+0061) in font nullfont!
Missing character: There is no r (U+0072) in font nullfont!
Missing character: There is no a (U+0061) in font nullfont!
Missing character: There is no c (U+0063) in font nullfont!
Missing character: There is no t (U+0074) in font nullfont!
Missing character: There is no e (U+0065) in font nullfont!
Missing character: There is no r (U+0072) in font nullfont!
Missing character: There is no i (U+0069) in font nullfont!
Missing character: There is no z (U+007A) in font nullfont!
Missing character: There is no a (U+0061) in font nullfont!
Missing character: There is no c (U+0063) in font nullfont!
Missing character: There is no i (U+0069) in font nullfont!
Missing character: There is no ó (U+00F3) in font nullfont!
Missing character: There is no n (U+006E) in font nullfont!
Missing character: There is no p (U+0070) in font nullfont!
Missing character: There is no o (U+006F) in font nullfont!
Missing character: There is no r (U+0072) in font nullfont!
Missing character: There is no s (U+0073) in font nullfont!
Missing character: There is no u (U+0075) in font nullfont!
Missing character: There is no b (U+0062) in font nullfont!
Missing character: There is no c (U+0063) in font nullfont!
Missing character: There is no o (U+006F) in font nullfont!
Missing character: There is no n (U+006E) in font nullfont!
Missing character: There is no j (U+006A) in font nullfont!
Missing character: There is no u (U+0075) in font nullfont!
Missing character: There is no n (U+006E) in font nullfont!
Missing character: There is no t (U+0074) in font nullfont!
Missing character: There is no o (U+006F) in font nullfont!
Missing character: There is no s (U+0073) in font nullfont!
Missing character: There is no d (U+0064) in font nullfont!
Missing character: There is no e (U+0065) in font nullfont!
Missing character: There is no n (U+006E) in font nullfont!
Missing character: There is no s (U+0073) in font nullfont!
Missing character: There is no o (U+006F) in font nullfont!
Missing character: There is no s (U+0073) in font nullfont!
Missing character: There is no y (U+0079) in font nullfont!
Missing character: There is no á (U+00E1) in font nullfont!
Missing character: There is no l (U+006C) in font nullfont!
Missing character: There is no g (U+0067) in font nullfont!
Missing character: There is no e (U+0065) in font nullfont!
Missing character: There is no b (U+0062) in font nullfont!
Missing character: There is no r (U+0072) in font nullfont!
Missing character: There is no a (U+0061) in font nullfont!
Missing character: There is no s (U+0073) in font nullfont!
Missing character: There is no g (U+0067) in font nullfont!
Missing character: There is no e (U+0065) in font nullfont!
Missing character: There is no n (U+006E) in font nullfont!
Missing character: There is no e (U+0065) in font nullfont!
Missing character: There is no r (U+0072) in font nullfont!
Missing character: There is no a (U+0061) in font nullfont!
Missing character: There is no d (U+0064) in font nullfont!
Missing character: There is no o (U+006F) in font nullfont!
Missing character: There is no r (U+0072) in font nullfont!
Missing character: There is no a (U+0061) in font nullfont!
Missing character: There is no s (U+0073) in font nullfont!
Missing character: There is no ] (U+005D) in font nullfont!
Missing character: There is no S (U+0053) in font nullfont!
Missing character: There is no e (U+0065) in font nullfont!
Missing character: There is no a (U+0061) in font nullfont!
Missing character: There is no u (U+0075) in font nullfont!
Missing character: There is no n (U+006E) in font nullfont!
Missing character: There is no e (U+0065) in font nullfont!
Missing character: There is no s (U+0073) in font nullfont!
Missing character: There is no p (U+0070) in font nullfont!
Missing character: There is no a (U+0061) in font nullfont!
Missing character: There is no c (U+0063) in font nullfont!
Missing character: There is no i (U+0069) in font nullfont!
Missing character: There is no o (U+006F) in font nullfont!
Missing character: There is no d (U+0064) in font nullfont!
Missing character: There is no e (U+0065) in font nullfont!
Missing character: There is no p (U+0070) in font nullfont!
Missing character: There is no r (U+0072) in font nullfont!
Missing character: There is no o (U+006F) in font nullfont!
Missing character: There is no b (U+0062) in font nullfont!
Missing character: There is no a (U+0061) in font nullfont!
Missing character: There is no b (U+0062) in font nullfont!
Missing character: There is no i (U+0069) in font nullfont!
Missing character: There is no l (U+006C) in font nullfont!
Missing character: There is no i (U+0069) in font nullfont!
Missing character: There is no d (U+0064) in font nullfont!
Missing character: There is no a (U+0061) in font nullfont!
Missing character: There is no d (U+0064) in font nullfont!
Missing character: There is no y (U+0079) in font nullfont!
Missing character: There is no u (U+0075) in font nullfont!
Missing character: There is no n (U+006E) in font nullfont!
Missing character: There is no a (U+0061) in font nullfont!
Missing character: There is no a (U+0061) in font nullfont!
Missing character: There is no p (U+0070) in font nullfont!
Missing character: There is no l (U+006C) in font nullfont!
Missing character: There is no i (U+0069) in font nullfont!
Missing character: There is no c (U+0063) in font nullfont!
Missing character: There is no a (U+0061) in font nullfont!
Missing character: There is no c (U+0063) in font nullfont!
Missing character: There is no i (U+0069) in font nullfont!
Missing character: There is no ó (U+00F3) in font nullfont!
Missing character: There is no n (U+006E) in font nullfont!
Missing character: There is no m (U+006D) in font nullfont!
Missing character: There is no e (U+0065) in font nullfont!
Missing character: There is no d (U+0064) in font nullfont!
Missing character: There is no i (U+0069) in font nullfont!
Missing character: There is no b (U+0062) in font nullfont!
Missing character: There is no l (U+006C) in font nullfont!
Missing character: There is no e (U+0065) in font nullfont!
Missing character: There is no q (U+0071) in font nullfont!
Missing character: There is no u (U+0075) in font nullfont!
Missing character: There is no e (U+0065) in font nullfont!
Missing character: There is no p (U+0070) in font nullfont!
Missing character: There is no r (U+0072) in font nullfont!
Missing character: There is no e (U+0065) in font nullfont!
Missing character: There is no s (U+0073) in font nullfont!
Missing character: There is no e (U+0065) in font nullfont!
Missing character: There is no r (U+0072) in font nullfont!
Missing character: There is no v (U+0076) in font nullfont!
Missing character: There is no a (U+0061) in font nullfont!
Missing character: There is no . (U+002E) in font nullfont!
Missing character: There is no E (U+0045) in font nullfont!
Missing character: There is no n (U+006E) in font nullfont!
Missing character: There is no t (U+0074) in font nullfont!
Missing character: There is no o (U+006F) in font nullfont!
Missing character: There is no n (U+006E) in font nullfont!
Missing character: There is no c (U+0063) in font nullfont!
Missing character: There is no e (U+0065) in font nullfont!
Missing character: There is no s (U+0073) in font nullfont!
Missing character: There is no s (U+0073) in font nullfont!
Missing character: There is no o (U+006F) in font nullfont!
Missing character: There is no n (U+006E) in font nullfont!
Missing character: There is no e (U+0065) in font nullfont!
Missing character: There is no q (U+0071) in font nullfont!
Missing character: There is no u (U+0075) in font nullfont!
Missing character: There is no i (U+0069) in font nullfont!
Missing character: There is no v (U+0076) in font nullfont!
Missing character: There is no a (U+0061) in font nullfont!
Missing character: There is no l (U+006C) in font nullfont!
Missing character: There is no e (U+0065) in font nullfont!
Missing character: There is no n (U+006E) in font nullfont!
Missing character: There is no t (U+0074) in font nullfont!
Missing character: There is no e (U+0065) in font nullfont!
Missing character: There is no s (U+0073) in font nullfont!
Missing character: There is no : (U+003A) in font nullfont!
Missing character: There is no [ (U+005B) in font nullfont!
Missing character: There is no C (U+0043) in font nullfont!
Missing character: There is no a (U+0061) in font nullfont!
Missing character: There is no r (U+0072) in font nullfont!
Missing character: There is no a (U+0061) in font nullfont!
Missing character: There is no c (U+0063) in font nullfont!
Missing character: There is no t (U+0074) in font nullfont!
Missing character: There is no e (U+0065) in font nullfont!
Missing character: There is no r (U+0072) in font nullfont!
Missing character: There is no i (U+0069) in font nullfont!
Missing character: There is no z (U+007A) in font nullfont!
Missing character: There is no a (U+0061) in font nullfont!
Missing character: There is no c (U+0063) in font nullfont!
Missing character: There is no i (U+0069) in font nullfont!
Missing character: There is no ó (U+00F3) in font nullfont!
Missing character: There is no n (U+006E) in font nullfont!

Overfull \hbox (20.0pt too wide) in paragraph at lines 161--163
[][Caracterización
 []

Missing character: There is no p (U+0070) in font nullfont!
Missing character: There is no o (U+006F) in font nullfont!
Missing character: There is no r (U+0072) in font nullfont!
Missing character: There is no s (U+0073) in font nullfont!
Missing character: There is no u (U+0075) in font nullfont!
Missing character: There is no b (U+0062) in font nullfont!
Missing character: There is no c (U+0063) in font nullfont!
Missing character: There is no o (U+006F) in font nullfont!
Missing character: There is no n (U+006E) in font nullfont!
Missing character: There is no j (U+006A) in font nullfont!
Missing character: There is no u (U+0075) in font nullfont!
Missing character: There is no n (U+006E) in font nullfont!
Missing character: There is no t (U+0074) in font nullfont!
Missing character: There is no o (U+006F) in font nullfont!
Missing character: There is no s (U+0073) in font nullfont!
Missing character: There is no d (U+0064) in font nullfont!
Missing character: There is no e (U+0065) in font nullfont!
Missing character: There is no n (U+006E) in font nullfont!
Missing character: There is no s (U+0073) in font nullfont!
Missing character: There is no o (U+006F) in font nullfont!
Missing character: There is no s (U+0073) in font nullfont!
Missing character: There is no y (U+0079) in font nullfont!
Missing character: There is no á (U+00E1) in font nullfont!
Missing character: There is no l (U+006C) in font nullfont!
Missing character: There is no g (U+0067) in font nullfont!
Missing character: There is no e (U+0065) in font nullfont!
Missing character: There is no b (U+0062) in font nullfont!
Missing character: There is no r (U+0072) in font nullfont!
Missing character: There is no a (U+0061) in font nullfont!
Missing character: There is no s (U+0073) in font nullfont!
Missing character: There is no g (U+0067) in font nullfont!
Missing character: There is no e (U+0065) in font nullfont!
Missing character: There is no n (U+006E) in font nullfont!
Missing character: There is no e (U+0065) in font nullfont!
Missing character: There is no r (U+0072) in font nullfont!
Missing character: There is no a (U+0061) in font nullfont!
Missing character: There is no d (U+0064) in font nullfont!
Missing character: There is no o (U+006F) in font nullfont!
Missing character: There is no r (U+0072) in font nullfont!
Missing character: There is no a (U+0061) in font nullfont!
Missing character: There is no s (U+0073) in font nullfont!
Missing character: There is no ] (U+005D) in font nullfont!
Missing character: There is no S (U+0053) in font nullfont!
Missing character: There is no e (U+0065) in font nullfont!
Missing character: There is no a (U+0061) in font nullfont!

Overfull \hbox (39.80042pt too wide) in paragraph at lines 161--163
\OT1/cmr/m/n/10 (\OML/cmm/m/it/10 M; \OMS/cmsy/m/n/10 B\OML/cmm/m/it/10 ; \OT1
/cmr/m/n/10 )$
 []

Missing character: There is no u (U+0075) in font nullfont!
Missing character: There is no n (U+006E) in font nullfont!
Missing character: There is no e (U+0065) in font nullfont!
Missing character: There is no s (U+0073) in font nullfont!
Missing character: There is no p (U+0070) in font nullfont!
Missing character: There is no a (U+0061) in font nullfont!
Missing character: There is no c (U+0063) in font nullfont!
Missing character: There is no i (U+0069) in font nullfont!
Missing character: There is no o (U+006F) in font nullfont!
Missing character: There is no d (U+0064) in font nullfont!
Missing character: There is no e (U+0065) in font nullfont!
Missing character: There is no p (U+0070) in font nullfont!
Missing character: There is no r (U+0072) in font nullfont!
Missing character: There is no o (U+006F) in font nullfont!
Missing character: There is no b (U+0062) in font nullfont!
Missing character: There is no a (U+0061) in font nullfont!
Missing character: There is no b (U+0062) in font nullfont!
Missing character: There is no i (U+0069) in font nullfont!
Missing character: There is no l (U+006C) in font nullfont!
Missing character: There is no i (U+0069) in font nullfont!
Missing character: There is no d (U+0064) in font nullfont!
Missing character: There is no a (U+0061) in font nullfont!
Missing character: There is no d (U+0064) in font nullfont!
Missing character: There is no y (U+0079) in font nullfont!

Overfull \hbox (11.52776pt too wide) in paragraph at lines 161--163
\OML/cmm/m/it/10 f \OT1/cmr/m/n/10 :
 []


Overfull \hbox (23.56938pt too wide) in paragraph at lines 161--163
\OML/cmm/m/it/10 M \OMS/cmsy/m/n/10 !
 []


Overfull \hbox (10.79166pt too wide) in paragraph at lines 161--163
\OML/cmm/m/it/10 M$
 []

Missing character: There is no u (U+0075) in font nullfont!
Missing character: There is no n (U+006E) in font nullfont!
Missing character: There is no a (U+0061) in font nullfont!
Missing character: There is no a (U+0061) in font nullfont!
Missing character: There is no p (U+0070) in font nullfont!
Missing character: There is no l (U+006C) in font nullfont!
Missing character: There is no i (U+0069) in font nullfont!
Missing character: There is no c (U+0063) in font nullfont!
Missing character: There is no a (U+0061) in font nullfont!
Missing character: There is no c (U+0063) in font nullfont!
Missing character: There is no i (U+0069) in font nullfont!
Missing character: There is no ó (U+00F3) in font nullfont!
Missing character: There is no n (U+006E) in font nullfont!
Missing character: There is no m (U+006D) in font nullfont!
Missing character: There is no e (U+0065) in font nullfont!
Missing character: There is no d (U+0064) in font nullfont!
Missing character: There is no i (U+0069) in font nullfont!
Missing character: There is no b (U+0062) in font nullfont!
Missing character: There is no l (U+006C) in font nullfont!
Missing character: There is no e (U+0065) in font nullfont!
Missing character: There is no q (U+0071) in font nullfont!
Missing character: There is no u (U+0075) in font nullfont!
Missing character: There is no e (U+0065) in font nullfont!
Missing character: There is no p (U+0070) in font nullfont!
Missing character: There is no r (U+0072) in font nullfont!
Missing character: There is no e (U+0065) in font nullfont!
Missing character: There is no s (U+0073) in font nullfont!
Missing character: There is no e (U+0065) in font nullfont!
Missing character: There is no r (U+0072) in font nullfont!
Missing character: There is no v (U+0076) in font nullfont!
Missing character: There is no a (U+0061) in font nullfont!
Missing character: There is no . (U+002E) in font nullfont!

Overfull \hbox (6.02548pt too wide) in paragraph at lines 161--163
\OML/cmm/m/it/10 $\nullfont .
 []

Missing character: There is no E (U+0045) in font nullfont!
Missing character: There is no n (U+006E) in font nullfont!
Missing character: There is no t (U+0074) in font nullfont!
Missing character: There is no o (U+006F) in font nullfont!
Missing character: There is no n (U+006E) in font nullfont!
Missing character: There is no c (U+0063) in font nullfont!
Missing character: There is no e (U+0065) in font nullfont!
Missing character: There is no s (U+0073) in font nullfont!
Missing character: There is no s (U+0073) in font nullfont!
Missing character: There is no o (U+006F) in font nullfont!
Missing character: There is no n (U+006E) in font nullfont!
Missing character: There is no e (U+0065) in font nullfont!
Missing character: There is no q (U+0071) in font nullfont!
Missing character: There is no u (U+0075) in font nullfont!
Missing character: There is no i (U+0069) in font nullfont!
Missing character: There is no v (U+0076) in font nullfont!
Missing character: There is no a (U+0061) in font nullfont!
Missing character: There is no l (U+006C) in font nullfont!
Missing character: There is no e (U+0065) in font nullfont!
Missing character: There is no n (U+006E) in font nullfont!
Missing character: There is no t (U+0074) in font nullfont!
Missing character: There is no e (U+0065) in font nullfont!
Missing character: There is no s (U+0073) in font nullfont!
Missing character: There is no : (U+003A) in font nullfont!

! LaTeX Error: Something's wrong--perhaps a missing \item.

See the LaTeX manual or LaTeX Companion for explanation.
Type  H <return>  for immediate help.
 ...                                              
                                                  
l.164 		\item L
               a medida $\mu$ es ergódica respecto a $f$.
Try typing  <return>  to proceed.
If that doesn't work, type  X <return>  to quit.

Missing character: There is no [ (U+005B) in font nullfont!
Missing character: There is no 1 (U+0031) in font nullfont!
Missing character: There is no ) (U+0029) in font nullfont!
Missing character: There is no ] (U+005D) in font nullfont!
Missing character: There is no [ (U+005B) in font nullfont!
Missing character: There is no 1 (U+0031) in font nullfont!
Missing character: There is no ) (U+0029) in font nullfont!
Missing character: There is no ] (U+005D) in font nullfont!
Missing character: There is no L (U+004C) in font nullfont!
Missing character: There is no a (U+0061) in font nullfont!
Missing character: There is no m (U+006D) in font nullfont!
Missing character: There is no e (U+0065) in font nullfont!
Missing character: There is no d (U+0064) in font nullfont!
Missing character: There is no i (U+0069) in font nullfont!
Missing character: There is no d (U+0064) in font nullfont!
Missing character: There is no a (U+0061) in font nullfont!
Missing character: There is no L (U+004C) in font nullfont!
Missing character: There is no a (U+0061) in font nullfont!
Missing character: There is no m (U+006D) in font nullfont!
Missing character: There is no e (U+0065) in font nullfont!
Missing character: There is no d (U+0064) in font nullfont!
Missing character: There is no i (U+0069) in font nullfont!
Missing character: There is no d (U+0064) in font nullfont!
Missing character: There is no a (U+0061) in font nullfont!
Missing character: There is no e (U+0065) in font nullfont!
Missing character: There is no s (U+0073) in font nullfont!
Missing character: There is no e (U+0065) in font nullfont!
Missing character: There is no r (U+0072) in font nullfont!
Missing character: There is no g (U+0067) in font nullfont!
Missing character: There is no ó (U+00F3) in font nullfont!
Missing character: There is no d (U+0064) in font nullfont!
Missing character: There is no i (U+0069) in font nullfont!
Missing character: There is no c (U+0063) in font nullfont!
Missing character: There is no a (U+0061) in font nullfont!
Missing character: There is no r (U+0072) in font nullfont!
Missing character: There is no e (U+0065) in font nullfont!
Missing character: There is no s (U+0073) in font nullfont!
Missing character: There is no p (U+0070) in font nullfont!
Missing character: There is no e (U+0065) in font nullfont!
Missing character: There is no c (U+0063) in font nullfont!
Missing character: There is no t (U+0074) in font nullfont!
Missing character: There is no o (U+006F) in font nullfont!
Missing character: There is no a (U+0061) in font nullfont!
Missing character: There is no . (U+002E) in font nullfont!
Missing character: There is no L (U+004C) in font nullfont!
Missing character: There is no a (U+0061) in font nullfont!
Missing character: There is no m (U+006D) in font nullfont!
Missing character: There is no e (U+0065) in font nullfont!
Missing character: There is no d (U+0064) in font nullfont!
Missing character: There is no i (U+0069) in font nullfont!
Missing character: There is no d (U+0064) in font nullfont!
Missing character: There is no a (U+0061) in font nullfont!

Overfull \hbox (6.02548pt too wide) in paragraph at lines 164--165
\OML/cmm/m/it/10 $
 []

Missing character: There is no e (U+0065) in font nullfont!
Missing character: There is no s (U+0073) in font nullfont!
Missing character: There is no e (U+0065) in font nullfont!
Missing character: There is no r (U+0072) in font nullfont!
Missing character: There is no g (U+0067) in font nullfont!
Missing character: There is no ó (U+00F3) in font nullfont!
Missing character: There is no d (U+0064) in font nullfont!
Missing character: There is no i (U+0069) in font nullfont!
Missing character: There is no c (U+0063) in font nullfont!
Missing character: There is no a (U+0061) in font nullfont!
Missing character: There is no r (U+0072) in font nullfont!
Missing character: There is no e (U+0065) in font nullfont!
Missing character: There is no s (U+0073) in font nullfont!
Missing character: There is no p (U+0070) in font nullfont!
Missing character: There is no e (U+0065) in font nullfont!
Missing character: There is no c (U+0063) in font nullfont!
Missing character: There is no t (U+0074) in font nullfont!
Missing character: There is no o (U+006F) in font nullfont!
Missing character: There is no a (U+0061) in font nullfont!
Missing character: There is no . (U+002E) in font nullfont!

Overfull \hbox (5.97226pt too wide) in paragraph at lines 164--165
\OML/cmm/m/it/10 f$\nullfont . 
 []

Missing character: There is no L (U+004C) in font nullfont!
Missing character: There is no a (U+0061) in font nullfont!
Missing character: There is no c (U+0063) in font nullfont!
Missing character: There is no o (U+006F) in font nullfont!
Missing character: There is no n (U+006E) in font nullfont!
Missing character: There is no d (U+0064) in font nullfont!
Missing character: There is no i (U+0069) in font nullfont!
Missing character: There is no c (U+0063) in font nullfont!
Missing character: There is no i (U+0069) in font nullfont!
Missing character: There is no ó (U+00F3) in font nullfont!
Missing character: There is no n (U+006E) in font nullfont!
Missing character: There is no s (U+0073) in font nullfont!
Missing character: There is no o (U+006F) in font nullfont!
Missing character: There is no b (U+0062) in font nullfont!
Missing character: There is no r (U+0072) in font nullfont!
Missing character: There is no e (U+0065) in font nullfont!
Missing character: There is no c (U+0063) in font nullfont!
Missing character: There is no o (U+006F) in font nullfont!
Missing character: There is no n (U+006E) in font nullfont!
Missing character: There is no j (U+006A) in font nullfont!
Missing character: There is no u (U+0075) in font nullfont!
Missing character: There is no n (U+006E) in font nullfont!
Missing character: There is no t (U+0074) in font nullfont!
Missing character: There is no o (U+006F) in font nullfont!
Missing character: There is no s (U+0073) in font nullfont!
Missing character: There is no L (U+004C) in font nullfont!
Missing character: There is no a (U+0061) in font nullfont!
Missing character: There is no c (U+0063) in font nullfont!
Missing character: There is no o (U+006F) in font nullfont!
Missing character: There is no n (U+006E) in font nullfont!
Missing character: There is no d (U+0064) in font nullfont!
Missing character: There is no i (U+0069) in font nullfont!
Missing character: There is no c (U+0063) in font nullfont!
Missing character: There is no i (U+0069) in font nullfont!
Missing character: There is no ó (U+00F3) in font nullfont!
Missing character: There is no n (U+006E) in font nullfont!
Missing character: There is no s (U+0073) in font nullfont!
Missing character: There is no o (U+006F) in font nullfont!
Missing character: There is no b (U+0062) in font nullfont!
Missing character: There is no r (U+0072) in font nullfont!
Missing character: There is no e (U+0065) in font nullfont!
Missing character: There is no c (U+0063) in font nullfont!
Missing character: There is no o (U+006F) in font nullfont!
Missing character: There is no n (U+006E) in font nullfont!
Missing character: There is no j (U+006A) in font nullfont!
Missing character: There is no u (U+0075) in font nullfont!
Missing character: There is no n (U+006E) in font nullfont!
Missing character: There is no t (U+0074) in font nullfont!
Missing character: There is no o (U+006F) in font nullfont!
Missing character: There is no s (U+0073) in font nullfont!
Missing character: There is no e (U+0065) in font nullfont!
Missing character: There is no s (U+0073) in font nullfont!
Missing character: There is no v (U+0076) in font nullfont!
Missing character: There is no á (U+00E1) in font nullfont!
Missing character: There is no l (U+006C) in font nullfont!
Missing character: There is no i (U+0069) in font nullfont!
Missing character: There is no d (U+0064) in font nullfont!
Missing character: There is no a (U+0061) in font nullfont!
Missing character: There is no p (U+0070) in font nullfont!
Missing character: There is no a (U+0061) in font nullfont!
Missing character: There is no r (U+0072) in font nullfont!
Missing character: There is no a (U+0061) in font nullfont!
Missing character: There is no t (U+0074) in font nullfont!
Missing character: There is no o (U+006F) in font nullfont!
Missing character: There is no d (U+0064) in font nullfont!
Missing character: There is no o (U+006F) in font nullfont!
Missing character: There is no p (U+0070) in font nullfont!
Missing character: There is no a (U+0061) in font nullfont!
Missing character: There is no r (U+0072) in font nullfont!
Missing character: There is no , (U+002C) in font nullfont!
Missing character: There is no d (U+0064) in font nullfont!
Missing character: There is no o (U+006F) in font nullfont!
Missing character: There is no n (U+006E) in font nullfont!
Missing character: There is no d (U+0064) in font nullfont!
Missing character: There is no e (U+0065) in font nullfont!
Missing character: There is no e (U+0065) in font nullfont!
Missing character: There is no s (U+0073) in font nullfont!
Missing character: There is no u (U+0075) in font nullfont!
Missing character: There is no n (U+006E) in font nullfont!
Missing character: There is no á (U+00E1) in font nullfont!
Missing character: There is no l (U+006C) in font nullfont!
Missing character: There is no g (U+0067) in font nullfont!
Missing character: There is no e (U+0065) in font nullfont!
Missing character: There is no b (U+0062) in font nullfont!
Missing character: There is no r (U+0072) in font nullfont!
Missing character: There is no a (U+0061) in font nullfont!
Missing character: There is no q (U+0071) in font nullfont!
Missing character: There is no u (U+0075) in font nullfont!
Missing character: There is no e (U+0065) in font nullfont!
Missing character: There is no g (U+0067) in font nullfont!
Missing character: There is no e (U+0065) in font nullfont!
Missing character: There is no n (U+006E) in font nullfont!
Missing character: There is no e (U+0065) in font nullfont!
Missing character: There is no r (U+0072) in font nullfont!
Missing character: There is no a (U+0061) in font nullfont!
Missing character: There is no l (U+006C) in font nullfont!
Missing character: There is no a (U+0061) in font nullfont!
Missing character: There is no - (U+002D) in font nullfont!
Missing character: There is no - (U+002D) in font nullfont!
Missing character: There is no - (U+002D) in font nullfont!
Missing character: There is no á (U+00E1) in font nullfont!
Missing character: There is no l (U+006C) in font nullfont!
Missing character: There is no g (U+0067) in font nullfont!
Missing character: There is no e (U+0065) in font nullfont!
Missing character: There is no b (U+0062) in font nullfont!
Missing character: There is no r (U+0072) in font nullfont!
Missing character: There is no a (U+0061) in font nullfont!
Missing character: There is no d (U+0064) in font nullfont!
Missing character: There is no e (U+0065) in font nullfont!
Missing character: There is no B (U+0042) in font nullfont!
Missing character: There is no o (U+006F) in font nullfont!
Missing character: There is no r (U+0072) in font nullfont!
Missing character: There is no e (U+0065) in font nullfont!
Missing character: There is no l (U+006C) in font nullfont!
Missing character: There is no ( (U+0028) in font nullfont!
Missing character: There is no e (U+0065) in font nullfont!
Missing character: There is no s (U+0073) in font nullfont!
Missing character: There is no d (U+0064) in font nullfont!
Missing character: There is no e (U+0065) in font nullfont!
Missing character: There is no c (U+0063) in font nullfont!
Missing character: There is no i (U+0069) in font nullfont!
Missing character: There is no r (U+0072) in font nullfont!
Missing character: There is no , (U+002C) in font nullfont!
Missing character: There is no ) (U+0029) in font nullfont!
Missing character: There is no . (U+002E) in font nullfont!
Missing character: There is no L (U+004C) in font nullfont!
Missing character: There is no a (U+0061) in font nullfont!
Missing character: There is no c (U+0063) in font nullfont!
Missing character: There is no o (U+006F) in font nullfont!
Missing character: There is no n (U+006E) in font nullfont!
Missing character: There is no d (U+0064) in font nullfont!
Missing character: There is no i (U+0069) in font nullfont!
Missing character: There is no c (U+0063) in font nullfont!
Missing character: There is no i (U+0069) in font nullfont!
Missing character: There is no ó (U+00F3) in font nullfont!
Missing character: There is no n (U+006E) in font nullfont!
Missing character: There is no s (U+0073) in font nullfont!
Missing character: There is no o (U+006F) in font nullfont!
Missing character: There is no b (U+0062) in font nullfont!
Missing character: There is no r (U+0072) in font nullfont!
Missing character: There is no e (U+0065) in font nullfont!
Missing character: There is no c (U+0063) in font nullfont!
Missing character: There is no o (U+006F) in font nullfont!
Missing character: There is no n (U+006E) in font nullfont!
Missing character: There is no j (U+006A) in font nullfont!
Missing character: There is no u (U+0075) in font nullfont!
Missing character: There is no n (U+006E) in font nullfont!
Missing character: There is no t (U+0074) in font nullfont!
Missing character: There is no o (U+006F) in font nullfont!
Missing character: There is no s (U+0073) in font nullfont!

Overfull \hbox (8.18056pt too wide) in paragraph at lines 165--166
\OML/cmm/m/it/10 b\OT1/cmr/m/n/10 )$
 []

Missing character: There is no e (U+0065) in font nullfont!
Missing character: There is no s (U+0073) in font nullfont!
Missing character: There is no v (U+0076) in font nullfont!
Missing character: There is no á (U+00E1) in font nullfont!
Missing character: There is no l (U+006C) in font nullfont!
Missing character: There is no i (U+0069) in font nullfont!
Missing character: There is no d (U+0064) in font nullfont!
Missing character: There is no a (U+0061) in font nullfont!
Missing character: There is no p (U+0070) in font nullfont!
Missing character: There is no a (U+0061) in font nullfont!
Missing character: There is no r (U+0072) in font nullfont!
Missing character: There is no a (U+0061) in font nullfont!
Missing character: There is no t (U+0074) in font nullfont!
Missing character: There is no o (U+006F) in font nullfont!
Missing character: There is no d (U+0064) in font nullfont!
Missing character: There is no o (U+006F) in font nullfont!
Missing character: There is no p (U+0070) in font nullfont!
Missing character: There is no a (U+0061) in font nullfont!
Missing character: There is no r (U+0072) in font nullfont!

Overfull \hbox (29.47563pt too wide) in paragraph at lines 165--166
\OML/cmm/m/it/10 A; B \OMS/cmsy/m/n/10 2
 []

Missing character: There is no , (U+002C) in font nullfont!

Overfull \hbox (7.98471pt too wide) in paragraph at lines 165--166
\OMS/cmsy/m/n/10 A$\nullfont ,
 []

Missing character: There is no d (U+0064) in font nullfont!
Missing character: There is no o (U+006F) in font nullfont!
Missing character: There is no n (U+006E) in font nullfont!
Missing character: There is no d (U+0064) in font nullfont!
Missing character: There is no e (U+0065) in font nullfont!

Overfull \hbox (18.54022pt too wide) in paragraph at lines 165--166
\OMS/cmsy/m/n/10 A 
 []


Overfull \hbox (6.87221pt too wide) in paragraph at lines 165--166
\OMS/cmsy/m/n/10 B$
 []

Missing character: There is no e (U+0065) in font nullfont!
Missing character: There is no s (U+0073) in font nullfont!
Missing character: There is no u (U+0075) in font nullfont!
Missing character: There is no n (U+006E) in font nullfont!
Missing character: There is no á (U+00E1) in font nullfont!
Missing character: There is no l (U+006C) in font nullfont!
Missing character: There is no g (U+0067) in font nullfont!
Missing character: There is no e (U+0065) in font nullfont!
Missing character: There is no b (U+0062) in font nullfont!
Missing character: There is no r (U+0072) in font nullfont!
Missing character: There is no a (U+0061) in font nullfont!
Missing character: There is no q (U+0071) in font nullfont!
Missing character: There is no u (U+0075) in font nullfont!
Missing character: There is no e (U+0065) in font nullfont!
Missing character: There is no g (U+0067) in font nullfont!
Missing character: There is no e (U+0065) in font nullfont!
Missing character: There is no n (U+006E) in font nullfont!
Missing character: There is no e (U+0065) in font nullfont!
Missing character: There is no r (U+0072) in font nullfont!
Missing character: There is no a (U+0061) in font nullfont!
Missing character: There is no l (U+006C) in font nullfont!
Missing character: There is no a (U+0061) in font nullfont!
Missing character: There is no - (U+002D) in font nullfont!

Overfull \hbox (6.0729pt too wide) in paragraph at lines 165--166
\OML/cmm/m/it/10 $\nullfont -
 []

Missing character: There is no á (U+00E1) in font nullfont!
Missing character: There is no l (U+006C) in font nullfont!
Missing character: There is no g (U+0067) in font nullfont!
Missing character: There is no e (U+0065) in font nullfont!
Missing character: There is no b (U+0062) in font nullfont!
Missing character: There is no r (U+0072) in font nullfont!
Missing character: There is no a (U+0061) in font nullfont!
Missing character: There is no d (U+0064) in font nullfont!
Missing character: There is no e (U+0065) in font nullfont!
Missing character: There is no B (U+0042) in font nullfont!
Missing character: There is no o (U+006F) in font nullfont!
Missing character: There is no r (U+0072) in font nullfont!
Missing character: There is no e (U+0065) in font nullfont!
Missing character: There is no l (U+006C) in font nullfont!
Missing character: There is no ( (U+0028) in font nullfont!
Missing character: There is no e (U+0065) in font nullfont!
Missing character: There is no s (U+0073) in font nullfont!
Missing character: There is no d (U+0064) in font nullfont!
Missing character: There is no e (U+0065) in font nullfont!
Missing character: There is no c (U+0063) in font nullfont!
Missing character: There is no i (U+0069) in font nullfont!
Missing character: There is no r (U+0072) in font nullfont!
Missing character: There is no , (U+002C) in font nullfont!

Overfull \hbox (32.39093pt too wide) in paragraph at lines 165--166
\OML/cmm/m/it/10 \OT1/cmr/m/n/10 (\OMS/cmsy/m/n/10 A\OT1/cmr/m/n/10 ) =
 []

Missing character: There is no ) (U+0029) in font nullfont!
Missing character: There is no . (U+002E) in font nullfont!

Overfull \hbox (6.87221pt too wide) in paragraph at lines 165--166
\OMS/cmsy/m/n/10 B$\nullfont ). 
 []

Missing character: There is no L (U+004C) in font nullfont!
Missing character: There is no a (U+0061) in font nullfont!
Missing character: There is no c (U+0063) in font nullfont!
Missing character: There is no o (U+006F) in font nullfont!
Missing character: There is no n (U+006E) in font nullfont!
Missing character: There is no d (U+0064) in font nullfont!
Missing character: There is no i (U+0069) in font nullfont!
Missing character: There is no c (U+0063) in font nullfont!
Missing character: There is no i (U+0069) in font nullfont!
Missing character: There is no ó (U+00F3) in font nullfont!
Missing character: There is no n (U+006E) in font nullfont!
Missing character: There is no d (U+0064) in font nullfont!
Missing character: There is no e (U+0065) in font nullfont!
Missing character: There is no p (U+0070) in font nullfont!
Missing character: There is no r (U+0072) in font nullfont!
Missing character: There is no o (U+006F) in font nullfont!
Missing character: There is no m (U+006D) in font nullfont!
Missing character: There is no e (U+0065) in font nullfont!
Missing character: There is no d (U+0064) in font nullfont!
Missing character: There is no i (U+0069) in font nullfont!
Missing character: There is no o (U+006F) in font nullfont!
Missing character: There is no s (U+0073) in font nullfont!
Missing character: There is no f (U+0066) in font nullfont!
Missing character: There is no u (U+0075) in font nullfont!
Missing character: There is no n (U+006E) in font nullfont!
Missing character: There is no c (U+0063) in font nullfont!
Missing character: There is no i (U+0069) in font nullfont!
Missing character: There is no o (U+006F) in font nullfont!
Missing character: There is no n (U+006E) in font nullfont!
Missing character: There is no a (U+0061) in font nullfont!
Missing character: There is no l (U+006C) in font nullfont!
Missing character: There is no e (U+0065) in font nullfont!
Missing character: There is no s (U+0073) in font nullfont!
Missing character: There is no L (U+004C) in font nullfont!
Missing character: There is no a (U+0061) in font nullfont!
Missing character: There is no c (U+0063) in font nullfont!
Missing character: There is no o (U+006F) in font nullfont!
Missing character: There is no n (U+006E) in font nullfont!
Missing character: There is no d (U+0064) in font nullfont!
Missing character: There is no i (U+0069) in font nullfont!
Missing character: There is no c (U+0063) in font nullfont!
Missing character: There is no i (U+0069) in font nullfont!
Missing character: There is no ó (U+00F3) in font nullfont!
Missing character: There is no n (U+006E) in font nullfont!
Missing character: There is no d (U+0064) in font nullfont!
Missing character: There is no e (U+0065) in font nullfont!
Missing character: There is no p (U+0070) in font nullfont!
Missing character: There is no r (U+0072) in font nullfont!
Missing character: There is no o (U+006F) in font nullfont!
Missing character: There is no m (U+006D) in font nullfont!
Missing character: There is no e (U+0065) in font nullfont!
Missing character: There is no d (U+0064) in font nullfont!
Missing character: There is no i (U+0069) in font nullfont!
Missing character: There is no o (U+006F) in font nullfont!
Missing character: There is no s (U+0073) in font nullfont!
Missing character: There is no f (U+0066) in font nullfont!
Missing character: There is no u (U+0075) in font nullfont!
Missing character: There is no n (U+006E) in font nullfont!
Missing character: There is no c (U+0063) in font nullfont!
Missing character: There is no i (U+0069) in font nullfont!
Missing character: There is no o (U+006F) in font nullfont!
Missing character: There is no n (U+006E) in font nullfont!
Missing character: There is no a (U+0061) in font nullfont!
Missing character: There is no l (U+006C) in font nullfont!
Missing character: There is no e (U+0065) in font nullfont!
Missing character: There is no s (U+0073) in font nullfont!
Missing character: There is no e (U+0065) in font nullfont!
Missing character: There is no s (U+0073) in font nullfont!
Missing character: There is no v (U+0076) in font nullfont!
Missing character: There is no á (U+00E1) in font nullfont!
Missing character: There is no l (U+006C) in font nullfont!
Missing character: There is no i (U+0069) in font nullfont!
Missing character: There is no d (U+0064) in font nullfont!
Missing character: There is no a (U+0061) in font nullfont!
Missing character: There is no p (U+0070) in font nullfont!
Missing character: There is no a (U+0061) in font nullfont!
Missing character: There is no r (U+0072) in font nullfont!
Missing character: There is no a (U+0061) in font nullfont!
Missing character: There is no t (U+0074) in font nullfont!
Missing character: There is no o (U+006F) in font nullfont!
Missing character: There is no d (U+0064) in font nullfont!
Missing character: There is no o (U+006F) in font nullfont!
Missing character: There is no p (U+0070) in font nullfont!
Missing character: There is no a (U+0061) in font nullfont!
Missing character: There is no r (U+0072) in font nullfont!
Missing character: There is no d (U+0064) in font nullfont!
Missing character: There is no e (U+0065) in font nullfont!
Missing character: There is no f (U+0066) in font nullfont!
Missing character: There is no u (U+0075) in font nullfont!
Missing character: There is no n (U+006E) in font nullfont!
Missing character: There is no c (U+0063) in font nullfont!
Missing character: There is no i (U+0069) in font nullfont!
Missing character: There is no o (U+006F) in font nullfont!
Missing character: There is no n (U+006E) in font nullfont!
Missing character: There is no e (U+0065) in font nullfont!
Missing character: There is no s (U+0073) in font nullfont!
Missing character: There is no y (U+0079) in font nullfont!
Missing character: There is no , (U+002C) in font nullfont!
Missing character: There is no d (U+0064) in font nullfont!
Missing character: There is no o (U+006F) in font nullfont!
Missing character: There is no n (U+006E) in font nullfont!
Missing character: There is no d (U+0064) in font nullfont!
Missing character: There is no e (U+0065) in font nullfont!
Missing character: There is no e (U+0065) in font nullfont!
Missing character: There is no s (U+0073) in font nullfont!
Missing character: There is no u (U+0075) in font nullfont!
Missing character: There is no n (U+006E) in font nullfont!
Missing character: There is no s (U+0073) in font nullfont!
Missing character: There is no u (U+0075) in font nullfont!
Missing character: There is no b (U+0062) in font nullfont!
Missing character: There is no c (U+0063) in font nullfont!
Missing character: There is no o (U+006F) in font nullfont!
Missing character: There is no n (U+006E) in font nullfont!
Missing character: There is no j (U+006A) in font nullfont!
Missing character: There is no u (U+0075) in font nullfont!
Missing character: There is no n (U+006E) in font nullfont!
Missing character: There is no t (U+0074) in font nullfont!
Missing character: There is no o (U+006F) in font nullfont!
Missing character: There is no d (U+0064) in font nullfont!
Missing character: There is no e (U+0065) in font nullfont!
Missing character: There is no n (U+006E) in font nullfont!
Missing character: There is no s (U+0073) in font nullfont!
Missing character: There is no o (U+006F) in font nullfont!
Missing character: There is no e (U+0065) in font nullfont!
Missing character: There is no n (U+006E) in font nullfont!
Missing character: There is no y (U+0079) in font nullfont!
Missing character: There is no e (U+0065) in font nullfont!
Missing character: There is no s (U+0073) in font nullfont!
Missing character: There is no u (U+0075) in font nullfont!
Missing character: There is no n (U+006E) in font nullfont!
Missing character: There is no s (U+0073) in font nullfont!
Missing character: There is no u (U+0075) in font nullfont!
Missing character: There is no b (U+0062) in font nullfont!
Missing character: There is no c (U+0063) in font nullfont!
Missing character: There is no o (U+006F) in font nullfont!
Missing character: There is no n (U+006E) in font nullfont!
Missing character: There is no j (U+006A) in font nullfont!
Missing character: There is no u (U+0075) in font nullfont!
Missing character: There is no n (U+006E) in font nullfont!
Missing character: There is no t (U+0074) in font nullfont!
Missing character: There is no o (U+006F) in font nullfont!
Missing character: There is no d (U+0064) in font nullfont!
Missing character: There is no e (U+0065) in font nullfont!
Missing character: There is no n (U+006E) in font nullfont!
Missing character: There is no s (U+0073) in font nullfont!
Missing character: There is no o (U+006F) in font nullfont!
Missing character: There is no e (U+0065) in font nullfont!
Missing character: There is no n (U+006E) in font nullfont!
Missing character: There is no . (U+002E) in font nullfont!
Missing character: There is no L (U+004C) in font nullfont!
Missing character: There is no a (U+0061) in font nullfont!
Missing character: There is no c (U+0063) in font nullfont!
Missing character: There is no o (U+006F) in font nullfont!
Missing character: There is no n (U+006E) in font nullfont!
Missing character: There is no d (U+0064) in font nullfont!
Missing character: There is no i (U+0069) in font nullfont!
Missing character: There is no c (U+0063) in font nullfont!
Missing character: There is no i (U+0069) in font nullfont!
Missing character: There is no ó (U+00F3) in font nullfont!
Missing character: There is no n (U+006E) in font nullfont!
Missing character: There is no d (U+0064) in font nullfont!
Missing character: There is no e (U+0065) in font nullfont!
Missing character: There is no p (U+0070) in font nullfont!
Missing character: There is no r (U+0072) in font nullfont!
Missing character: There is no o (U+006F) in font nullfont!
Missing character: There is no m (U+006D) in font nullfont!
Missing character: There is no e (U+0065) in font nullfont!
Missing character: There is no d (U+0064) in font nullfont!
Missing character: There is no i (U+0069) in font nullfont!
Missing character: There is no o (U+006F) in font nullfont!
Missing character: There is no s (U+0073) in font nullfont!
Missing character: There is no f (U+0066) in font nullfont!
Missing character: There is no u (U+0075) in font nullfont!
Missing character: There is no n (U+006E) in font nullfont!
Missing character: There is no c (U+0063) in font nullfont!
Missing character: There is no i (U+0069) in font nullfont!
Missing character: There is no o (U+006F) in font nullfont!
Missing character: There is no n (U+006E) in font nullfont!
Missing character: There is no a (U+0061) in font nullfont!
Missing character: There is no l (U+006C) in font nullfont!
Missing character: There is no e (U+0065) in font nullfont!
Missing character: There is no s (U+0073) in font nullfont!

Overfull \hbox (8.21646pt too wide) in paragraph at lines 166--167
\OML/cmm/m/it/10 c\OT1/cmr/m/n/10 )$
 []

Missing character: There is no e (U+0065) in font nullfont!
Missing character: There is no s (U+0073) in font nullfont!
Missing character: There is no v (U+0076) in font nullfont!
Missing character: There is no á (U+00E1) in font nullfont!
Missing character: There is no l (U+006C) in font nullfont!
Missing character: There is no i (U+0069) in font nullfont!
Missing character: There is no d (U+0064) in font nullfont!
Missing character: There is no a (U+0061) in font nullfont!
Missing character: There is no p (U+0070) in font nullfont!
Missing character: There is no a (U+0061) in font nullfont!
Missing character: There is no r (U+0072) in font nullfont!
Missing character: There is no a (U+0061) in font nullfont!
Missing character: There is no t (U+0074) in font nullfont!
Missing character: There is no o (U+006F) in font nullfont!
Missing character: There is no d (U+0064) in font nullfont!
Missing character: There is no o (U+006F) in font nullfont!
Missing character: There is no p (U+0070) in font nullfont!
Missing character: There is no a (U+0061) in font nullfont!
Missing character: There is no r (U+0072) in font nullfont!
Missing character: There is no d (U+0064) in font nullfont!
Missing character: There is no e (U+0065) in font nullfont!
Missing character: There is no f (U+0066) in font nullfont!
Missing character: There is no u (U+0075) in font nullfont!
Missing character: There is no n (U+006E) in font nullfont!
Missing character: There is no c (U+0063) in font nullfont!
Missing character: There is no i (U+0069) in font nullfont!
Missing character: There is no o (U+006F) in font nullfont!
Missing character: There is no n (U+006E) in font nullfont!
Missing character: There is no e (U+0065) in font nullfont!
Missing character: There is no s (U+0073) in font nullfont!

Overfull \hbox (15.98607pt too wide) in paragraph at lines 166--167
\OML/cmm/m/it/10 ' \OMS/cmsy/m/n/10 2
 []


Overfull \hbox (10.61807pt too wide) in paragraph at lines 166--167
\OML/cmm/m/it/10 S[]$
 []

Missing character: There is no y (U+0079) in font nullfont!

Overfull \hbox (16.3171pt too wide) in paragraph at lines 166--167
\OML/cmm/m/it/10   \OMS/cmsy/m/n/10 2
 []

Missing character: There is no , (U+002C) in font nullfont!

Overfull \hbox (10.61807pt too wide) in paragraph at lines 166--167
\OML/cmm/m/it/10 S[]$\nullfont ,
 []

Missing character: There is no d (U+0064) in font nullfont!
Missing character: There is no o (U+006F) in font nullfont!
Missing character: There is no n (U+006E) in font nullfont!
Missing character: There is no d (U+0064) in font nullfont!
Missing character: There is no e (U+0065) in font nullfont!

Overfull \hbox (10.61807pt too wide) in paragraph at lines 166--167
\OML/cmm/m/it/10 S[]$
 []

Missing character: There is no e (U+0065) in font nullfont!
Missing character: There is no s (U+0073) in font nullfont!
Missing character: There is no u (U+0075) in font nullfont!
Missing character: There is no n (U+006E) in font nullfont!
Missing character: There is no s (U+0073) in font nullfont!
Missing character: There is no u (U+0075) in font nullfont!
Missing character: There is no b (U+0062) in font nullfont!
Missing character: There is no c (U+0063) in font nullfont!
Missing character: There is no o (U+006F) in font nullfont!
Missing character: There is no n (U+006E) in font nullfont!
Missing character: There is no j (U+006A) in font nullfont!
Missing character: There is no u (U+0075) in font nullfont!
Missing character: There is no n (U+006E) in font nullfont!
Missing character: There is no t (U+0074) in font nullfont!
Missing character: There is no o (U+006F) in font nullfont!
Missing character: There is no d (U+0064) in font nullfont!
Missing character: There is no e (U+0065) in font nullfont!
Missing character: There is no n (U+006E) in font nullfont!
Missing character: There is no s (U+0073) in font nullfont!
Missing character: There is no o (U+006F) in font nullfont!
Missing character: There is no e (U+0065) in font nullfont!
Missing character: There is no n (U+006E) in font nullfont!

Overfull \hbox (51.32pt too wide) in paragraph at lines 166--167
\OMS/cmsy/m/n/10 L[]\OT1/cmr/m/n/10 (\OML/cmm/m/it/10 M; \OMS/cmsy/m/n/10 B\OML
/cmm/m/it/10 ; \OT1/cmr/m/n/10 )$
 []

Missing character: There is no y (U+0079) in font nullfont!

Overfull \hbox (10.61807pt too wide) in paragraph at lines 166--167
\OML/cmm/m/it/10 S[]$
 []

Missing character: There is no e (U+0065) in font nullfont!
Missing character: There is no s (U+0073) in font nullfont!
Missing character: There is no u (U+0075) in font nullfont!
Missing character: There is no n (U+006E) in font nullfont!
Missing character: There is no s (U+0073) in font nullfont!
Missing character: There is no u (U+0075) in font nullfont!
Missing character: There is no b (U+0062) in font nullfont!
Missing character: There is no c (U+0063) in font nullfont!
Missing character: There is no o (U+006F) in font nullfont!
Missing character: There is no n (U+006E) in font nullfont!
Missing character: There is no j (U+006A) in font nullfont!
Missing character: There is no u (U+0075) in font nullfont!
Missing character: There is no n (U+006E) in font nullfont!
Missing character: There is no t (U+0074) in font nullfont!
Missing character: There is no o (U+006F) in font nullfont!
Missing character: There is no d (U+0064) in font nullfont!
Missing character: There is no e (U+0065) in font nullfont!
Missing character: There is no n (U+006E) in font nullfont!
Missing character: There is no s (U+0073) in font nullfont!
Missing character: There is no o (U+006F) in font nullfont!
Missing character: There is no e (U+0065) in font nullfont!
Missing character: There is no n (U+006E) in font nullfont!
Missing character: There is no . (U+002E) in font nullfont!

Overfull \hbox (51.114pt too wide) in paragraph at lines 166--167
\OMS/cmsy/m/n/10 L[]\OT1/cmr/m/n/10 (\OML/cmm/m/it/10 M; \OMS/cmsy/m/n/10 B\OML
/cmm/m/it/10 ; \OT1/cmr/m/n/10 )$\nullfont . 
 []


! LaTeX Error: \begin{document} ended by \end{corolario}.

See the LaTeX manual or LaTeX Companion for explanation.
Type  H <return>  for immediate help.
 ...                                              
                                                  
l.168 \end{corolario}
                     
Your command was ignored.
Type  I <command> <return>  to replace it with another command,
or  <return>  to continue without it.

)
! Emergency stop.
<*> Semana12.tex
                
*** (job aborted, no legal \end found)



Here is how much of LuaTeX's memory you used:
 61 strings out of 475704
 100000,662416 words of node,token memory allocated 65238 words of node memory still in use:
   1114 hlist, 87 vlist, 31 rule, 6 disc, 30 local_par, 1 dir, 98 math, 1903 glu
e, 403 kern, 273 penalty, 4968 glyph, 503 attribute, 39 glue_spec, 503 attribute
_list, 3 write nodes
   avail lists: 2:2,3:127,4:23,5:11,6:20,7:338,8:144,10:22
 22982 multiletter control sequences out of 65536+600000
 26 fonts using 1476743 bytes
 22i,8n,23p,396b,214s stack positions out of 10000i,1000n,20000p,200000b,200000s
!  ==> Fatal error occurred, no output PDF file produced!
